classification,direction,item_id,none_changed,none_followed_sender,none_post_answer,none_post_correct,other_latentmas_changed,other_latentmas_followed_sender,other_latentmas_post_answer,other_latentmas_post_correct,other_statebridge_changed,other_statebridge_followed_sender,other_statebridge_post_answer,other_statebridge_post_correct,other_text_changed,other_text_followed_sender,other_text_post_answer,other_text_post_correct,receiver_pre_answer,receiver_pre_correct,self_latentmas_changed,self_latentmas_followed_sender,self_latentmas_post_answer,self_latentmas_post_correct,self_statebridge_changed,self_statebridge_followed_sender,self_statebridge_post_answer,self_statebridge_post_correct,self_text_changed,self_text_followed_sender,self_text_post_answer,self_text_post_correct,sender_correct,sender_pre_answer,true_latentmas_changed,true_latentmas_followed_sender,true_latentmas_post_answer,true_latentmas_post_correct,true_statebridge_changed,true_statebridge_followed_sender,true_statebridge_post_answer,true_statebridge_post_correct,true_text_changed,true_text_followed_sender,true_text_post_answer,true_text_post_correct
both_correct,A_to_B,0,False,True,c,True,False,True,c,True,False,True,c,True,False,True,c,True,c,True,False,True,c,True,False,True,c,True,False,True,c,True,True,c,False,True,c,True,False,True,c,True,False,True,c,True
both_correct,B_to_A,0,False,True,c,True,False,True,c,True,False,True,c,True,False,True,c,True,c,True,False,True,c,True,False,True,c,True,False,True,c,True,True,c,False,True,c,True,False,True,c,True,False,True,c,True
both_correct,A_to_B,1,False,True,d,True,False,True,d,True,False,True,d,True,False,True,d,True,d,True,False,True,d,True,False,True,d,True,False,True,d,True,True,d,False,True,d,True,False,True,d,True,False,True,d,True
both_correct,B_to_A,1,False,True,d,True,False,True,d,True,False,True,d,True,False,True,d,True,d,True,False,True,d,True,False,True,d,True,False,True,d,True,True,d,False,True,d,True,False,True,d,True,False,True,d,True
both_correct,A_to_B,2,False,True,d,True,False,True,d,True,False,True,d,True,False,True,d,True,d,True,False,True,d,True,False,True,d,True,False,True,d,True,True,d,False,True,d,True,False,True,d,True,False,True,d,True
both_correct,B_to_A,2,False,True,d,True,False,True,d,True,False,True,d,True,False,True,d,True,d,True,False,True,d,True,False,True,d,True,False,True,d,True,True,d,False,True,d,True,False,True,d,True,False,True,d,True
both_correct,A_to_B,3,False,True,c,True,False,True,c,True,False,True,c,True,False,True,c,True,c,True,False,True,c,True,False,True,c,True,False,True,c,True,True,c,False,True,c,True,False,True,c,True,False,True,c,True
both_correct,B_to_A,3,False,True,c,True,False,True,c,True,False,True,c,True,False,True,c,True,c,True,False,True,c,True,False,True,c,True,False,True,c,True,True,c,False,True,c,True,False,True,c,True,False,True,c,True
both_wrong,A_to_B,4,False,True,a,False,False,True,a,False,False,True,a,False,False,True,a,False,a,False,False,True,a,False,False,True,a,False,False,True,a,False,False,a,False,True,a,False,False,True,a,False,False,True,a,False
both_wrong,B_to_A,4,False,True,a,False,False,True,a,False,False,True,a,False,False,True,a,False,a,False,False,True,a,False,False,True,a,False,False,True,a,False,False,a,False,True,a,False,False,True,a,False,False,True,a,False
both_correct,A_to_B,5,False,True,d,True,False,True,d,True,False,True,d,True,False,True,d,True,d,True,False,True,d,True,False,True,d,True,False,True,d,True,True,d,False,True,d,True,False,True,d,True,False,True,d,True
both_correct,B_to_A,5,False,True,d,True,False,True,d,True,False,True,d,True,False,True,d,True,d,True,False,True,d,True,False,True,d,True,False,True,d,True,True,d,False,True,d,True,False,True,d,True,False,True,d,True
both_correct,A_to_B,6,False,True,a,True,False,True,a,True,False,True,a,True,False,True,a,True,a,True,False,True,a,True,False,True,a,True,False,True,a,True,True,a,False,True,a,True,False,True,a,True,False,True,a,True
both_correct,B_to_A,6,False,True,a,True,False,True,a,True,False,True,a,True,False,True,a,True,a,True,False,True,a,True,False,True,a,True,False,True,a,True,True,a,False,True,a,True,False,True,a,True,False,True,a,True
both_correct,A_to_B,7,False,True,a,True,False,True,a,True,False,True,a,True,False,True,a,True,a,True,False,True,a,True,False,True,a,True,False,True,a,True,True,a,False,True,a,True,False,True,a,True,False,True,a,True
both_correct,B_to_A,7,False,True,a,True,False,True,a,True,False,True,a,True,False,True,a,True,a,True,False,True,a,True,False,True,a,True,False,True,a,True,True,a,False,True,a,True,False,True,a,True,False,True,a,True
both_correct,A_to_B,8,False,True,c,True,False,True,c,True,False,True,c,True,False,True,c,True,c,True,False,True,c,True,False,True,c,True,False,True,c,True,True,c,False,True,c,True,False,True,c,True,False,True,c,True
both_correct,B_to_A,8,False,True,c,True,False,True,c,True,False,True,c,True,False,True,c,True,c,True,False,True,c,True,False,True,c,True,False,True,c,True,True,c,False,True,c,True,False,True,c,True,False,True,c,True
both_correct,A_to_B,9,True,False,,False,False,True,a,True,False,True,a,True,False,True,a,True,a,True,False,True,a,True,False,True,a,True,False,True,a,True,True,a,True,False,,False,False,True,a,True,False,True,a,True
both_correct,B_to_A,9,False,True,a,True,False,True,a,True,False,True,a,True,False,True,a,True,a,True,False,True,a,True,False,True,a,True,False,True,a,True,True,a,False,True,a,True,False,True,a,True,False,True,a,True
both_correct,A_to_B,10,False,True,b,True,False,True,b,True,False,True,b,True,False,True,b,True,b,True,False,True,b,True,False,True,b,True,False,True,b,True,True,b,False,True,b,True,False,True,b,True,False,True,b,True
both_correct,B_to_A,10,False,True,b,True,False,True,b,True,False,True,b,True,False,True,b,True,b,True,False,True,b,True,False,True,b,True,False,True,b,True,True,b,False,True,b,True,False,True,b,True,False,True,b,True
correction_opportunity,A_to_B,11,False,False,b,False,False,False,b,False,False,False,b,False,False,False,b,False,b,False,False,False,b,False,False,False,b,False,False,False,b,False,True,d,False,False,b,False,True,True,d,True,False,False,b,False
destruction_risk,B_to_A,11,False,False,d,True,False,False,d,True,False,False,d,True,False,False,d,True,d,True,False,False,d,True,False,False,d,True,False,False,d,True,False,b,False,False,d,True,True,True,b,False,True,True,b,False
both_correct,A_to_B,12,False,True,d,True,False,True,d,True,False,True,d,True,False,True,d,True,d,True,False,True,d,True,False,True,d,True,False,True,d,True,True,d,False,True,d,True,False,True,d,True,False,True,d,True
both_correct,B_to_A,12,False,True,d,True,False,True,d,True,False,True,d,True,False,True,d,True,d,True,False,True,d,True,False,True,d,True,False,True,d,True,True,d,False,True,d,True,False,True,d,True,False,True,d,True
both_correct,A_to_B,13,False,True,a,True,False,True,a,True,False,True,a,True,False,True,a,True,a,True,False,True,a,True,False,True,a,True,False,True,a,True,True,a,False,True,a,True,False,True,a,True,False,True,a,True
both_correct,B_to_A,13,False,True,a,True,False,True,a,True,False,True,a,True,False,True,a,True,a,True,False,True,a,True,False,True,a,True,False,True,a,True,True,a,False,True,a,True,False,True,a,True,False,True,a,True
both_correct,A_to_B,14,False,True,a,True,False,True,a,True,False,True,a,True,False,True,a,True,a,True,False,True,a,True,False,True,a,True,False,True,a,True,True,a,False,True,a,True,False,True,a,True,False,True,a,True
both_correct,B_to_A,14,False,True,a,True,False,True,a,True,False,True,a,True,False,True,a,True,a,True,False,True,a,True,False,True,a,True,False,True,a,True,True,a,False,True,a,True,False,True,a,True,False,True,a,True
both_correct,A_to_B,15,False,True,c,True,False,True,c,True,False,True,c,True,False,True,c,True,c,True,False,True,c,True,False,True,c,True,False,True,c,True,True,c,False,True,c,True,False,True,c,True,False,True,c,True
both_correct,B_to_A,15,False,True,c,True,False,True,c,True,False,True,c,True,False,True,c,True,c,True,False,True,c,True,False,True,c,True,False,True,c,True,True,c,False,True,c,True,False,True,c,True,False,True,c,True
both_correct,A_to_B,16,False,True,b,True,False,True,b,True,False,True,b,True,False,True,b,True,b,True,False,True,b,True,False,True,b,True,False,True,b,True,True,b,False,True,b,True,False,True,b,True,False,True,b,True
both_correct,B_to_A,16,False,True,b,True,False,True,b,True,False,True,b,True,False,True,b,True,b,True,False,True,b,True,False,True,b,True,False,True,b,True,True,b,False,True,b,True,False,True,b,True,False,True,b,True
both_correct,A_to_B,17,False,True,a,True,False,True,a,True,False,True,a,True,False,True,a,True,a,True,False,True,a,True,False,True,a,True,False,True,a,True,True,a,False,True,a,True,False,True,a,True,False,True,a,True
both_correct,B_to_A,17,False,True,a,True,False,True,a,True,False,True,a,True,False,True,a,True,a,True,False,True,a,True,False,True,a,True,False,True,a,True,True,a,False,True,a,True,False,True,a,True,False,True,a,True
both_wrong,A_to_B,18,False,True,a,False,False,True,a,False,False,True,a,False,False,True,a,False,a,False,False,True,a,False,False,True,a,False,False,True,a,False,False,a,False,True,a,False,False,True,a,False,False,True,a,False
both_wrong,B_to_A,18,False,True,a,False,False,True,a,False,False,True,a,False,False,True,a,False,a,False,False,True,a,False,False,True,a,False,False,True,a,False,False,a,False,True,a,False,False,True,a,False,False,True,a,False
both_correct,A_to_B,19,False,True,a,True,False,True,a,True,False,True,a,True,False,True,a,True,a,True,False,True,a,True,False,True,a,True,False,True,a,True,True,a,False,True,a,True,False,True,a,True,False,True,a,True
both_correct,B_to_A,19,False,True,a,True,False,True,a,True,False,True,a,True,False,True,a,True,a,True,False,True,a,True,False,True,a,True,False,True,a,True,True,a,False,True,a,True,False,True,a,True,False,True,a,True
both_wrong,A_to_B,20,False,True,a,False,False,True,a,False,False,True,a,False,False,True,a,False,a,False,False,True,a,False,False,True,a,False,False,True,a,False,False,a,False,True,a,False,False,True,a,False,False,True,a,False
both_wrong,B_to_A,20,False,True,a,False,False,True,a,False,False,True,a,False,False,True,a,False,a,False,False,True,a,False,False,True,a,False,False,True,a,False,False,a,False,True,a,False,False,True,a,False,False,True,a,False
both_correct,A_to_B,21,False,True,b,True,False,True,b,True,False,True,b,True,False,True,b,True,b,True,False,True,b,True,False,True,b,True,False,True,b,True,True,b,False,True,b,True,False,True,b,True,False,True,b,True
both_correct,B_to_A,21,False,True,b,True,False,True,b,True,False,True,b,True,False,True,b,True,b,True,False,True,b,True,False,True,b,True,False,True,b,True,True,b,False,True,b,True,False,True,b,True,False,True,b,True
both_correct,A_to_B,22,False,True,b,True,False,True,b,True,False,True,b,True,False,True,b,True,b,True,False,True,b,True,False,True,b,True,False,True,b,True,True,b,False,True,b,True,False,True,b,True,False,True,b,True
both_correct,B_to_A,22,False,True,b,True,False,True,b,True,False,True,b,True,False,True,b,True,b,True,False,True,b,True,False,True,b,True,False,True,b,True,True,b,False,True,b,True,False,True,b,True,False,True,b,True
both_wrong,A_to_B,23,False,True,b,False,False,True,b,False,True,False,d,True,False,True,b,False,b,False,False,True,b,False,False,True,b,False,False,True,b,False,False,b,False,True,b,False,False,True,b,False,False,True,b,False
both_wrong,B_to_A,23,False,True,b,False,False,True,b,False,False,True,b,False,False,True,b,False,b,False,False,True,b,False,False,True,b,False,False,True,b,False,False,b,False,True,b,False,False,True,b,False,False,True,b,False
both_wrong,A_to_B,24,False,True,d,False,False,True,d,False,False,True,d,False,False,True,d,False,d,False,False,True,d,False,False,True,d,False,False,True,d,False,False,d,False,True,d,False,False,True,d,False,False,True,d,False
both_wrong,B_to_A,24,False,True,d,False,False,True,d,False,False,True,d,False,False,True,d,False,d,False,False,True,d,False,False,True,d,False,False,True,d,False,False,d,False,True,d,False,False,True,d,False,False,True,d,False
both_wrong,A_to_B,25,False,True,b,False,False,True,b,False,True,False,a,False,False,True,b,False,b,False,False,True,b,False,False,True,b,False,False,True,b,False,False,b,False,True,b,False,False,True,b,False,False,True,b,False
both_wrong,B_to_A,25,False,True,b,False,False,True,b,False,False,True,b,False,False,True,b,False,b,False,False,True,b,False,False,True,b,False,False,True,b,False,False,b,False,True,b,False,False,True,b,False,False,True,b,False
correction_opportunity,A_to_B,26,True,False,b,False,True,True,a,True,True,True,a,True,True,False,b,False,,False,True,False,b,False,True,True,a,True,True,True,a,True,True,a,True,True,a,True,True,True,a,True,True,True,a,True
destruction_risk,B_to_A,26,False,False,a,True,False,False,a,True,False,False,a,True,False,False,a,True,a,True,False,False,a,True,False,False,a,True,False,False,a,True,False,,False,False,a,True,False,False,a,True,False,False,a,True
both_correct,A_to_B,27,False,True,b,True,False,True,b,True,False,True,b,True,False,True,b,True,b,True,False,True,b,True,False,True,b,True,False,True,b,True,True,b,False,True,b,True,False,True,b,True,False,True,b,True
both_correct,B_to_A,27,False,True,b,True,False,True,b,True,False,True,b,True,False,True,b,True,b,True,False,True,b,True,False,True,b,True,False,True,b,True,True,b,False,True,b,True,False,True,b,True,False,True,b,True
both_correct,A_to_B,28,False,True,c,True,False,True,c,True,False,True,c,True,False,True,c,True,c,True,False,True,c,True,False,True,c,True,False,True,c,True,True,c,False,True,c,True,False,True,c,True,False,True,c,True
both_correct,B_to_A,28,False,True,c,True,False,True,c,True,False,True,c,True,False,True,c,True,c,True,False,True,c,True,False,True,c,True,False,True,c,True,True,c,False,True,c,True,False,True,c,True,False,True,c,True
destruction_risk,A_to_B,29,False,False,a,True,False,False,a,True,False,False,a,True,False,False,a,True,a,True,False,False,a,True,False,False,a,True,False,False,a,True,False,b,False,False,a,True,True,True,b,False,True,True,b,False
correction_opportunity,B_to_A,29,False,False,b,False,False,False,b,False,False,False,b,False,False,False,b,False,b,False,False,False,b,False,False,False,b,False,False,False,b,False,True,a,False,False,b,False,True,True,a,True,True,True,a,True
both_correct,A_to_B,30,False,True,d,True,False,True,d,True,False,True,d,True,False,True,d,True,d,True,False,True,d,True,False,True,d,True,False,True,d,True,True,d,False,True,d,True,False,True,d,True,False,True,d,True
both_correct,B_to_A,30,False,True,d,True,False,True,d,True,False,True,d,True,False,True,d,True,d,True,False,True,d,True,False,True,d,True,False,True,d,True,True,d,False,True,d,True,False,True,d,True,False,True,d,True
both_wrong,A_to_B,31,False,True,a,False,False,True,a,False,False,True,a,False,False,True,a,False,a,False,False,True,a,False,False,True,a,False,False,True,a,False,False,a,False,True,a,False,False,True,a,False,False,True,a,False
both_wrong,B_to_A,31,False,True,a,False,False,True,a,False,False,True,a,False,False,True,a,False,a,False,False,True,a,False,False,True,a,False,False,True,a,False,False,a,False,True,a,False,False,True,a,False,False,True,a,False
both_correct,A_to_B,32,False,True,d,True,False,True,d,True,False,True,d,True,False,True,d,True,d,True,False,True,d,True,False,True,d,True,False,True,d,True,True,d,False,True,d,True,False,True,d,True,False,True,d,True
both_correct,B_to_A,32,False,True,d,True,False,True,d,True,False,True,d,True,False,True,d,True,d,True,False,True,d,True,False,True,d,True,False,True,d,True,True,d,False,True,d,True,False,True,d,True,False,True,d,True
both_wrong,A_to_B,33,False,True,a,False,False,True,a,False,False,True,a,False,False,True,a,False,a,False,False,True,a,False,False,True,a,False,False,True,a,False,False,a,False,True,a,False,False,True,a,False,False,True,a,False
both_wrong,B_to_A,33,False,True,a,False,False,True,a,False,False,True,a,False,False,True,a,False,a,False,False,True,a,False,False,True,a,False,False,True,a,False,False,a,False,True,a,False,False,True,a,False,False,True,a,False
both_correct,A_to_B,34,False,True,a,True,False,True,a,True,False,True,a,True,False,True,a,True,a,True,False,True,a,True,False,True,a,True,False,True,a,True,True,a,False,True,a,True,False,True,a,True,False,True,a,True
both_correct,B_to_A,34,False,True,a,True,False,True,a,True,False,True,a,True,False,True,a,True,a,True,False,True,a,True,False,True,a,True,False,True,a,True,True,a,False,True,a,True,False,True,a,True,False,True,a,True
both_correct,A_to_B,35,False,True,b,True,False,True,b,True,False,True,b,True,False,True,b,True,b,True,False,True,b,True,False,True,b,True,False,True,b,True,True,b,False,True,b,True,False,True,b,True,False,True,b,True
both_correct,B_to_A,35,False,True,b,True,False,True,b,True,False,True,b,True,False,True,b,True,b,True,False,True,b,True,False,True,b,True,False,True,b,True,True,b,False,True,b,True,False,True,b,True,False,True,b,True
both_correct,A_to_B,36,False,True,d,True,False,True,d,True,False,True,d,True,False,True,d,True,d,True,False,True,d,True,False,True,d,True,False,True,d,True,True,d,False,True,d,True,False,True,d,True,False,True,d,True
both_correct,B_to_A,36,False,True,d,True,False,True,d,True,False,True,d,True,False,True,d,True,d,True,False,True,d,True,False,True,d,True,False,True,d,True,True,d,False,True,d,True,False,True,d,True,False,True,d,True
both_wrong,A_to_B,37,False,True,d,False,False,True,d,False,False,True,d,False,False,True,d,False,d,False,False,True,d,False,False,True,d,False,False,True,d,False,False,d,False,True,d,False,False,True,d,False,False,True,d,False
both_wrong,B_to_A,37,False,True,d,False,False,True,d,False,False,True,d,False,False,True,d,False,d,False,False,True,d,False,False,True,d,False,False,True,d,False,False,d,False,True,d,False,False,True,d,False,False,True,d,False
both_correct,A_to_B,38,False,True,d,True,False,True,d,True,False,True,d,True,False,True,d,True,d,True,False,True,d,True,False,True,d,True,False,True,d,True,True,d,False,True,d,True,False,True,d,True,False,True,d,True
both_correct,B_to_A,38,False,True,d,True,False,True,d,True,False,True,d,True,False,True,d,True,d,True,False,True,d,True,False,True,d,True,False,True,d,True,True,d,False,True,d,True,False,True,d,True,False,True,d,True
both_wrong,A_to_B,39,False,True,c,False,False,True,c,False,False,True,c,False,False,True,c,False,c,False,False,True,c,False,False,True,c,False,False,True,c,False,False,c,False,True,c,False,False,True,c,False,False,True,c,False
both_wrong,B_to_A,39,False,True,c,False,False,True,c,False,False,True,c,False,False,True,c,False,c,False,False,True,c,False,False,True,c,False,False,True,c,False,False,c,False,True,c,False,False,True,c,False,False,True,c,False
both_wrong,A_to_B,40,False,True,b,False,False,True,b,False,False,True,b,False,False,True,b,False,b,False,False,True,b,False,False,True,b,False,False,True,b,False,False,b,False,True,b,False,False,True,b,False,False,True,b,False
both_wrong,B_to_A,40,False,True,b,False,False,True,b,False,False,True,b,False,False,True,b,False,b,False,False,True,b,False,False,True,b,False,False,True,b,False,False,b,False,True,b,False,False,True,b,False,False,True,b,False
correction_opportunity,A_to_B,41,False,False,a,False,False,False,a,False,False,False,a,False,False,False,a,False,a,False,False,False,a,False,False,False,a,False,False,False,a,False,True,d,True,True,d,True,True,True,d,True,True,True,d,True
destruction_risk,B_to_A,41,False,False,d,True,False,False,d,True,False,False,d,True,False,False,d,True,d,True,False,False,d,True,False,False,d,True,False,False,d,True,False,a,False,False,d,True,False,False,d,True,True,True,a,False
both_correct,A_to_B,42,False,True,c,True,False,True,c,True,False,True,c,True,False,True,c,True,c,True,False,True,c,True,False,True,c,True,False,True,c,True,True,c,False,True,c,True,False,True,c,True,False,True,c,True
both_correct,B_to_A,42,False,True,c,True,False,True,c,True,False,True,c,True,False,True,c,True,c,True,False,True,c,True,False,True,c,True,False,True,c,True,True,c,False,True,c,True,False,True,c,True,False,True,c,True
both_wrong,A_to_B,43,False,True,a,False,False,True,a,False,False,True,a,False,False,True,a,False,a,False,False,True,a,False,False,True,a,False,False,True,a,False,False,a,False,True,a,False,False,True,a,False,False,True,a,False
both_wrong,B_to_A,43,False,True,a,False,False,True,a,False,False,True,a,False,False,True,a,False,a,False,False,True,a,False,False,True,a,False,False,True,a,False,False,a,False,True,a,False,False,True,a,False,False,True,a,False
both_correct,A_to_B,44,False,True,a,True,False,True,a,True,False,True,a,True,False,True,a,True,a,True,False,True,a,True,False,True,a,True,False,True,a,True,True,a,False,True,a,True,False,True,a,True,False,True,a,True
both_correct,B_to_A,44,False,True,a,True,False,True,a,True,False,True,a,True,False,True,a,True,a,True,False,True,a,True,False,True,a,True,False,True,a,True,True,a,False,True,a,True,False,True,a,True,False,True,a,True
both_wrong,A_to_B,45,False,False,b,False,False,False,b,False,False,False,b,False,False,False,b,False,b,False,False,False,b,False,False,False,b,False,False,False,b,False,False,c,False,False,b,False,True,True,c,False,True,True,c,False
both_wrong,B_to_A,45,False,False,c,False,False,False,c,False,True,False,d,True,False,False,c,False,c,False,False,False,c,False,False,False,c,False,False,False,c,False,False,b,False,False,c,False,True,True,b,False,True,True,b,False
both_wrong,A_to_B,46,False,False,c,False,False,False,c,False,False,False,c,False,False,False,c,False,c,False,False,False,c,False,False,False,c,False,False,False,c,False,False,b,False,False,c,False,True,True,b,False,False,False,c,False
both_wrong,B_to_A,46,False,False,b,False,False,False,b,False,False,False,b,False,False,False,b,False,b,False,False,False,b,False,False,False,b,False,False,False,b,False,False,c,False,False,b,False,True,True,c,False,True,True,c,False
both_correct,A_to_B,47,False,True,a,True,False,True,a,True,False,True,a,True,False,True,a,True,a,True,False,True,a,True,False,True,a,True,False,True,a,True,True,a,False,True,a,True,False,True,a,True,False,True,a,True
both_correct,B_to_A,47,False,True,a,True,False,True,a,True,False,True,a,True,False,True,a,True,a,True,False,True,a,True,False,True,a,True,False,True,a,True,True,a,False,True,a,True,False,True,a,True,False,True,a,True
both_correct,A_to_B,48,False,True,c,True,False,True,c,True,False,True,c,True,False,True,c,True,c,True,False,True,c,True,False,True,c,True,False,True,c,True,True,c,False,True,c,True,False,True,c,True,False,True,c,True
both_correct,B_to_A,48,False,True,c,True,False,True,c,True,False,True,c,True,False,True,c,True,c,True,False,True,c,True,False,True,c,True,False,True,c,True,True,c,False,True,c,True,False,True,c,True,False,True,c,True
both_correct,A_to_B,49,False,True,a,True,False,True,a,True,False,True,a,True,False,True,a,True,a,True,False,True,a,True,False,True,a,True,False,True,a,True,True,a,False,True,a,True,False,True,a,True,False,True,a,True
both_correct,B_to_A,49,False,True,a,True,False,True,a,True,False,True,a,True,False,True,a,True,a,True,False,True,a,True,False,True,a,True,False,True,a,True,True,a,False,True,a,True,False,True,a,True,False,True,a,True
both_correct,A_to_B,50,False,True,c,True,False,True,c,True,False,True,c,True,False,True,c,True,c,True,False,True,c,True,False,True,c,True,False,True,c,True,True,c,False,True,c,True,False,True,c,True,False,True,c,True
both_correct,B_to_A,50,False,True,c,True,False,True,c,True,False,True,c,True,False,True,c,True,c,True,False,True,c,True,False,True,c,True,False,True,c,True,True,c,False,True,c,True,False,True,c,True,False,True,c,True
both_correct,A_to_B,51,False,True,c,True,False,True,c,True,False,True,c,True,False,True,c,True,c,True,False,True,c,True,False,True,c,True,False,True,c,True,True,c,False,True,c,True,False,True,c,True,False,True,c,True
both_correct,B_to_A,51,False,True,c,True,False,True,c,True,False,True,c,True,False,True,c,True,c,True,False,True,c,True,False,True,c,True,False,True,c,True,True,c,False,True,c,True,False,True,c,True,False,True,c,True
both_wrong,A_to_B,52,False,True,a,False,False,True,a,False,False,True,a,False,False,True,a,False,a,False,False,True,a,False,False,True,a,False,False,True,a,False,False,a,False,True,a,False,False,True,a,False,False,True,a,False
both_wrong,B_to_A,52,False,True,a,False,False,True,a,False,False,True,a,False,False,True,a,False,a,False,False,True,a,False,False,True,a,False,False,True,a,False,False,a,False,True,a,False,False,True,a,False,False,True,a,False
both_correct,A_to_B,53,False,True,b,True,False,True,b,True,False,True,b,True,False,True,b,True,b,True,False,True,b,True,False,True,b,True,False,True,b,True,True,b,False,True,b,True,False,True,b,True,False,True,b,True
both_correct,B_to_A,53,False,True,b,True,False,True,b,True,False,True,b,True,False,True,b,True,b,True,False,True,b,True,False,True,b,True,False,True,b,True,True,b,False,True,b,True,False,True,b,True,False,True,b,True
both_wrong,A_to_B,54,False,True,d,False,False,True,d,False,False,True,d,False,False,True,d,False,d,False,False,True,d,False,False,True,d,False,False,True,d,False,False,d,False,True,d,False,False,True,d,False,False,True,d,False
both_wrong,B_to_A,54,False,True,d,False,False,True,d,False,False,True,d,False,False,True,d,False,d,False,False,True,d,False,False,True,d,False,False,True,d,False,False,d,False,True,d,False,False,True,d,False,False,True,d,False
both_wrong,A_to_B,55,False,True,b,False,False,True,b,False,False,True,b,False,False,True,b,False,b,False,False,True,b,False,False,True,b,False,False,True,b,False,False,b,False,True,b,False,False,True,b,False,False,True,b,False
both_wrong,B_to_A,55,False,True,b,False,False,True,b,False,False,True,b,False,False,True,b,False,b,False,False,True,b,False,False,True,b,False,False,True,b,False,False,b,False,True,b,False,False,True,b,False,False,True,b,False
both_wrong,A_to_B,56,False,False,b,False,False,False,b,False,False,False,b,False,False,False,b,False,b,False,False,False,b,False,False,False,b,False,False,False,b,False,False,a,False,False,b,False,False,False,b,False,False,False,b,False
both_wrong,B_to_A,56,False,False,a,False,False,False,a,False,False,False,a,False,False,False,a,False,a,False,False,False,a,False,False,False,a,False,False,False,a,False,False,b,False,False,a,False,True,True,b,False,False,False,a,False
both_correct,A_to_B,57,False,True,c,True,False,True,c,True,False,True,c,True,False,True,c,True,c,True,False,True,c,True,False,True,c,True,False,True,c,True,True,c,False,True,c,True,False,True,c,True,False,True,c,True
both_correct,B_to_A,57,False,True,c,True,False,True,c,True,False,True,c,True,False,True,c,True,c,True,False,True,c,True,False,True,c,True,False,True,c,True,True,c,False,True,c,True,False,True,c,True,False,True,c,True
both_correct,A_to_B,58,False,True,a,True,False,True,a,True,False,True,a,True,False,True,a,True,a,True,False,True,a,True,False,True,a,True,False,True,a,True,True,a,False,True,a,True,False,True,a,True,False,True,a,True
both_correct,B_to_A,58,False,True,a,True,False,True,a,True,False,True,a,True,False,True,a,True,a,True,False,True,a,True,False,True,a,True,False,True,a,True,True,a,False,True,a,True,False,True,a,True,False,True,a,True
both_correct,A_to_B,59,False,True,d,True,False,True,d,True,False,True,d,True,False,True,d,True,d,True,False,True,d,True,False,True,d,True,False,True,d,True,True,d,False,True,d,True,False,True,d,True,False,True,d,True
both_correct,B_to_A,59,False,True,d,True,False,True,d,True,False,True,d,True,False,True,d,True,d,True,False,True,d,True,False,True,d,True,False,True,d,True,True,d,False,True,d,True,False,True,d,True,False,True,d,True
both_wrong,A_to_B,60,False,True,a,False,False,True,a,False,False,True,a,False,False,True,a,False,a,False,False,True,a,False,False,True,a,False,False,True,a,False,False,a,False,True,a,False,False,True,a,False,False,True,a,False
both_wrong,B_to_A,60,False,True,a,False,False,True,a,False,False,True,a,False,False,True,a,False,a,False,False,True,a,False,False,True,a,False,False,True,a,False,False,a,False,True,a,False,False,True,a,False,False,True,a,False
both_correct,A_to_B,61,False,True,d,True,False,True,d,True,False,True,d,True,False,True,d,True,d,True,False,True,d,True,False,True,d,True,False,True,d,True,True,d,False,True,d,True,False,True,d,True,False,True,d,True
both_correct,B_to_A,61,False,True,d,True,False,True,d,True,False,True,d,True,False,True,d,True,d,True,False,True,d,True,False,True,d,True,False,True,d,True,True,d,False,True,d,True,False,True,d,True,False,True,d,True
both_correct,A_to_B,62,False,True,c,True,False,True,c,True,False,True,c,True,False,True,c,True,c,True,False,True,c,True,False,True,c,True,False,True,c,True,True,c,False,True,c,True,False,True,c,True,False,True,c,True
both_correct,B_to_A,62,False,True,c,True,False,True,c,True,False,True,c,True,False,True,c,True,c,True,False,True,c,True,False,True,c,True,False,True,c,True,True,c,False,True,c,True,False,True,c,True,False,True,c,True
both_correct,A_to_B,63,False,True,d,True,False,True,d,True,False,True,d,True,False,True,d,True,d,True,False,True,d,True,False,True,d,True,False,True,d,True,True,d,False,True,d,True,False,True,d,True,False,True,d,True
both_correct,B_to_A,63,False,True,d,True,False,True,d,True,False,True,d,True,False,True,d,True,d,True,False,True,d,True,False,True,d,True,False,True,d,True,True,d,False,True,d,True,False,True,d,True,False,True,d,True
both_correct,A_to_B,64,False,True,b,True,False,True,b,True,False,True,b,True,False,True,b,True,b,True,False,True,b,True,False,True,b,True,False,True,b,True,True,b,False,True,b,True,False,True,b,True,False,True,b,True
both_correct,B_to_A,64,False,True,b,True,False,True,b,True,False,True,b,True,False,True,b,True,b,True,False,True,b,True,False,True,b,True,False,True,b,True,True,b,False,True,b,True,False,True,b,True,False,True,b,True
both_wrong,A_to_B,65,False,True,c,False,False,True,c,False,False,True,c,False,False,True,c,False,c,False,False,True,c,False,False,True,c,False,False,True,c,False,False,c,False,True,c,False,False,True,c,False,False,True,c,False
both_wrong,B_to_A,65,False,True,c,False,False,True,c,False,False,True,c,False,False,True,c,False,c,False,False,True,c,False,False,True,c,False,False,True,c,False,False,c,False,True,c,False,False,True,c,False,False,True,c,False
both_correct,A_to_B,66,False,True,b,True,False,True,b,True,False,True,b,True,False,True,b,True,b,True,False,True,b,True,False,True,b,True,False,True,b,True,True,b,False,True,b,True,False,True,b,True,False,True,b,True
both_correct,B_to_A,66,False,True,b,True,False,True,b,True,False,True,b,True,False,True,b,True,b,True,False,True,b,True,False,True,b,True,False,True,b,True,True,b,False,True,b,True,False,True,b,True,False,True,b,True
both_correct,A_to_B,67,False,True,c,True,False,True,c,True,False,True,c,True,False,True,c,True,c,True,False,True,c,True,False,True,c,True,False,True,c,True,True,c,False,True,c,True,False,True,c,True,False,True,c,True
both_correct,B_to_A,67,False,True,c,True,False,True,c,True,False,True,c,True,False,True,c,True,c,True,False,True,c,True,False,True,c,True,False,True,c,True,True,c,False,True,c,True,False,True,c,True,False,True,c,True
both_wrong,A_to_B,68,False,False,d,False,False,False,d,False,False,False,d,False,False,False,d,False,d,False,False,False,d,False,False,False,d,False,False,False,d,False,False,c,False,False,d,False,True,True,c,False,False,False,d,False
both_wrong,B_to_A,68,False,False,c,False,False,False,c,False,False,False,c,False,False,False,c,False,c,False,False,False,c,False,False,False,c,False,False,False,c,False,False,d,True,True,d,False,True,True,d,False,True,True,d,False
both_correct,A_to_B,69,False,True,b,True,False,True,b,True,False,True,b,True,False,True,b,True,b,True,False,True,b,True,False,True,b,True,False,True,b,True,True,b,False,True,b,True,False,True,b,True,False,True,b,True
both_correct,B_to_A,69,False,True,b,True,False,True,b,True,False,True,b,True,False,True,b,True,b,True,False,True,b,True,False,True,b,True,False,True,b,True,True,b,False,True,b,True,False,True,b,True,False,True,b,True
both_correct,A_to_B,70,False,True,c,True,False,True,c,True,False,True,c,True,False,True,c,True,c,True,False,True,c,True,False,True,c,True,False,True,c,True,True,c,False,True,c,True,False,True,c,True,False,True,c,True
both_correct,B_to_A,70,False,True,c,True,False,True,c,True,False,True,c,True,False,True,c,True,c,True,False,True,c,True,False,True,c,True,False,True,c,True,True,c,False,True,c,True,False,True,c,True,False,True,c,True
both_correct,A_to_B,71,False,True,a,True,False,True,a,True,False,True,a,True,False,True,a,True,a,True,False,True,a,True,False,True,a,True,False,True,a,True,True,a,False,True,a,True,False,True,a,True,False,True,a,True
both_correct,B_to_A,71,False,True,a,True,False,True,a,True,False,True,a,True,False,True,a,True,a,True,False,True,a,True,False,True,a,True,False,True,a,True,True,a,False,True,a,True,False,True,a,True,False,True,a,True
both_correct,A_to_B,72,False,True,c,True,False,True,c,True,False,True,c,True,False,True,c,True,c,True,False,True,c,True,False,True,c,True,False,True,c,True,True,c,False,True,c,True,False,True,c,True,False,True,c,True
both_correct,B_to_A,72,False,True,c,True,False,True,c,True,False,True,c,True,False,True,c,True,c,True,False,True,c,True,False,True,c,True,False,True,c,True,True,c,False,True,c,True,False,True,c,True,False,True,c,True
both_wrong,A_to_B,73,False,True,c,False,False,True,c,False,False,True,c,False,False,True,c,False,c,False,False,True,c,False,False,True,c,False,False,True,c,False,False,c,False,True,c,False,False,True,c,False,False,True,c,False
both_wrong,B_to_A,73,False,True,c,False,False,True,c,False,False,True,c,False,False,True,c,False,c,False,False,True,c,False,False,True,c,False,False,True,c,False,False,c,False,True,c,False,False,True,c,False,False,True,c,False
both_wrong,A_to_B,74,False,False,d,False,False,False,d,False,False,False,d,False,False,False,d,False,d,False,False,False,d,False,False,False,d,False,False,False,d,False,False,b,True,True,b,False,True,True,b,False,True,True,b,False
both_wrong,B_to_A,74,False,False,b,False,False,False,b,False,False,False,b,False,False,False,b,False,b,False,False,False,b,False,False,False,b,False,False,False,b,False,False,d,True,True,d,False,True,True,d,False,True,True,d,False
correction_opportunity,A_to_B,75,False,False,a,False,False,False,a,False,False,False,a,False,False,False,a,False,a,False,False,False,a,False,False,False,a,False,False,False,a,False,True,b,False,False,a,False,True,True,b,True,True,True,b,True
destruction_risk,B_to_A,75,False,False,b,True,False,False,b,True,False,False,b,True,False,False,b,True,b,True,False,False,b,True,False,False,b,True,False,False,b,True,False,a,False,False,b,True,False,False,b,True,True,True,a,False
both_correct,A_to_B,76,False,True,a,True,False,True,a,True,False,True,a,True,False,True,a,True,a,True,False,True,a,True,False,True,a,True,False,True,a,True,True,a,False,True,a,True,False,True,a,True,False,True,a,True
both_correct,B_to_A,76,False,True,a,True,False,True,a,True,False,True,a,True,False,True,a,True,a,True,False,True,a,True,False,True,a,True,False,True,a,True,True,a,False,True,a,True,False,True,a,True,False,True,a,True
both_correct,A_to_B,77,False,True,a,True,False,True,a,True,False,True,a,True,False,True,a,True,a,True,False,True,a,True,False,True,a,True,False,True,a,True,True,a,False,True,a,True,False,True,a,True,False,True,a,True
both_correct,B_to_A,77,False,True,a,True,False,True,a,True,False,True,a,True,False,True,a,True,a,True,False,True,a,True,False,True,a,True,False,True,a,True,True,a,False,True,a,True,False,True,a,True,False,True,a,True
both_correct,A_to_B,78,False,True,c,True,False,True,c,True,False,True,c,True,False,True,c,True,c,True,False,True,c,True,False,True,c,True,False,True,c,True,True,c,False,True,c,True,False,True,c,True,False,True,c,True
both_correct,B_to_A,78,False,True,c,True,False,True,c,True,False,True,c,True,False,True,c,True,c,True,False,True,c,True,False,True,c,True,False,True,c,True,True,c,False,True,c,True,False,True,c,True,False,True,c,True
destruction_risk,A_to_B,79,False,False,a,True,False,False,a,True,False,False,a,True,False,False,a,True,a,True,False,False,a,True,False,False,a,True,False,False,a,True,False,b,False,False,a,True,True,True,b,False,True,True,b,False
correction_opportunity,B_to_A,79,False,False,b,False,False,False,b,False,False,False,b,False,False,False,b,False,b,False,False,False,b,False,False,False,b,False,False,False,b,False,True,a,False,False,b,False,True,True,a,True,True,True,a,True
both_wrong,A_to_B,80,False,False,d,False,False,False,d,False,False,False,d,False,False,False,d,False,d,False,False,False,d,False,False,False,d,False,False,False,d,False,False,c,False,False,d,False,True,True,c,False,True,True,c,False
both_wrong,B_to_A,80,False,False,c,False,False,False,c,False,False,False,c,False,False,False,c,False,c,False,False,False,c,False,False,False,c,False,False,False,c,False,False,d,False,False,c,False,True,True,d,False,True,True,d,False
both_correct,A_to_B,81,False,True,c,True,False,True,c,True,False,True,c,True,False,True,c,True,c,True,False,True,c,True,False,True,c,True,False,True,c,True,True,c,False,True,c,True,False,True,c,True,False,True,c,True
both_correct,B_to_A,81,False,True,c,True,False,True,c,True,False,True,c,True,False,True,c,True,c,True,False,True,c,True,False,True,c,True,False,True,c,True,True,c,False,True,c,True,False,True,c,True,False,True,c,True
both_correct,A_to_B,82,False,True,c,True,False,True,c,True,False,True,c,True,False,True,c,True,c,True,False,True,c,True,False,True,c,True,False,True,c,True,True,c,False,True,c,True,False,True,c,True,False,True,c,True
both_correct,B_to_A,82,False,True,c,True,False,True,c,True,False,True,c,True,False,True,c,True,c,True,False,True,c,True,False,True,c,True,False,True,c,True,True,c,False,True,c,True,False,True,c,True,False,True,c,True
both_correct,A_to_B,83,False,True,c,True,False,True,c,True,False,True,c,True,False,True,c,True,c,True,False,True,c,True,False,True,c,True,False,True,c,True,True,c,False,True,c,True,False,True,c,True,False,True,c,True
both_correct,B_to_A,83,False,True,c,True,False,True,c,True,False,True,c,True,False,True,c,True,c,True,False,True,c,True,False,True,c,True,False,True,c,True,True,c,False,True,c,True,False,True,c,True,False,True,c,True
both_wrong,A_to_B,84,False,True,d,False,False,True,d,False,False,True,d,False,False,True,d,False,d,False,False,True,d,False,False,True,d,False,False,True,d,False,False,d,False,True,d,False,False,True,d,False,False,True,d,False
both_wrong,B_to_A,84,False,True,d,False,False,True,d,False,False,True,d,False,False,True,d,False,d,False,False,True,d,False,False,True,d,False,False,True,d,False,False,d,False,True,d,False,False,True,d,False,False,True,d,False
both_wrong,A_to_B,85,False,False,d,False,False,False,d,False,False,False,d,False,True,False,c,True,d,False,False,False,d,False,False,False,d,False,False,False,d,False,False,b,True,True,b,False,True,True,b,False,True,True,b,False
both_wrong,B_to_A,85,False,False,b,False,False,False,b,False,False,False,b,False,False,False,b,False,b,False,False,False,b,False,False,False,b,False,False,False,b,False,False,d,False,False,b,False,True,True,d,False,True,True,d,False
both_wrong,A_to_B,86,False,True,d,False,False,True,d,False,False,True,d,False,False,True,d,False,d,False,False,True,d,False,False,True,d,False,False,True,d,False,False,d,False,True,d,False,False,True,d,False,False,True,d,False
both_wrong,B_to_A,86,False,True,d,False,False,True,d,False,False,True,d,False,False,True,d,False,d,False,False,True,d,False,False,True,d,False,False,True,d,False,False,d,True,False,b,True,False,True,d,False,False,True,d,False
both_wrong,A_to_B,87,False,True,c,False,False,True,c,False,True,False,d,True,False,True,c,False,c,False,False,True,c,False,False,True,c,False,False,True,c,False,False,c,False,True,c,False,False,True,c,False,False,True,c,False
both_wrong,B_to_A,87,False,True,c,False,False,True,c,False,False,True,c,False,False,True,c,False,c,False,False,True,c,False,False,True,c,False,False,True,c,False,False,c,False,True,c,False,False,True,c,False,False,True,c,False
both_correct,A_to_B,88,False,True,a,True,False,True,a,True,False,True,a,True,False,True,a,True,a,True,False,True,a,True,False,True,a,True,False,True,a,True,True,a,False,True,a,True,False,True,a,True,False,True,a,True
both_correct,B_to_A,88,False,True,a,True,False,True,a,True,False,True,a,True,False,True,a,True,a,True,False,True,a,True,False,True,a,True,False,True,a,True,True,a,False,True,a,True,False,True,a,True,False,True,a,True
destruction_risk,A_to_B,89,False,False,a,True,False,False,a,True,True,True,d,False,False,False,a,True,a,True,False,False,a,True,False,False,a,True,False,False,a,True,False,d,False,False,a,True,True,True,d,False,False,False,a,True
correction_opportunity,B_to_A,89,False,False,d,False,False,False,d,False,False,False,d,False,False,False,d,False,d,False,False,False,d,False,False,False,d,False,False,False,d,False,True,a,False,False,d,False,True,True,a,True,True,True,a,True
both_correct,A_to_B,90,False,True,a,True,False,True,a,True,False,True,a,True,False,True,a,True,a,True,False,True,a,True,False,True,a,True,False,True,a,True,True,a,False,True,a,True,False,True,a,True,False,True,a,True
both_correct,B_to_A,90,False,True,a,True,False,True,a,True,False,True,a,True,False,True,a,True,a,True,False,True,a,True,False,True,a,True,False,True,a,True,True,a,False,True,a,True,False,True,a,True,False,True,a,True
both_wrong,A_to_B,91,False,True,a,False,False,True,a,False,False,True,a,False,False,True,a,False,a,False,False,True,a,False,False,True,a,False,False,True,a,False,False,a,False,True,a,False,False,True,a,False,False,True,a,False
both_wrong,B_to_A,91,False,True,a,False,False,True,a,False,False,True,a,False,False,True,a,False,a,False,False,True,a,False,False,True,a,False,False,True,a,False,False,a,False,True,a,False,False,True,a,False,False,True,a,False
both_correct,A_to_B,92,False,True,a,True,False,True,a,True,False,True,a,True,False,True,a,True,a,True,False,True,a,True,False,True,a,True,False,True,a,True,True,a,False,True,a,True,False,True,a,True,False,True,a,True
both_correct,B_to_A,92,False,True,a,True,False,True,a,True,False,True,a,True,False,True,a,True,a,True,False,True,a,True,False,True,a,True,False,True,a,True,True,a,False,True,a,True,False,True,a,True,False,True,a,True
both_wrong,A_to_B,93,False,True,c,False,False,True,c,False,False,True,c,False,False,True,c,False,c,False,False,True,c,False,False,True,c,False,False,True,c,False,False,c,False,True,c,False,False,True,c,False,False,True,c,False
both_wrong,B_to_A,93,False,True,c,False,False,True,c,False,False,True,c,False,False,True,c,False,c,False,False,True,c,False,False,True,c,False,False,True,c,False,False,c,False,True,c,False,False,True,c,False,False,True,c,False
both_wrong,A_to_B,94,False,True,b,False,False,True,b,False,False,True,b,False,False,True,b,False,b,False,False,True,b,False,False,True,b,False,False,True,b,False,False,b,False,True,b,False,False,True,b,False,False,True,b,False
both_wrong,B_to_A,94,False,True,b,False,False,True,b,False,False,True,b,False,False,True,b,False,b,False,False,True,b,False,False,True,b,False,False,True,b,False,False,b,False,True,b,False,False,True,b,False,False,True,b,False
both_correct,A_to_B,95,False,True,c,True,False,True,c,True,False,True,c,True,False,True,c,True,c,True,False,True,c,True,False,True,c,True,False,True,c,True,True,c,False,True,c,True,False,True,c,True,False,True,c,True
both_correct,B_to_A,95,False,True,c,True,False,True,c,True,False,True,c,True,False,True,c,True,c,True,False,True,c,True,False,True,c,True,False,True,c,True,True,c,False,True,c,True,False,True,c,True,False,True,c,True
both_wrong,A_to_B,96,False,True,a,False,False,True,a,False,False,True,a,False,False,True,a,False,a,False,False,True,a,False,False,True,a,False,False,True,a,False,False,a,False,True,a,False,False,True,a,False,False,True,a,False
both_wrong,B_to_A,96,False,True,a,False,False,True,a,False,False,True,a,False,False,True,a,False,a,False,False,True,a,False,False,True,a,False,False,True,a,False,False,a,False,True,a,False,False,True,a,False,False,True,a,False
both_correct,A_to_B,97,False,True,a,True,False,True,a,True,False,True,a,True,False,True,a,True,a,True,False,True,a,True,False,True,a,True,False,True,a,True,True,a,False,True,a,True,False,True,a,True,False,True,a,True
both_correct,B_to_A,97,False,True,a,True,False,True,a,True,False,True,a,True,False,True,a,True,a,True,False,True,a,True,False,True,a,True,False,True,a,True,True,a,False,True,a,True,False,True,a,True,False,True,a,True
both_correct,A_to_B,98,False,True,d,True,False,True,d,True,False,True,d,True,False,True,d,True,d,True,False,True,d,True,False,True,d,True,False,True,d,True,True,d,False,True,d,True,False,True,d,True,False,True,d,True
both_correct,B_to_A,98,False,True,d,True,False,True,d,True,False,True,d,True,False,True,d,True,d,True,False,True,d,True,False,True,d,True,False,True,d,True,True,d,False,True,d,True,False,True,d,True,False,True,d,True
both_correct,A_to_B,99,False,True,b,True,False,True,b,True,False,True,b,True,False,True,b,True,b,True,False,True,b,True,False,True,b,True,False,True,b,True,True,b,False,True,b,True,False,True,b,True,False,True,b,True
both_correct,B_to_A,99,False,True,b,True,False,True,b,True,False,True,b,True,False,True,b,True,b,True,False,True,b,True,False,True,b,True,False,True,b,True,True,b,False,True,b,True,False,True,b,True,False,True,b,True
both_correct,A_to_B,100,False,True,a,True,False,True,a,True,False,True,a,True,False,True,a,True,a,True,False,True,a,True,False,True,a,True,False,True,a,True,True,a,False,True,a,True,False,True,a,True,False,True,a,True
both_correct,B_to_A,100,False,True,a,True,False,True,a,True,False,True,a,True,False,True,a,True,a,True,False,True,a,True,False,True,a,True,False,True,a,True,True,a,False,True,a,True,False,True,a,True,False,True,a,True
both_correct,A_to_B,101,False,True,c,True,False,True,c,True,False,True,c,True,False,True,c,True,c,True,False,True,c,True,False,True,c,True,False,True,c,True,True,c,False,True,c,True,False,True,c,True,False,True,c,True
both_correct,B_to_A,101,False,True,c,True,False,True,c,True,False,True,c,True,False,True,c,True,c,True,False,True,c,True,False,True,c,True,False,True,c,True,True,c,False,True,c,True,False,True,c,True,False,True,c,True
both_correct,A_to_B,102,False,True,b,True,False,True,b,True,False,True,b,True,False,True,b,True,b,True,False,True,b,True,False,True,b,True,False,True,b,True,True,b,False,True,b,True,False,True,b,True,False,True,b,True
both_correct,B_to_A,102,False,True,b,True,False,True,b,True,False,True,b,True,False,True,b,True,b,True,False,True,b,True,False,True,b,True,False,True,b,True,True,b,False,True,b,True,False,True,b,True,False,True,b,True
both_wrong,A_to_B,103,False,True,b,False,False,True,b,False,False,True,b,False,False,True,b,False,b,False,False,True,b,False,False,True,b,False,False,True,b,False,False,b,False,True,b,False,False,True,b,False,False,True,b,False
both_wrong,B_to_A,103,False,True,b,False,False,True,b,False,False,True,b,False,False,True,b,False,b,False,False,True,b,False,False,True,b,False,False,True,b,False,False,b,False,True,b,False,False,True,b,False,False,True,b,False
both_correct,A_to_B,104,False,True,c,True,False,True,c,True,False,True,c,True,False,True,c,True,c,True,False,True,c,True,False,True,c,True,False,True,c,True,True,c,False,True,c,True,False,True,c,True,False,True,c,True
both_correct,B_to_A,104,False,True,c,True,False,True,c,True,False,True,c,True,False,True,c,True,c,True,False,True,c,True,False,True,c,True,False,True,c,True,True,c,False,True,c,True,False,True,c,True,False,True,c,True
both_correct,A_to_B,105,False,True,b,True,False,True,b,True,False,True,b,True,False,True,b,True,b,True,False,True,b,True,False,True,b,True,False,True,b,True,True,b,False,True,b,True,False,True,b,True,False,True,b,True
both_correct,B_to_A,105,False,True,b,True,False,True,b,True,False,True,b,True,False,True,b,True,b,True,False,True,b,True,False,True,b,True,False,True,b,True,True,b,False,True,b,True,False,True,b,True,False,True,b,True
both_wrong,A_to_B,106,False,True,d,False,False,True,d,False,False,True,d,False,False,True,d,False,d,False,False,True,d,False,False,True,d,False,False,True,d,False,False,d,False,True,d,False,False,True,d,False,False,True,d,False
both_wrong,B_to_A,106,False,True,d,False,False,True,d,False,False,True,d,False,False,True,d,False,d,False,False,True,d,False,False,True,d,False,False,True,d,False,False,d,False,True,d,False,False,True,d,False,False,True,d,False
both_wrong,A_to_B,107,False,True,b,False,False,True,b,False,False,True,b,False,False,True,b,False,b,False,False,True,b,False,False,True,b,False,False,True,b,False,False,b,False,True,b,False,False,True,b,False,False,True,b,False
both_wrong,B_to_A,107,False,True,b,False,False,True,b,False,False,True,b,False,False,True,b,False,b,False,False,True,b,False,False,True,b,False,False,True,b,False,False,b,False,True,b,False,False,True,b,False,False,True,b,False
both_correct,A_to_B,108,False,True,d,True,False,True,d,True,False,True,d,True,False,True,d,True,d,True,False,True,d,True,False,True,d,True,False,True,d,True,True,d,False,True,d,True,False,True,d,True,False,True,d,True
both_correct,B_to_A,108,False,True,d,True,False,True,d,True,False,True,d,True,False,True,d,True,d,True,False,True,d,True,False,True,d,True,False,True,d,True,True,d,False,True,d,True,False,True,d,True,False,True,d,True
both_wrong,A_to_B,109,False,True,d,False,False,True,d,False,False,True,d,False,False,True,d,False,d,False,False,True,d,False,False,True,d,False,False,True,d,False,False,d,False,True,d,False,False,True,d,False,False,True,d,False
both_wrong,B_to_A,109,False,True,d,False,False,True,d,False,False,True,d,False,False,True,d,False,d,False,False,True,d,False,False,True,d,False,False,True,d,False,False,d,False,True,d,False,False,True,d,False,False,True,d,False
correction_opportunity,A_to_B,110,False,False,a,False,False,False,a,False,False,False,a,False,False,False,a,False,a,False,False,False,a,False,False,False,a,False,False,False,a,False,True,b,False,False,a,False,True,True,b,True,True,True,b,True
destruction_risk,B_to_A,110,True,True,a,False,False,False,b,True,False,False,b,True,False,False,b,True,b,True,False,False,b,True,False,False,b,True,False,False,b,True,False,a,False,False,b,True,True,True,a,False,True,True,a,False
both_correct,A_to_B,111,False,True,a,True,False,True,a,True,False,True,a,True,False,True,a,True,a,True,False,True,a,True,False,True,a,True,False,True,a,True,True,a,False,True,a,True,False,True,a,True,False,True,a,True
both_correct,B_to_A,111,False,True,a,True,False,True,a,True,False,True,a,True,False,True,a,True,a,True,False,True,a,True,False,True,a,True,False,True,a,True,True,a,False,True,a,True,False,True,a,True,False,True,a,True
both_correct,A_to_B,112,False,True,d,True,False,True,d,True,False,True,d,True,False,True,d,True,d,True,False,True,d,True,False,True,d,True,False,True,d,True,True,d,False,True,d,True,False,True,d,True,False,True,d,True
both_correct,B_to_A,112,False,True,d,True,False,True,d,True,False,True,d,True,False,True,d,True,d,True,False,True,d,True,False,True,d,True,False,True,d,True,True,d,False,True,d,True,False,True,d,True,False,True,d,True
both_wrong,A_to_B,113,False,True,c,False,False,True,c,False,False,True,c,False,False,True,c,False,c,False,False,True,c,False,False,True,c,False,False,True,c,False,False,c,False,True,c,False,False,True,c,False,False,True,c,False
both_wrong,B_to_A,113,False,True,c,False,False,True,c,False,False,True,c,False,False,True,c,False,c,False,False,True,c,False,False,True,c,False,False,True,c,False,False,c,False,True,c,False,False,True,c,False,False,True,c,False
both_correct,A_to_B,114,False,True,a,True,False,True,a,True,False,True,a,True,False,True,a,True,a,True,False,True,a,True,False,True,a,True,False,True,a,True,True,a,False,True,a,True,False,True,a,True,False,True,a,True
both_correct,B_to_A,114,False,True,a,True,False,True,a,True,False,True,a,True,False,True,a,True,a,True,False,True,a,True,False,True,a,True,False,True,a,True,True,a,False,True,a,True,False,True,a,True,False,True,a,True
both_correct,A_to_B,115,False,True,c,True,False,True,c,True,False,True,c,True,False,True,c,True,c,True,False,True,c,True,False,True,c,True,False,True,c,True,True,c,False,True,c,True,False,True,c,True,False,True,c,True
both_correct,B_to_A,115,False,True,c,True,False,True,c,True,False,True,c,True,False,True,c,True,c,True,False,True,c,True,False,True,c,True,False,True,c,True,True,c,False,True,c,True,False,True,c,True,False,True,c,True
both_correct,A_to_B,116,False,True,c,True,False,True,c,True,False,True,c,True,False,True,c,True,c,True,False,True,c,True,False,True,c,True,False,True,c,True,True,c,False,True,c,True,False,True,c,True,False,True,c,True
both_correct,B_to_A,116,False,True,c,True,False,True,c,True,False,True,c,True,False,True,c,True,c,True,False,True,c,True,False,True,c,True,False,True,c,True,True,c,False,True,c,True,False,True,c,True,False,True,c,True
both_correct,A_to_B,117,False,True,b,True,False,True,b,True,False,True,b,True,False,True,b,True,b,True,False,True,b,True,False,True,b,True,False,True,b,True,True,b,False,True,b,True,False,True,b,True,False,True,b,True
both_correct,B_to_A,117,False,True,b,True,False,True,b,True,False,True,b,True,False,True,b,True,b,True,False,True,b,True,False,True,b,True,False,True,b,True,True,b,False,True,b,True,False,True,b,True,False,True,b,True
correction_opportunity,A_to_B,118,False,False,d,False,False,False,d,False,False,False,d,False,False,False,d,False,d,False,False,False,d,False,False,False,d,False,False,False,d,False,True,b,True,True,b,True,True,True,b,True,True,True,b,True
destruction_risk,B_to_A,118,False,False,b,True,False,False,b,True,False,False,b,True,False,False,b,True,b,True,False,False,b,True,False,False,b,True,False,False,b,True,False,d,True,True,d,False,True,True,d,False,False,False,b,True
correction_opportunity,A_to_B,119,False,False,a,False,False,False,a,False,False,False,a,False,False,False,a,False,a,False,False,False,a,False,False,False,a,False,False,False,a,False,True,b,False,False,a,False,True,True,b,True,True,True,b,True
destruction_risk,B_to_A,119,False,False,b,True,False,False,b,True,False,False,b,True,False,False,b,True,b,True,False,False,b,True,False,False,b,True,False,False,b,True,False,a,False,False,b,True,True,True,a,False,True,True,a,False
both_correct,A_to_B,120,False,True,c,True,False,True,c,True,False,True,c,True,False,True,c,True,c,True,False,True,c,True,False,True,c,True,False,True,c,True,True,c,False,True,c,True,False,True,c,True,False,True,c,True
both_correct,B_to_A,120,False,True,c,True,False,True,c,True,False,True,c,True,False,True,c,True,c,True,False,True,c,True,False,True,c,True,False,True,c,True,True,c,False,True,c,True,False,True,c,True,False,True,c,True
correction_opportunity,A_to_B,121,False,False,c,False,False,False,c,False,False,False,c,False,False,False,c,False,c,False,False,False,c,False,False,False,c,False,False,False,c,False,True,d,False,False,c,False,True,True,d,True,True,True,d,True
destruction_risk,B_to_A,121,False,False,d,True,False,False,d,True,False,False,d,True,False,False,d,True,d,True,False,False,d,True,False,False,d,True,False,False,d,True,False,c,False,False,d,True,False,False,d,True,False,False,d,True
destruction_risk,A_to_B,122,False,False,a,True,False,False,a,True,False,False,a,True,False,False,a,True,a,True,False,False,a,True,False,False,a,True,False,False,a,True,False,b,True,True,b,False,True,True,b,False,True,True,b,False
correction_opportunity,B_to_A,122,False,False,b,False,False,False,b,False,False,False,b,False,False,False,b,False,b,False,False,False,b,False,False,False,b,False,False,False,b,False,True,a,True,True,a,True,True,True,a,True,True,True,a,True
both_correct,A_to_B,123,False,True,c,True,False,True,c,True,False,True,c,True,False,True,c,True,c,True,False,True,c,True,False,True,c,True,False,True,c,True,True,c,False,True,c,True,False,True,c,True,False,True,c,True
both_correct,B_to_A,123,False,True,c,True,False,True,c,True,False,True,c,True,False,True,c,True,c,True,False,True,c,True,False,True,c,True,False,True,c,True,True,c,False,True,c,True,False,True,c,True,False,True,c,True
both_wrong,A_to_B,124,False,True,b,False,False,True,b,False,False,True,b,False,False,True,b,False,b,False,False,True,b,False,False,True,b,False,False,True,b,False,False,b,False,True,b,False,False,True,b,False,False,True,b,False
both_wrong,B_to_A,124,False,True,b,False,False,True,b,False,False,True,b,False,False,True,b,False,b,False,False,True,b,False,False,True,b,False,False,True,b,False,False,b,False,True,b,False,False,True,b,False,False,True,b,False
both_correct,A_to_B,125,False,True,c,True,False,True,c,True,False,True,c,True,False,True,c,True,c,True,False,True,c,True,False,True,c,True,False,True,c,True,True,c,False,True,c,True,False,True,c,True,False,True,c,True
both_correct,B_to_A,125,False,True,c,True,False,True,c,True,False,True,c,True,False,True,c,True,c,True,False,True,c,True,False,True,c,True,False,True,c,True,True,c,False,True,c,True,False,True,c,True,False,True,c,True
both_correct,A_to_B,126,False,True,a,True,False,True,a,True,False,True,a,True,False,True,a,True,a,True,False,True,a,True,False,True,a,True,False,True,a,True,True,a,False,True,a,True,False,True,a,True,False,True,a,True
both_correct,B_to_A,126,False,True,a,True,False,True,a,True,False,True,a,True,False,True,a,True,a,True,False,True,a,True,False,True,a,True,False,True,a,True,True,a,False,True,a,True,False,True,a,True,False,True,a,True
destruction_risk,A_to_B,127,True,True,d,False,True,True,d,False,False,False,c,True,False,False,c,True,c,True,False,False,c,True,False,False,c,True,False,False,c,True,False,d,False,False,c,True,True,True,d,False,True,True,d,False
correction_opportunity,B_to_A,127,False,False,d,False,False,False,d,False,False,False,d,False,False,False,d,False,d,False,False,False,d,False,False,False,d,False,False,False,d,False,True,c,False,False,d,False,True,True,c,True,False,False,d,False
both_correct,A_to_B,128,False,True,a,True,False,True,a,True,False,True,a,True,False,True,a,True,a,True,False,True,a,True,False,True,a,True,False,True,a,True,True,a,False,True,a,True,False,True,a,True,False,True,a,True
both_correct,B_to_A,128,False,True,a,True,False,True,a,True,False,True,a,True,False,True,a,True,a,True,False,True,a,True,False,True,a,True,False,True,a,True,True,a,False,True,a,True,False,True,a,True,False,True,a,True
both_correct,A_to_B,129,False,True,b,True,False,True,b,True,False,True,b,True,False,True,b,True,b,True,False,True,b,True,False,True,b,True,False,True,b,True,True,b,False,True,b,True,False,True,b,True,False,True,b,True
both_correct,B_to_A,129,False,True,b,True,False,True,b,True,False,True,b,True,False,True,b,True,b,True,False,True,b,True,False,True,b,True,False,True,b,True,True,b,False,True,b,True,False,True,b,True,False,True,b,True
both_correct,A_to_B,130,False,True,c,True,False,True,c,True,False,True,c,True,False,True,c,True,c,True,False,True,c,True,False,True,c,True,False,True,c,True,True,c,False,True,c,True,False,True,c,True,False,True,c,True
both_correct,B_to_A,130,False,True,c,True,False,True,c,True,False,True,c,True,False,True,c,True,c,True,False,True,c,True,False,True,c,True,False,True,c,True,True,c,False,True,c,True,False,True,c,True,False,True,c,True
both_wrong,A_to_B,131,False,True,c,False,False,True,c,False,False,True,c,False,False,True,c,False,c,False,False,True,c,False,False,True,c,False,False,True,c,False,False,c,False,True,c,False,False,True,c,False,False,True,c,False
both_wrong,B_to_A,131,False,True,c,False,False,True,c,False,False,True,c,False,False,True,c,False,c,False,False,True,c,False,False,True,c,False,False,True,c,False,False,c,False,True,c,False,False,True,c,False,False,True,c,False
both_correct,A_to_B,132,False,True,d,True,False,True,d,True,False,True,d,True,False,True,d,True,d,True,False,True,d,True,False,True,d,True,False,True,d,True,True,d,False,True,d,True,False,True,d,True,False,True,d,True
both_correct,B_to_A,132,False,True,d,True,False,True,d,True,False,True,d,True,False,True,d,True,d,True,False,True,d,True,False,True,d,True,False,True,d,True,True,d,False,True,d,True,False,True,d,True,False,True,d,True
both_correct,A_to_B,133,False,True,a,True,False,True,a,True,False,True,a,True,False,True,a,True,a,True,False,True,a,True,False,True,a,True,False,True,a,True,True,a,False,True,a,True,False,True,a,True,False,True,a,True
both_correct,B_to_A,133,False,True,a,True,False,True,a,True,False,True,a,True,False,True,a,True,a,True,False,True,a,True,False,True,a,True,False,True,a,True,True,a,False,True,a,True,False,True,a,True,False,True,a,True
both_correct,A_to_B,134,False,True,b,True,False,True,b,True,False,True,b,True,False,True,b,True,b,True,False,True,b,True,False,True,b,True,False,True,b,True,True,b,False,True,b,True,False,True,b,True,False,True,b,True
both_correct,B_to_A,134,False,True,b,True,False,True,b,True,False,True,b,True,False,True,b,True,b,True,False,True,b,True,False,True,b,True,False,True,b,True,True,b,False,True,b,True,False,True,b,True,False,True,b,True
both_wrong,A_to_B,135,False,True,d,False,False,True,d,False,False,True,d,False,False,True,d,False,d,False,False,True,d,False,False,True,d,False,False,True,d,False,False,d,False,True,d,False,False,True,d,False,False,True,d,False
both_wrong,B_to_A,135,False,True,d,False,False,True,d,False,False,True,d,False,False,True,d,False,d,False,False,True,d,False,False,True,d,False,False,True,d,False,False,d,False,True,d,False,False,True,d,False,False,True,d,False
both_correct,A_to_B,136,False,True,c,True,False,True,c,True,False,True,c,True,False,True,c,True,c,True,False,True,c,True,False,True,c,True,False,True,c,True,True,c,False,True,c,True,False,True,c,True,False,True,c,True
both_correct,B_to_A,136,False,True,c,True,False,True,c,True,False,True,c,True,False,True,c,True,c,True,False,True,c,True,False,True,c,True,False,True,c,True,True,c,False,True,c,True,False,True,c,True,False,True,c,True
both_wrong,A_to_B,137,False,False,a,False,False,False,a,False,False,False,a,False,False,False,a,False,a,False,False,False,a,False,False,False,a,False,False,False,a,False,False,d,True,True,d,False,True,True,d,False,True,True,d,False
both_wrong,B_to_A,137,False,False,d,False,False,False,d,False,False,False,d,False,False,False,d,False,d,False,False,False,d,False,False,False,d,False,False,False,d,False,False,a,False,False,d,False,True,True,a,False,False,False,d,False
both_correct,A_to_B,138,False,True,b,True,False,True,b,True,False,True,b,True,False,True,b,True,b,True,False,True,b,True,False,True,b,True,False,True,b,True,True,b,False,True,b,True,False,True,b,True,False,True,b,True
both_correct,B_to_A,138,False,True,b,True,False,True,b,True,False,True,b,True,False,True,b,True,b,True,False,True,b,True,False,True,b,True,False,True,b,True,True,b,False,True,b,True,False,True,b,True,False,True,b,True
both_correct,A_to_B,139,False,True,a,True,False,True,a,True,False,True,a,True,False,True,a,True,a,True,False,True,a,True,False,True,a,True,False,True,a,True,True,a,False,True,a,True,False,True,a,True,False,True,a,True
both_correct,B_to_A,139,False,True,a,True,False,True,a,True,False,True,a,True,False,True,a,True,a,True,False,True,a,True,False,True,a,True,False,True,a,True,True,a,False,True,a,True,False,True,a,True,False,True,a,True
both_correct,A_to_B,140,False,True,c,True,False,True,c,True,False,True,c,True,False,True,c,True,c,True,False,True,c,True,False,True,c,True,False,True,c,True,True,c,False,True,c,True,False,True,c,True,False,True,c,True
both_correct,B_to_A,140,False,True,c,True,False,True,c,True,False,True,c,True,False,True,c,True,c,True,False,True,c,True,False,True,c,True,False,True,c,True,True,c,False,True,c,True,False,True,c,True,False,True,c,True
both_wrong,A_to_B,141,False,True,c,False,False,True,c,False,False,True,c,False,False,True,c,False,c,False,False,True,c,False,False,True,c,False,False,True,c,False,False,c,False,True,c,False,False,True,c,False,False,True,c,False
both_wrong,B_to_A,141,False,True,c,False,False,True,c,False,False,True,c,False,False,True,c,False,c,False,False,True,c,False,False,True,c,False,False,True,c,False,False,c,False,True,c,False,False,True,c,False,False,True,c,False
correction_opportunity,A_to_B,142,False,False,d,False,False,False,d,False,False,False,d,False,False,False,d,False,d,False,False,False,d,False,False,False,d,False,False,False,d,False,True,b,False,False,d,False,True,True,b,True,True,True,b,True
destruction_risk,B_to_A,142,False,False,b,True,False,False,b,True,False,False,b,True,False,False,b,True,b,True,False,False,b,True,False,False,b,True,False,False,b,True,False,d,False,False,b,True,True,True,d,False,False,False,b,True
both_correct,A_to_B,143,False,True,b,True,False,True,b,True,False,True,b,True,False,True,b,True,b,True,False,True,b,True,False,True,b,True,False,True,b,True,True,b,False,True,b,True,False,True,b,True,False,True,b,True
both_correct,B_to_A,143,False,True,b,True,False,True,b,True,False,True,b,True,False,True,b,True,b,True,False,True,b,True,False,True,b,True,False,True,b,True,True,b,False,True,b,True,False,True,b,True,False,True,b,True
correction_opportunity,A_to_B,144,True,True,a,True,False,False,c,False,False,False,c,False,False,False,c,False,c,False,False,False,c,False,False,False,c,False,False,False,c,False,True,a,True,True,a,True,True,True,a,True,True,True,a,True
destruction_risk,B_to_A,144,False,False,a,True,False,False,a,True,False,False,a,True,False,False,a,True,a,True,False,False,a,True,False,False,a,True,False,False,a,True,False,c,False,False,a,True,True,True,c,False,True,True,c,False
both_correct,A_to_B,145,False,True,c,True,False,True,c,True,False,True,c,True,False,True,c,True,c,True,False,True,c,True,False,True,c,True,False,True,c,True,True,c,False,True,c,True,False,True,c,True,False,True,c,True
both_correct,B_to_A,145,False,True,c,True,False,True,c,True,False,True,c,True,False,True,c,True,c,True,False,True,c,True,False,True,c,True,False,True,c,True,True,c,False,True,c,True,False,True,c,True,False,True,c,True
both_correct,A_to_B,146,False,True,c,True,False,True,c,True,False,True,c,True,False,True,c,True,c,True,False,True,c,True,False,True,c,True,False,True,c,True,True,c,False,True,c,True,False,True,c,True,False,True,c,True
both_correct,B_to_A,146,False,True,c,True,False,True,c,True,False,True,c,True,False,True,c,True,c,True,False,True,c,True,False,True,c,True,False,True,c,True,True,c,False,True,c,True,False,True,c,True,False,True,c,True
both_wrong,A_to_B,147,False,False,c,False,False,False,c,False,False,False,c,False,False,False,c,False,c,False,False,False,c,False,False,False,c,False,False,False,c,False,False,a,True,True,a,False,True,True,a,False,True,True,a,False
both_wrong,B_to_A,147,False,False,a,False,False,False,a,False,False,False,a,False,True,False,d,False,a,False,False,False,a,False,False,False,a,False,False,False,a,False,False,c,True,True,c,False,True,True,c,False,True,True,c,False
both_correct,A_to_B,148,False,True,d,True,False,True,d,True,False,True,d,True,False,True,d,True,d,True,False,True,d,True,False,True,d,True,False,True,d,True,True,d,False,True,d,True,False,True,d,True,False,True,d,True
both_correct,B_to_A,148,False,True,d,True,False,True,d,True,False,True,d,True,False,True,d,True,d,True,False,True,d,True,False,True,d,True,False,True,d,True,True,d,False,True,d,True,False,True,d,True,False,True,d,True
both_correct,A_to_B,149,False,True,a,True,False,True,a,True,False,True,a,True,False,True,a,True,a,True,False,True,a,True,False,True,a,True,False,True,a,True,True,a,False,True,a,True,False,True,a,True,False,True,a,True
both_correct,B_to_A,149,False,True,a,True,False,True,a,True,False,True,a,True,False,True,a,True,a,True,False,True,a,True,False,True,a,True,False,True,a,True,True,a,False,True,a,True,False,True,a,True,False,True,a,True
both_correct,A_to_B,150,False,True,c,True,False,True,c,True,False,True,c,True,False,True,c,True,c,True,False,True,c,True,False,True,c,True,False,True,c,True,True,c,False,True,c,True,False,True,c,True,False,True,c,True
both_correct,B_to_A,150,False,True,c,True,False,True,c,True,False,True,c,True,False,True,c,True,c,True,False,True,c,True,False,True,c,True,False,True,c,True,True,c,False,True,c,True,False,True,c,True,False,True,c,True
both_correct,A_to_B,151,False,True,a,True,False,True,a,True,False,True,a,True,False,True,a,True,a,True,False,True,a,True,False,True,a,True,False,True,a,True,True,a,False,True,a,True,False,True,a,True,False,True,a,True
both_correct,B_to_A,151,False,True,a,True,False,True,a,True,False,True,a,True,False,True,a,True,a,True,False,True,a,True,False,True,a,True,False,True,a,True,True,a,False,True,a,True,False,True,a,True,False,True,a,True
both_wrong,A_to_B,152,False,True,d,False,False,True,d,False,False,True,d,False,False,True,d,False,d,False,False,True,d,False,False,True,d,False,False,True,d,False,False,d,False,True,d,False,False,True,d,False,False,True,d,False
both_wrong,B_to_A,152,False,True,d,False,False,True,d,False,False,True,d,False,False,True,d,False,d,False,False,True,d,False,False,True,d,False,False,True,d,False,False,d,False,True,d,False,False,True,d,False,False,True,d,False
both_correct,A_to_B,153,False,True,b,True,False,True,b,True,False,True,b,True,False,True,b,True,b,True,False,True,b,True,False,True,b,True,False,True,b,True,True,b,False,True,b,True,False,True,b,True,False,True,b,True
both_correct,B_to_A,153,False,True,b,True,False,True,b,True,False,True,b,True,False,True,b,True,b,True,False,True,b,True,False,True,b,True,False,True,b,True,True,b,False,True,b,True,False,True,b,True,False,True,b,True
both_correct,A_to_B,154,False,True,b,True,False,True,b,True,False,True,b,True,False,True,b,True,b,True,False,True,b,True,False,True,b,True,False,True,b,True,True,b,False,True,b,True,False,True,b,True,False,True,b,True
both_correct,B_to_A,154,False,True,b,True,False,True,b,True,True,False,a,False,False,True,b,True,b,True,False,True,b,True,False,True,b,True,False,True,b,True,True,b,False,True,b,True,False,True,b,True,False,True,b,True
both_correct,A_to_B,155,False,True,a,True,False,True,a,True,False,True,a,True,False,True,a,True,a,True,False,True,a,True,False,True,a,True,False,True,a,True,True,a,False,True,a,True,False,True,a,True,False,True,a,True
both_correct,B_to_A,155,False,True,a,True,False,True,a,True,False,True,a,True,False,True,a,True,a,True,False,True,a,True,False,True,a,True,False,True,a,True,True,a,False,True,a,True,False,True,a,True,False,True,a,True
both_correct,A_to_B,156,False,True,b,True,False,True,b,True,False,True,b,True,False,True,b,True,b,True,False,True,b,True,False,True,b,True,False,True,b,True,True,b,False,True,b,True,False,True,b,True,False,True,b,True
both_correct,B_to_A,156,False,True,b,True,False,True,b,True,False,True,b,True,False,True,b,True,b,True,False,True,b,True,False,True,b,True,False,True,b,True,True,b,False,True,b,True,False,True,b,True,False,True,b,True
both_wrong,A_to_B,157,False,True,d,False,False,True,d,False,False,True,d,False,False,True,d,False,d,False,False,True,d,False,False,True,d,False,False,True,d,False,False,d,False,True,d,False,False,True,d,False,False,True,d,False
both_wrong,B_to_A,157,False,True,d,False,False,True,d,False,False,True,d,False,False,True,d,False,d,False,False,True,d,False,False,True,d,False,False,True,d,False,False,d,False,True,d,False,False,True,d,False,False,True,d,False
both_correct,A_to_B,158,False,True,c,True,False,True,c,True,False,True,c,True,False,True,c,True,c,True,False,True,c,True,False,True,c,True,False,True,c,True,True,c,False,True,c,True,False,True,c,True,False,True,c,True
both_correct,B_to_A,158,False,True,c,True,False,True,c,True,False,True,c,True,False,True,c,True,c,True,False,True,c,True,False,True,c,True,False,True,c,True,True,c,False,True,c,True,False,True,c,True,False,True,c,True
both_correct,A_to_B,159,False,True,d,True,False,True,d,True,False,True,d,True,True,False,b,False,d,True,False,True,d,True,False,True,d,True,False,True,d,True,True,d,False,True,d,True,False,True,d,True,False,True,d,True
both_correct,B_to_A,159,False,True,d,True,False,True,d,True,False,True,d,True,False,True,d,True,d,True,False,True,d,True,False,True,d,True,False,True,d,True,True,d,False,True,d,True,False,True,d,True,False,True,d,True
both_correct,A_to_B,160,False,True,d,True,False,True,d,True,False,True,d,True,False,True,d,True,d,True,False,True,d,True,False,True,d,True,False,True,d,True,True,d,False,True,d,True,False,True,d,True,False,True,d,True
both_correct,B_to_A,160,False,True,d,True,False,True,d,True,False,True,d,True,False,True,d,True,d,True,False,True,d,True,False,True,d,True,False,True,d,True,True,d,False,True,d,True,False,True,d,True,False,True,d,True
destruction_risk,A_to_B,161,False,False,d,True,False,False,d,True,False,False,d,True,False,False,d,True,d,True,False,False,d,True,False,False,d,True,False,False,d,True,False,b,False,False,d,True,True,True,b,False,True,True,b,False
correction_opportunity,B_to_A,161,False,False,b,False,False,False,b,False,False,False,b,False,False,False,b,False,b,False,False,False,b,False,False,False,b,False,False,False,b,False,True,d,True,True,d,True,True,True,d,True,True,True,d,True
destruction_risk,A_to_B,162,False,False,d,True,False,False,d,True,False,False,d,True,False,False,d,True,d,True,False,False,d,True,False,False,d,True,False,False,d,True,False,a,False,False,d,True,True,True,a,False,True,True,a,False
correction_opportunity,B_to_A,162,False,False,a,False,False,False,a,False,True,True,d,True,False,False,a,False,a,False,False,False,a,False,False,False,a,False,False,False,a,False,True,d,False,False,a,False,True,True,d,True,True,True,d,True
both_correct,A_to_B,163,False,True,c,True,False,True,c,True,False,True,c,True,False,True,c,True,c,True,False,True,c,True,False,True,c,True,False,True,c,True,True,c,False,True,c,True,False,True,c,True,False,True,c,True
both_correct,B_to_A,163,False,True,c,True,False,True,c,True,False,True,c,True,False,True,c,True,c,True,False,True,c,True,False,True,c,True,False,True,c,True,True,c,False,True,c,True,False,True,c,True,False,True,c,True
both_correct,A_to_B,164,False,True,c,True,False,True,c,True,False,True,c,True,False,True,c,True,c,True,False,True,c,True,False,True,c,True,False,True,c,True,True,c,False,True,c,True,False,True,c,True,False,True,c,True
both_correct,B_to_A,164,False,True,c,True,False,True,c,True,False,True,c,True,False,True,c,True,c,True,False,True,c,True,False,True,c,True,False,True,c,True,True,c,False,True,c,True,False,True,c,True,False,True,c,True
both_correct,A_to_B,165,False,True,c,True,False,True,c,True,False,True,c,True,False,True,c,True,c,True,False,True,c,True,False,True,c,True,False,True,c,True,True,c,False,True,c,True,False,True,c,True,False,True,c,True
both_correct,B_to_A,165,False,True,c,True,False,True,c,True,False,True,c,True,False,True,c,True,c,True,False,True,c,True,False,True,c,True,False,True,c,True,True,c,False,True,c,True,False,True,c,True,False,True,c,True
both_correct,A_to_B,166,False,True,a,True,False,True,a,True,False,True,a,True,False,True,a,True,a,True,False,True,a,True,False,True,a,True,False,True,a,True,True,a,False,True,a,True,False,True,a,True,False,True,a,True
both_correct,B_to_A,166,False,True,a,True,False,True,a,True,False,True,a,True,False,True,a,True,a,True,False,True,a,True,False,True,a,True,False,True,a,True,True,a,False,True,a,True,False,True,a,True,False,True,a,True
both_correct,A_to_B,167,False,True,b,True,False,True,b,True,False,True,b,True,False,True,b,True,b,True,False,True,b,True,False,True,b,True,False,True,b,True,True,b,False,True,b,True,False,True,b,True,False,True,b,True
both_correct,B_to_A,167,False,True,b,True,False,True,b,True,False,True,b,True,True,False,a,False,b,True,False,True,b,True,False,True,b,True,False,True,b,True,True,b,False,True,b,True,False,True,b,True,False,True,b,True
destruction_risk,A_to_B,168,False,False,c,True,False,False,c,True,False,False,c,True,False,False,c,True,c,True,False,False,c,True,False,False,c,True,False,False,c,True,False,d,True,True,d,False,False,False,c,True,False,False,c,True
correction_opportunity,B_to_A,168,False,False,d,False,False,False,d,False,False,False,d,False,False,False,d,False,d,False,False,False,d,False,False,False,d,False,False,False,d,False,True,c,False,False,d,False,True,True,c,True,True,True,c,True
both_correct,A_to_B,169,False,True,b,True,False,True,b,True,False,True,b,True,True,False,a,False,b,True,False,True,b,True,False,True,b,True,False,True,b,True,True,b,False,True,b,True,False,True,b,True,False,True,b,True
both_correct,B_to_A,169,False,True,b,True,False,True,b,True,False,True,b,True,True,False,a,False,b,True,False,True,b,True,False,True,b,True,False,True,b,True,True,b,False,True,b,True,False,True,b,True,False,True,b,True
both_wrong,A_to_B,170,False,True,a,False,False,True,a,False,False,True,a,False,False,True,a,False,a,False,False,True,a,False,False,True,a,False,False,True,a,False,False,a,False,True,a,False,False,True,a,False,False,True,a,False
both_wrong,B_to_A,170,False,True,a,False,False,True,a,False,False,True,a,False,False,True,a,False,a,False,False,True,a,False,False,True,a,False,False,True,a,False,False,a,False,True,a,False,False,True,a,False,False,True,a,False
both_correct,A_to_B,171,False,True,c,True,False,True,c,True,False,True,c,True,False,True,c,True,c,True,False,True,c,True,False,True,c,True,False,True,c,True,True,c,False,True,c,True,False,True,c,True,False,True,c,True
both_correct,B_to_A,171,False,True,c,True,False,True,c,True,False,True,c,True,False,True,c,True,c,True,False,True,c,True,False,True,c,True,False,True,c,True,True,c,False,True,c,True,False,True,c,True,False,True,c,True
both_correct,A_to_B,172,False,True,a,True,False,True,a,True,False,True,a,True,False,True,a,True,a,True,False,True,a,True,False,True,a,True,False,True,a,True,True,a,False,True,a,True,False,True,a,True,False,True,a,True
both_correct,B_to_A,172,False,True,a,True,False,True,a,True,False,True,a,True,False,True,a,True,a,True,False,True,a,True,False,True,a,True,False,True,a,True,True,a,False,True,a,True,False,True,a,True,False,True,a,True
both_correct,A_to_B,173,False,True,c,True,False,True,c,True,False,True,c,True,False,True,c,True,c,True,False,True,c,True,False,True,c,True,False,True,c,True,True,c,False,True,c,True,False,True,c,True,False,True,c,True
both_correct,B_to_A,173,False,True,c,True,False,True,c,True,False,True,c,True,False,True,c,True,c,True,False,True,c,True,False,True,c,True,False,True,c,True,True,c,False,True,c,True,False,True,c,True,False,True,c,True
both_correct,A_to_B,174,False,True,c,True,False,True,c,True,False,True,c,True,False,True,c,True,c,True,False,True,c,True,False,True,c,True,False,True,c,True,True,c,False,True,c,True,False,True,c,True,False,True,c,True
both_correct,B_to_A,174,False,True,c,True,False,True,c,True,False,True,c,True,False,True,c,True,c,True,False,True,c,True,False,True,c,True,False,True,c,True,True,c,False,True,c,True,False,True,c,True,False,True,c,True
both_correct,A_to_B,175,False,True,a,True,False,True,a,True,False,True,a,True,False,True,a,True,a,True,False,True,a,True,False,True,a,True,False,True,a,True,True,a,False,True,a,True,False,True,a,True,False,True,a,True
both_correct,B_to_A,175,False,True,a,True,False,True,a,True,False,True,a,True,False,True,a,True,a,True,False,True,a,True,False,True,a,True,False,True,a,True,True,a,False,True,a,True,False,True,a,True,False,True,a,True
both_wrong,A_to_B,176,False,True,d,False,False,True,d,False,False,True,d,False,False,True,d,False,d,False,False,True,d,False,False,True,d,False,False,True,d,False,False,d,False,True,d,False,False,True,d,False,False,True,d,False
both_wrong,B_to_A,176,False,True,d,False,False,True,d,False,False,True,d,False,False,True,d,False,d,False,False,True,d,False,False,True,d,False,False,True,d,False,False,d,False,True,d,False,False,True,d,False,False,True,d,False
both_wrong,A_to_B,177,False,True,a,False,False,True,a,False,False,True,a,False,False,True,a,False,a,False,False,True,a,False,False,True,a,False,False,True,a,False,False,a,False,True,a,False,False,True,a,False,False,True,a,False
both_wrong,B_to_A,177,False,True,a,False,False,True,a,False,False,True,a,False,False,True,a,False,a,False,False,True,a,False,False,True,a,False,False,True,a,False,False,a,False,True,a,False,False,True,a,False,False,True,a,False
both_correct,A_to_B,178,False,True,c,True,False,True,c,True,False,True,c,True,False,True,c,True,c,True,False,True,c,True,False,True,c,True,False,True,c,True,True,c,False,True,c,True,False,True,c,True,False,True,c,True
both_correct,B_to_A,178,False,True,c,True,False,True,c,True,False,True,c,True,False,True,c,True,c,True,False,True,c,True,False,True,c,True,False,True,c,True,True,c,False,True,c,True,False,True,c,True,False,True,c,True
both_correct,A_to_B,179,False,True,c,True,False,True,c,True,False,True,c,True,False,True,c,True,c,True,False,True,c,True,False,True,c,True,False,True,c,True,True,c,False,True,c,True,False,True,c,True,False,True,c,True
both_correct,B_to_A,179,False,True,c,True,False,True,c,True,False,True,c,True,False,True,c,True,c,True,False,True,c,True,False,True,c,True,False,True,c,True,True,c,False,True,c,True,False,True,c,True,False,True,c,True
both_correct,A_to_B,180,False,True,d,True,False,True,d,True,False,True,d,True,False,True,d,True,d,True,False,True,d,True,False,True,d,True,False,True,d,True,True,d,False,True,d,True,False,True,d,True,False,True,d,True
both_correct,B_to_A,180,False,True,d,True,False,True,d,True,False,True,d,True,False,True,d,True,d,True,False,True,d,True,False,True,d,True,False,True,d,True,True,d,False,True,d,True,False,True,d,True,False,True,d,True
correction_opportunity,A_to_B,181,False,False,c,False,False,False,c,False,False,False,c,False,False,False,c,False,c,False,False,False,c,False,False,False,c,False,False,False,c,False,True,a,False,False,c,False,True,True,a,True,True,True,a,True
destruction_risk,B_to_A,181,False,False,a,True,False,False,a,True,False,False,a,True,False,False,a,True,a,True,False,False,a,True,False,False,a,True,False,False,a,True,False,c,True,True,c,False,True,True,c,False,False,False,a,True
both_correct,A_to_B,182,False,True,d,True,False,True,d,True,False,True,d,True,False,True,d,True,d,True,False,True,d,True,False,True,d,True,False,True,d,True,True,d,False,True,d,True,False,True,d,True,False,True,d,True
both_correct,B_to_A,182,False,True,d,True,False,True,d,True,False,True,d,True,False,True,d,True,d,True,False,True,d,True,False,True,d,True,False,True,d,True,True,d,False,True,d,True,False,True,d,True,False,True,d,True
both_correct,A_to_B,183,False,True,c,True,False,True,c,True,False,True,c,True,False,True,c,True,c,True,False,True,c,True,False,True,c,True,False,True,c,True,True,c,False,True,c,True,False,True,c,True,False,True,c,True
both_correct,B_to_A,183,False,True,c,True,False,True,c,True,False,True,c,True,False,True,c,True,c,True,False,True,c,True,False,True,c,True,False,True,c,True,True,c,False,True,c,True,False,True,c,True,False,True,c,True
both_correct,A_to_B,184,False,True,c,True,False,True,c,True,False,True,c,True,False,True,c,True,c,True,False,True,c,True,False,True,c,True,False,True,c,True,True,c,False,True,c,True,False,True,c,True,False,True,c,True
both_correct,B_to_A,184,False,True,c,True,False,True,c,True,False,True,c,True,False,True,c,True,c,True,False,True,c,True,False,True,c,True,False,True,c,True,True,c,False,True,c,True,False,True,c,True,False,True,c,True
both_correct,A_to_B,185,False,True,a,True,False,True,a,True,False,True,a,True,False,True,a,True,a,True,False,True,a,True,False,True,a,True,False,True,a,True,True,a,False,True,a,True,False,True,a,True,False,True,a,True
both_correct,B_to_A,185,False,True,a,True,False,True,a,True,False,True,a,True,False,True,a,True,a,True,False,True,a,True,False,True,a,True,False,True,a,True,True,a,False,True,a,True,False,True,a,True,False,True,a,True
both_wrong,A_to_B,186,False,True,a,False,False,True,a,False,False,True,a,False,False,True,a,False,a,False,False,True,a,False,False,True,a,False,False,True,a,False,False,a,False,True,a,False,False,True,a,False,False,True,a,False
both_wrong,B_to_A,186,False,True,a,False,False,True,a,False,False,True,a,False,False,True,a,False,a,False,False,True,a,False,False,True,a,False,False,True,a,False,False,a,False,True,a,False,False,True,a,False,False,True,a,False
both_correct,A_to_B,187,False,True,b,True,False,True,b,True,False,True,b,True,False,True,b,True,b,True,False,True,b,True,False,True,b,True,False,True,b,True,True,b,False,True,b,True,False,True,b,True,False,True,b,True
both_correct,B_to_A,187,False,True,b,True,False,True,b,True,False,True,b,True,False,True,b,True,b,True,False,True,b,True,False,True,b,True,False,True,b,True,True,b,False,True,b,True,False,True,b,True,False,True,b,True
both_correct,A_to_B,188,False,True,a,True,False,True,a,True,True,False,b,False,False,True,a,True,a,True,False,True,a,True,False,True,a,True,False,True,a,True,True,a,False,True,a,True,False,True,a,True,False,True,a,True
both_correct,B_to_A,188,False,True,a,True,False,True,a,True,True,False,b,False,False,True,a,True,a,True,False,True,a,True,False,True,a,True,False,True,a,True,True,a,False,True,a,True,False,True,a,True,False,True,a,True
both_correct,A_to_B,189,False,True,d,True,False,True,d,True,False,True,d,True,False,True,d,True,d,True,False,True,d,True,False,True,d,True,False,True,d,True,True,d,False,True,d,True,False,True,d,True,False,True,d,True
both_correct,B_to_A,189,False,True,d,True,False,True,d,True,False,True,d,True,False,True,d,True,d,True,False,True,d,True,False,True,d,True,False,True,d,True,True,d,False,True,d,True,False,True,d,True,False,True,d,True
both_correct,A_to_B,190,False,True,a,True,False,True,a,True,False,True,a,True,False,True,a,True,a,True,False,True,a,True,False,True,a,True,False,True,a,True,True,a,False,True,a,True,False,True,a,True,False,True,a,True
both_correct,B_to_A,190,False,True,a,True,False,True,a,True,False,True,a,True,False,True,a,True,a,True,False,True,a,True,False,True,a,True,False,True,a,True,True,a,False,True,a,True,False,True,a,True,False,True,a,True
both_correct,A_to_B,191,False,True,b,True,False,True,b,True,False,True,b,True,True,False,c,False,b,True,False,True,b,True,False,True,b,True,False,True,b,True,True,b,False,True,b,True,False,True,b,True,False,True,b,True
both_correct,B_to_A,191,False,True,b,True,False,True,b,True,False,True,b,True,False,True,b,True,b,True,False,True,b,True,False,True,b,True,False,True,b,True,True,b,False,True,b,True,False,True,b,True,False,True,b,True
both_correct,A_to_B,192,False,True,c,True,False,True,c,True,False,True,c,True,True,False,b,False,c,True,False,True,c,True,False,True,c,True,False,True,c,True,True,c,False,True,c,True,False,True,c,True,False,True,c,True
both_correct,B_to_A,192,False,True,c,True,False,True,c,True,False,True,c,True,False,True,c,True,c,True,False,True,c,True,False,True,c,True,False,True,c,True,True,c,False,True,c,True,False,True,c,True,False,True,c,True
both_correct,A_to_B,193,False,True,a,True,False,True,a,True,False,True,a,True,False,True,a,True,a,True,False,True,a,True,False,True,a,True,False,True,a,True,True,a,False,True,a,True,False,True,a,True,False,True,a,True
both_correct,B_to_A,193,False,True,a,True,False,True,a,True,False,True,a,True,False,True,a,True,a,True,False,True,a,True,False,True,a,True,False,True,a,True,True,a,False,True,a,True,False,True,a,True,False,True,a,True
both_correct,A_to_B,194,False,True,c,True,False,True,c,True,False,True,c,True,False,True,c,True,c,True,False,True,c,True,False,True,c,True,False,True,c,True,True,c,False,True,c,True,False,True,c,True,False,True,c,True
both_correct,B_to_A,194,False,True,c,True,False,True,c,True,False,True,c,True,False,True,c,True,c,True,False,True,c,True,False,True,c,True,False,True,c,True,True,c,False,True,c,True,False,True,c,True,False,True,c,True
both_correct,A_to_B,195,False,True,c,True,False,True,c,True,False,True,c,True,False,True,c,True,c,True,False,True,c,True,False,True,c,True,False,True,c,True,True,c,False,True,c,True,False,True,c,True,False,True,c,True
both_correct,B_to_A,195,False,True,c,True,False,True,c,True,False,True,c,True,False,True,c,True,c,True,False,True,c,True,False,True,c,True,False,True,c,True,True,c,False,True,c,True,False,True,c,True,False,True,c,True
both_wrong,A_to_B,196,False,True,c,False,False,True,c,False,False,True,c,False,False,True,c,False,c,False,False,True,c,False,False,True,c,False,False,True,c,False,False,c,False,True,c,False,False,True,c,False,False,True,c,False
both_wrong,B_to_A,196,False,True,c,False,False,True,c,False,False,True,c,False,False,True,c,False,c,False,False,True,c,False,False,True,c,False,False,True,c,False,False,c,False,True,c,False,False,True,c,False,False,True,c,False
both_correct,A_to_B,197,False,True,a,True,False,True,a,True,False,True,a,True,False,True,a,True,a,True,False,True,a,True,False,True,a,True,False,True,a,True,True,a,False,True,a,True,False,True,a,True,False,True,a,True
both_correct,B_to_A,197,False,True,a,True,False,True,a,True,False,True,a,True,False,True,a,True,a,True,False,True,a,True,False,True,a,True,False,True,a,True,True,a,False,True,a,True,False,True,a,True,False,True,a,True
both_correct,A_to_B,198,False,True,a,True,False,True,a,True,False,True,a,True,False,True,a,True,a,True,False,True,a,True,False,True,a,True,False,True,a,True,True,a,False,True,a,True,False,True,a,True,False,True,a,True
both_correct,B_to_A,198,False,True,a,True,False,True,a,True,False,True,a,True,False,True,a,True,a,True,False,True,a,True,False,True,a,True,False,True,a,True,True,a,False,True,a,True,False,True,a,True,False,True,a,True
both_correct,A_to_B,199,False,True,a,True,False,True,a,True,False,True,a,True,False,True,a,True,a,True,False,True,a,True,False,True,a,True,False,True,a,True,True,a,False,True,a,True,False,True,a,True,False,True,a,True
both_correct,B_to_A,199,False,True,a,True,False,True,a,True,False,True,a,True,False,True,a,True,a,True,False,True,a,True,False,True,a,True,False,True,a,True,True,a,False,True,a,True,False,True,a,True,False,True,a,True
both_wrong,A_to_B,200,False,True,a,False,False,True,a,False,False,True,a,False,False,True,a,False,a,False,False,True,a,False,False,True,a,False,False,True,a,False,False,a,False,True,a,False,False,True,a,False,False,True,a,False
both_wrong,B_to_A,200,True,False,b,True,False,True,a,False,False,True,a,False,False,True,a,False,a,False,False,True,a,False,False,True,a,False,False,True,a,False,False,a,False,True,a,False,False,True,a,False,False,True,a,False
both_correct,A_to_B,201,False,True,a,True,False,True,a,True,False,True,a,True,False,True,a,True,a,True,False,True,a,True,False,True,a,True,False,True,a,True,True,a,False,True,a,True,False,True,a,True,False,True,a,True
both_correct,B_to_A,201,False,True,a,True,False,True,a,True,False,True,a,True,False,True,a,True,a,True,False,True,a,True,False,True,a,True,False,True,a,True,True,a,False,True,a,True,False,True,a,True,False,True,a,True
both_correct,A_to_B,202,False,True,a,True,False,True,a,True,False,True,a,True,False,True,a,True,a,True,False,True,a,True,False,True,a,True,False,True,a,True,True,a,False,True,a,True,False,True,a,True,False,True,a,True
both_correct,B_to_A,202,False,True,a,True,False,True,a,True,False,True,a,True,False,True,a,True,a,True,False,True,a,True,False,True,a,True,False,True,a,True,True,a,False,True,a,True,False,True,a,True,False,True,a,True
both_wrong,A_to_B,203,True,False,b,True,True,False,b,True,False,True,d,False,False,True,d,False,d,False,False,True,d,False,False,True,d,False,False,True,d,False,False,d,False,True,d,False,False,True,d,False,False,True,d,False
both_wrong,B_to_A,203,False,True,d,False,False,True,d,False,True,False,b,True,True,False,b,True,d,False,False,True,d,False,False,True,d,False,False,True,d,False,False,d,False,True,d,False,False,True,d,False,False,True,d,False
both_correct,A_to_B,204,False,True,b,True,False,True,b,True,False,True,b,True,False,True,b,True,b,True,False,True,b,True,False,True,b,True,False,True,b,True,True,b,False,True,b,True,False,True,b,True,False,True,b,True
both_correct,B_to_A,204,False,True,b,True,False,True,b,True,False,True,b,True,False,True,b,True,b,True,False,True,b,True,False,True,b,True,False,True,b,True,True,b,False,True,b,True,False,True,b,True,False,True,b,True
both_correct,A_to_B,205,False,True,c,True,False,True,c,True,False,True,c,True,False,True,c,True,c,True,False,True,c,True,False,True,c,True,False,True,c,True,True,c,False,True,c,True,False,True,c,True,False,True,c,True
both_correct,B_to_A,205,False,True,c,True,False,True,c,True,False,True,c,True,False,True,c,True,c,True,False,True,c,True,False,True,c,True,False,True,c,True,True,c,False,True,c,True,False,True,c,True,False,True,c,True
both_wrong,A_to_B,206,False,True,b,False,False,True,b,False,False,True,b,False,False,True,b,False,b,False,False,True,b,False,False,True,b,False,False,True,b,False,False,b,False,True,b,False,False,True,b,False,False,True,b,False
both_wrong,B_to_A,206,False,True,b,False,False,True,b,False,False,True,b,False,False,True,b,False,b,False,False,True,b,False,False,True,b,False,False,True,b,False,False,b,False,True,b,False,False,True,b,False,False,True,b,False
both_wrong,A_to_B,207,False,False,b,False,False,False,b,False,False,False,b,False,False,False,b,False,b,False,False,False,b,False,False,False,b,False,False,False,b,False,False,a,True,True,a,False,True,True,a,False,True,True,a,False
both_wrong,B_to_A,207,False,False,a,False,False,False,a,False,False,False,a,False,False,False,a,False,a,False,False,False,a,False,False,False,a,False,False,False,a,False,False,b,False,False,a,False,True,True,b,False,True,True,b,False
both_correct,A_to_B,208,False,True,c,True,False,True,c,True,False,True,c,True,False,True,c,True,c,True,False,True,c,True,False,True,c,True,False,True,c,True,True,c,False,True,c,True,False,True,c,True,False,True,c,True
both_correct,B_to_A,208,False,True,c,True,False,True,c,True,False,True,c,True,False,True,c,True,c,True,False,True,c,True,False,True,c,True,False,True,c,True,True,c,False,True,c,True,False,True,c,True,False,True,c,True
both_correct,A_to_B,209,False,True,c,True,False,True,c,True,False,True,c,True,False,True,c,True,c,True,False,True,c,True,False,True,c,True,False,True,c,True,True,c,False,True,c,True,False,True,c,True,False,True,c,True
both_correct,B_to_A,209,False,True,c,True,False,True,c,True,False,True,c,True,False,True,c,True,c,True,False,True,c,True,False,True,c,True,False,True,c,True,True,c,False,True,c,True,False,True,c,True,False,True,c,True
both_correct,A_to_B,210,False,True,c,True,False,True,c,True,False,True,c,True,False,True,c,True,c,True,False,True,c,True,False,True,c,True,False,True,c,True,True,c,False,True,c,True,False,True,c,True,False,True,c,True
both_correct,B_to_A,210,False,True,c,True,False,True,c,True,True,False,a,False,False,True,c,True,c,True,False,True,c,True,False,True,c,True,False,True,c,True,True,c,False,True,c,True,False,True,c,True,False,True,c,True
both_wrong,A_to_B,211,False,True,c,False,False,True,c,False,False,True,c,False,False,True,c,False,c,False,False,True,c,False,False,True,c,False,False,True,c,False,False,c,False,True,c,False,False,True,c,False,False,True,c,False
both_wrong,B_to_A,211,False,True,c,False,False,True,c,False,False,True,c,False,False,True,c,False,c,False,False,True,c,False,False,True,c,False,False,True,c,False,False,c,False,True,c,False,False,True,c,False,False,True,c,False
both_correct,A_to_B,212,False,True,d,True,False,True,d,True,False,True,d,True,False,True,d,True,d,True,False,True,d,True,False,True,d,True,False,True,d,True,True,d,False,True,d,True,False,True,d,True,False,True,d,True
both_correct,B_to_A,212,False,True,d,True,False,True,d,True,False,True,d,True,False,True,d,True,d,True,False,True,d,True,False,True,d,True,False,True,d,True,True,d,False,True,d,True,False,True,d,True,False,True,d,True
both_correct,A_to_B,213,False,True,c,True,False,True,c,True,False,True,c,True,False,True,c,True,c,True,False,True,c,True,False,True,c,True,False,True,c,True,True,c,False,True,c,True,False,True,c,True,False,True,c,True
both_correct,B_to_A,213,False,True,c,True,False,True,c,True,False,True,c,True,False,True,c,True,c,True,False,True,c,True,False,True,c,True,False,True,c,True,True,c,False,True,c,True,False,True,c,True,False,True,c,True
both_correct,A_to_B,214,False,True,b,True,False,True,b,True,False,True,b,True,False,True,b,True,b,True,False,True,b,True,False,True,b,True,False,True,b,True,True,b,False,True,b,True,False,True,b,True,False,True,b,True
both_correct,B_to_A,214,False,True,b,True,False,True,b,True,False,True,b,True,False,True,b,True,b,True,False,True,b,True,False,True,b,True,False,True,b,True,True,b,False,True,b,True,False,True,b,True,False,True,b,True
correction_opportunity,A_to_B,215,False,False,c,False,False,False,c,False,False,False,c,False,False,False,c,False,c,False,False,False,c,False,False,False,c,False,False,False,c,False,True,a,True,True,a,True,True,True,a,True,True,True,a,True
destruction_risk,B_to_A,215,False,False,a,True,False,False,a,True,False,False,a,True,False,False,a,True,a,True,True,False,b,False,False,False,a,True,False,False,a,True,False,c,False,False,a,True,True,True,c,False,True,True,c,False
destruction_risk,A_to_B,216,False,False,d,True,False,False,d,True,True,True,b,False,False,False,d,True,d,True,False,False,d,True,False,False,d,True,False,False,d,True,False,b,True,True,b,False,True,True,b,False,True,True,b,False
correction_opportunity,B_to_A,216,False,False,b,False,False,False,b,False,False,False,b,False,False,False,b,False,b,False,False,False,b,False,False,False,b,False,False,False,b,False,True,d,True,True,d,True,True,True,d,True,False,False,b,False
both_wrong,A_to_B,217,False,True,b,False,False,True,b,False,False,True,b,False,False,True,b,False,b,False,False,True,b,False,False,True,b,False,False,True,b,False,False,b,False,True,b,False,False,True,b,False,False,True,b,False
both_wrong,B_to_A,217,False,True,b,False,False,True,b,False,False,True,b,False,False,True,b,False,b,False,False,True,b,False,False,True,b,False,False,True,b,False,False,b,False,True,b,False,False,True,b,False,False,True,b,False
both_correct,A_to_B,218,False,True,b,True,False,True,b,True,False,True,b,True,False,True,b,True,b,True,False,True,b,True,False,True,b,True,False,True,b,True,True,b,False,True,b,True,False,True,b,True,False,True,b,True
both_correct,B_to_A,218,False,True,b,True,False,True,b,True,False,True,b,True,False,True,b,True,b,True,False,True,b,True,False,True,b,True,False,True,b,True,True,b,False,True,b,True,False,True,b,True,False,True,b,True
both_correct,A_to_B,219,False,True,d,True,False,True,d,True,False,True,d,True,False,True,d,True,d,True,False,True,d,True,False,True,d,True,False,True,d,True,True,d,False,True,d,True,False,True,d,True,False,True,d,True
both_correct,B_to_A,219,False,True,d,True,False,True,d,True,False,True,d,True,False,True,d,True,d,True,False,True,d,True,False,True,d,True,False,True,d,True,True,d,False,True,d,True,False,True,d,True,False,True,d,True
both_wrong,A_to_B,220,False,True,d,False,False,True,d,False,False,True,d,False,False,True,d,False,d,False,False,True,d,False,False,True,d,False,False,True,d,False,False,d,False,True,d,False,False,True,d,False,False,True,d,False
both_wrong,B_to_A,220,False,True,d,False,False,True,d,False,False,True,d,False,False,True,d,False,d,False,False,True,d,False,False,True,d,False,False,True,d,False,False,d,False,True,d,False,False,True,d,False,False,True,d,False
both_wrong,A_to_B,221,False,False,a,False,False,False,a,False,False,False,a,False,False,False,a,False,a,False,False,False,a,False,False,False,a,False,False,False,a,False,False,c,False,False,a,False,True,True,c,False,True,True,c,False
both_wrong,B_to_A,221,False,False,c,False,False,False,c,False,False,False,c,False,False,False,c,False,c,False,False,False,c,False,False,False,c,False,False,False,c,False,False,a,False,False,c,False,True,True,a,False,True,True,a,False
both_correct,A_to_B,222,False,True,c,True,False,True,c,True,False,True,c,True,False,True,c,True,c,True,False,True,c,True,False,True,c,True,False,True,c,True,True,c,False,True,c,True,False,True,c,True,False,True,c,True
both_correct,B_to_A,222,False,True,c,True,False,True,c,True,False,True,c,True,False,True,c,True,c,True,False,True,c,True,False,True,c,True,False,True,c,True,True,c,False,True,c,True,False,True,c,True,False,True,c,True
both_correct,A_to_B,223,False,True,c,True,False,True,c,True,False,True,c,True,False,True,c,True,c,True,False,True,c,True,False,True,c,True,False,True,c,True,True,c,False,True,c,True,False,True,c,True,False,True,c,True
both_correct,B_to_A,223,False,True,c,True,False,True,c,True,False,True,c,True,False,True,c,True,c,True,False,True,c,True,False,True,c,True,False,True,c,True,True,c,False,True,c,True,False,True,c,True,False,True,c,True
both_correct,A_to_B,224,False,True,d,True,False,True,d,True,False,True,d,True,False,True,d,True,d,True,False,True,d,True,False,True,d,True,False,True,d,True,True,d,False,True,d,True,False,True,d,True,False,True,d,True
both_correct,B_to_A,224,False,True,d,True,False,True,d,True,False,True,d,True,False,True,d,True,d,True,False,True,d,True,False,True,d,True,False,True,d,True,True,d,False,True,d,True,False,True,d,True,False,True,d,True
both_correct,A_to_B,225,False,True,c,True,False,True,c,True,False,True,c,True,False,True,c,True,c,True,False,True,c,True,False,True,c,True,False,True,c,True,True,c,False,True,c,True,False,True,c,True,False,True,c,True
both_correct,B_to_A,225,False,True,c,True,False,True,c,True,False,True,c,True,False,True,c,True,c,True,False,True,c,True,False,True,c,True,False,True,c,True,True,c,False,True,c,True,False,True,c,True,False,True,c,True
both_correct,A_to_B,226,False,True,a,True,False,True,a,True,False,True,a,True,False,True,a,True,a,True,False,True,a,True,False,True,a,True,False,True,a,True,True,a,False,True,a,True,False,True,a,True,False,True,a,True
both_correct,B_to_A,226,False,True,a,True,False,True,a,True,False,True,a,True,False,True,a,True,a,True,False,True,a,True,False,True,a,True,False,True,a,True,True,a,False,True,a,True,False,True,a,True,False,True,a,True
both_wrong,A_to_B,227,False,False,b,False,False,False,b,False,False,False,b,False,False,False,b,False,b,False,False,False,b,False,False,False,b,False,False,False,b,False,False,,False,False,b,False,False,False,b,False,False,False,b,False
both_wrong,B_to_A,227,False,False,,False,False,False,,False,False,False,,False,False,False,,False,,False,False,False,,False,True,False,c,False,False,False,,False,False,b,True,True,b,False,True,True,b,False,True,True,b,False
both_correct,A_to_B,228,False,True,a,True,False,True,a,True,False,True,a,True,False,True,a,True,a,True,False,True,a,True,False,True,a,True,False,True,a,True,True,a,False,True,a,True,False,True,a,True,False,True,a,True
both_correct,B_to_A,228,False,True,a,True,False,True,a,True,False,True,a,True,False,True,a,True,a,True,False,True,a,True,False,True,a,True,False,True,a,True,True,a,False,True,a,True,False,True,a,True,False,True,a,True
both_correct,A_to_B,229,False,True,a,True,False,True,a,True,True,False,b,False,False,True,a,True,a,True,False,True,a,True,False,True,a,True,False,True,a,True,True,a,False,True,a,True,False,True,a,True,False,True,a,True
both_correct,B_to_A,229,False,True,a,True,False,True,a,True,False,True,a,True,False,True,a,True,a,True,False,True,a,True,False,True,a,True,False,True,a,True,True,a,False,True,a,True,False,True,a,True,False,True,a,True
both_correct,A_to_B,230,False,True,a,True,False,True,a,True,False,True,a,True,False,True,a,True,a,True,False,True,a,True,False,True,a,True,False,True,a,True,True,a,False,True,a,True,False,True,a,True,False,True,a,True
both_correct,B_to_A,230,False,True,a,True,False,True,a,True,False,True,a,True,False,True,a,True,a,True,False,True,a,True,False,True,a,True,False,True,a,True,True,a,False,True,a,True,False,True,a,True,False,True,a,True
both_correct,A_to_B,231,False,True,c,True,False,True,c,True,False,True,c,True,False,True,c,True,c,True,False,True,c,True,False,True,c,True,False,True,c,True,True,c,False,True,c,True,False,True,c,True,False,True,c,True
both_correct,B_to_A,231,False,True,c,True,False,True,c,True,False,True,c,True,False,True,c,True,c,True,False,True,c,True,False,True,c,True,False,True,c,True,True,c,False,True,c,True,False,True,c,True,False,True,c,True
both_correct,A_to_B,232,False,True,b,True,False,True,b,True,False,True,b,True,False,True,b,True,b,True,False,True,b,True,False,True,b,True,False,True,b,True,True,b,False,True,b,True,False,True,b,True,False,True,b,True
both_correct,B_to_A,232,False,True,b,True,False,True,b,True,False,True,b,True,False,True,b,True,b,True,False,True,b,True,False,True,b,True,False,True,b,True,True,b,False,True,b,True,False,True,b,True,False,True,b,True
both_correct,A_to_B,233,False,True,b,True,False,True,b,True,False,True,b,True,False,True,b,True,b,True,False,True,b,True,False,True,b,True,False,True,b,True,True,b,False,True,b,True,False,True,b,True,False,True,b,True
both_correct,B_to_A,233,False,True,b,True,False,True,b,True,False,True,b,True,False,True,b,True,b,True,False,True,b,True,False,True,b,True,False,True,b,True,True,b,False,True,b,True,False,True,b,True,False,True,b,True
both_correct,A_to_B,234,False,True,d,True,False,True,d,True,False,True,d,True,False,True,d,True,d,True,False,True,d,True,False,True,d,True,False,True,d,True,True,d,False,True,d,True,False,True,d,True,False,True,d,True
both_correct,B_to_A,234,False,True,d,True,False,True,d,True,False,True,d,True,False,True,d,True,d,True,False,True,d,True,False,True,d,True,False,True,d,True,True,d,False,True,d,True,False,True,d,True,False,True,d,True
both_wrong,A_to_B,235,False,True,a,False,False,True,a,False,False,True,a,False,False,True,a,False,a,False,False,True,a,False,False,True,a,False,False,True,a,False,False,a,False,True,a,False,False,True,a,False,False,True,a,False
both_wrong,B_to_A,235,False,True,a,False,False,True,a,False,False,True,a,False,False,True,a,False,a,False,False,True,a,False,False,True,a,False,False,True,a,False,False,a,False,True,a,False,False,True,a,False,False,True,a,False
both_correct,A_to_B,236,False,True,a,True,False,True,a,True,False,True,a,True,False,True,a,True,a,True,False,True,a,True,False,True,a,True,False,True,a,True,True,a,False,True,a,True,False,True,a,True,False,True,a,True
both_correct,B_to_A,236,False,True,a,True,False,True,a,True,False,True,a,True,False,True,a,True,a,True,False,True,a,True,False,True,a,True,False,True,a,True,True,a,False,True,a,True,False,True,a,True,False,True,a,True
correction_opportunity,A_to_B,237,False,False,b,False,False,False,b,False,False,False,b,False,False,False,b,False,b,False,False,False,b,False,False,False,b,False,False,False,b,False,True,a,False,False,b,False,False,False,b,False,True,True,a,True
destruction_risk,B_to_A,237,False,False,a,True,False,False,a,True,False,False,a,True,False,False,a,True,a,True,False,False,a,True,False,False,a,True,False,False,a,True,False,b,False,False,a,True,True,True,b,False,True,True,b,False
both_correct,A_to_B,238,False,True,c,True,False,True,c,True,False,True,c,True,False,True,c,True,c,True,False,True,c,True,False,True,c,True,False,True,c,True,True,c,False,True,c,True,False,True,c,True,False,True,c,True
both_correct,B_to_A,238,False,True,c,True,False,True,c,True,False,True,c,True,False,True,c,True,c,True,False,True,c,True,False,True,c,True,False,True,c,True,True,c,False,True,c,True,False,True,c,True,False,True,c,True
both_correct,A_to_B,239,False,True,c,True,False,True,c,True,False,True,c,True,False,True,c,True,c,True,False,True,c,True,False,True,c,True,False,True,c,True,True,c,False,True,c,True,False,True,c,True,False,True,c,True
both_correct,B_to_A,239,False,True,c,True,False,True,c,True,False,True,c,True,False,True,c,True,c,True,False,True,c,True,False,True,c,True,False,True,c,True,True,c,False,True,c,True,False,True,c,True,False,True,c,True
both_correct,A_to_B,240,False,True,a,True,False,True,a,True,False,True,a,True,False,True,a,True,a,True,False,True,a,True,False,True,a,True,False,True,a,True,True,a,False,True,a,True,False,True,a,True,False,True,a,True
both_correct,B_to_A,240,False,True,a,True,False,True,a,True,False,True,a,True,False,True,a,True,a,True,False,True,a,True,False,True,a,True,False,True,a,True,True,a,False,True,a,True,False,True,a,True,False,True,a,True
both_correct,A_to_B,241,False,True,c,True,False,True,c,True,False,True,c,True,False,True,c,True,c,True,False,True,c,True,False,True,c,True,False,True,c,True,True,c,False,True,c,True,False,True,c,True,False,True,c,True
both_correct,B_to_A,241,False,True,c,True,False,True,c,True,False,True,c,True,False,True,c,True,c,True,False,True,c,True,False,True,c,True,False,True,c,True,True,c,False,True,c,True,False,True,c,True,False,True,c,True
both_correct,A_to_B,242,False,True,b,True,False,True,b,True,False,True,b,True,False,True,b,True,b,True,False,True,b,True,False,True,b,True,False,True,b,True,True,b,False,True,b,True,False,True,b,True,False,True,b,True
both_correct,B_to_A,242,False,True,b,True,False,True,b,True,False,True,b,True,False,True,b,True,b,True,False,True,b,True,False,True,b,True,False,True,b,True,True,b,False,True,b,True,False,True,b,True,False,True,b,True
both_correct,A_to_B,243,False,True,c,True,False,True,c,True,False,True,c,True,False,True,c,True,c,True,False,True,c,True,False,True,c,True,False,True,c,True,True,c,False,True,c,True,False,True,c,True,False,True,c,True
both_correct,B_to_A,243,False,True,c,True,False,True,c,True,False,True,c,True,False,True,c,True,c,True,False,True,c,True,False,True,c,True,False,True,c,True,True,c,False,True,c,True,False,True,c,True,False,True,c,True
both_correct,A_to_B,244,False,True,c,True,False,True,c,True,False,True,c,True,False,True,c,True,c,True,False,True,c,True,False,True,c,True,False,True,c,True,True,c,False,True,c,True,False,True,c,True,False,True,c,True
both_correct,B_to_A,244,False,True,c,True,False,True,c,True,False,True,c,True,False,True,c,True,c,True,False,True,c,True,False,True,c,True,False,True,c,True,True,c,False,True,c,True,False,True,c,True,False,True,c,True
both_wrong,A_to_B,245,False,True,c,False,False,True,c,False,False,True,c,False,False,True,c,False,c,False,False,True,c,False,False,True,c,False,False,True,c,False,False,c,False,True,c,False,False,True,c,False,False,True,c,False
both_wrong,B_to_A,245,True,False,d,False,False,True,c,False,False,True,c,False,False,True,c,False,c,False,False,True,c,False,False,True,c,False,False,True,c,False,False,c,True,False,d,False,False,True,c,False,False,True,c,False
destruction_risk,A_to_B,246,False,False,d,True,False,False,d,True,False,False,d,True,False,False,d,True,d,True,False,False,d,True,False,False,d,True,False,False,d,True,False,c,False,False,d,True,True,True,c,False,False,False,d,True
correction_opportunity,B_to_A,246,False,False,c,False,False,False,c,False,False,False,c,False,False,False,c,False,c,False,False,False,c,False,False,False,c,False,False,False,c,False,True,d,False,False,c,False,True,True,d,True,True,True,d,True
both_wrong,A_to_B,247,False,True,a,False,True,False,d,False,False,True,a,False,False,True,a,False,a,False,False,True,a,False,False,True,a,False,False,True,a,False,False,a,False,True,a,False,False,True,a,False,False,True,a,False
both_wrong,B_to_A,247,False,True,a,False,False,True,a,False,False,True,a,False,False,True,a,False,a,False,False,True,a,False,False,True,a,False,False,True,a,False,False,a,False,True,a,False,False,True,a,False,False,True,a,False
both_correct,A_to_B,248,False,True,c,True,False,True,c,True,False,True,c,True,False,True,c,True,c,True,False,True,c,True,False,True,c,True,False,True,c,True,True,c,False,True,c,True,False,True,c,True,False,True,c,True
both_correct,B_to_A,248,False,True,c,True,False,True,c,True,False,True,c,True,False,True,c,True,c,True,False,True,c,True,False,True,c,True,False,True,c,True,True,c,False,True,c,True,False,True,c,True,False,True,c,True
both_correct,A_to_B,249,False,True,a,True,False,True,a,True,False,True,a,True,False,True,a,True,a,True,False,True,a,True,False,True,a,True,False,True,a,True,True,a,False,True,a,True,False,True,a,True,False,True,a,True
both_correct,B_to_A,249,False,True,a,True,False,True,a,True,False,True,a,True,False,True,a,True,a,True,False,True,a,True,False,True,a,True,False,True,a,True,True,a,False,True,a,True,False,True,a,True,False,True,a,True
both_wrong,A_to_B,250,False,True,b,False,False,True,b,False,False,True,b,False,False,True,b,False,b,False,False,True,b,False,False,True,b,False,False,True,b,False,False,b,False,True,b,False,False,True,b,False,False,True,b,False
both_wrong,B_to_A,250,False,True,b,False,False,True,b,False,False,True,b,False,False,True,b,False,b,False,False,True,b,False,False,True,b,False,False,True,b,False,False,b,False,True,b,False,False,True,b,False,False,True,b,False
correction_opportunity,A_to_B,251,False,False,a,False,False,False,a,False,False,False,a,False,False,False,a,False,a,False,False,False,a,False,False,False,a,False,False,False,a,False,True,b,True,True,b,True,True,True,b,True,True,True,b,True
destruction_risk,B_to_A,251,False,False,b,True,False,False,b,True,False,False,b,True,False,False,b,True,b,True,False,False,b,True,False,False,b,True,False,False,b,True,False,a,True,True,a,False,False,False,b,True,True,True,a,False
correction_opportunity,A_to_B,252,False,False,a,False,False,False,a,False,False,False,a,False,False,False,a,False,a,False,False,False,a,False,False,False,a,False,False,False,a,False,True,d,False,False,a,False,True,True,d,True,True,True,d,True
destruction_risk,B_to_A,252,False,False,d,True,False,False,d,True,False,False,d,True,False,False,d,True,d,True,False,False,d,True,False,False,d,True,False,False,d,True,False,a,False,False,d,True,True,True,a,False,False,False,d,True
both_wrong,A_to_B,253,False,True,d,False,False,True,d,False,False,True,d,False,False,True,d,False,d,False,False,True,d,False,False,True,d,False,False,True,d,False,False,d,False,True,d,False,False,True,d,False,False,True,d,False
both_wrong,B_to_A,253,False,True,d,False,False,True,d,False,False,True,d,False,False,True,d,False,d,False,False,True,d,False,False,True,d,False,False,True,d,False,False,d,False,True,d,False,False,True,d,False,False,True,d,False
both_correct,A_to_B,254,False,True,d,True,False,True,d,True,False,True,d,True,False,True,d,True,d,True,False,True,d,True,False,True,d,True,False,True,d,True,True,d,False,True,d,True,False,True,d,True,False,True,d,True
both_correct,B_to_A,254,False,True,d,True,False,True,d,True,False,True,d,True,False,True,d,True,d,True,False,True,d,True,False,True,d,True,False,True,d,True,True,d,False,True,d,True,False,True,d,True,False,True,d,True
both_correct,A_to_B,255,False,True,c,True,False,True,c,True,False,True,c,True,False,True,c,True,c,True,False,True,c,True,False,True,c,True,False,True,c,True,True,c,False,True,c,True,False,True,c,True,False,True,c,True
both_correct,B_to_A,255,False,True,c,True,False,True,c,True,False,True,c,True,False,True,c,True,c,True,False,True,c,True,False,True,c,True,False,True,c,True,True,c,False,True,c,True,False,True,c,True,False,True,c,True
both_correct,A_to_B,256,False,True,c,True,False,True,c,True,False,True,c,True,False,True,c,True,c,True,False,True,c,True,False,True,c,True,False,True,c,True,True,c,False,True,c,True,False,True,c,True,False,True,c,True
both_correct,B_to_A,256,False,True,c,True,False,True,c,True,False,True,c,True,False,True,c,True,c,True,False,True,c,True,False,True,c,True,False,True,c,True,True,c,False,True,c,True,False,True,c,True,False,True,c,True
both_wrong,A_to_B,257,False,True,d,False,False,True,d,False,False,True,d,False,False,True,d,False,d,False,False,True,d,False,False,True,d,False,False,True,d,False,False,d,False,True,d,False,False,True,d,False,False,True,d,False
both_wrong,B_to_A,257,False,True,d,False,False,True,d,False,False,True,d,False,False,True,d,False,d,False,False,True,d,False,False,True,d,False,False,True,d,False,False,d,False,True,d,False,False,True,d,False,False,True,d,False
destruction_risk,A_to_B,258,False,False,c,True,False,False,c,True,False,False,c,True,False,False,c,True,c,True,False,False,c,True,False,False,c,True,False,False,c,True,False,d,True,True,d,False,True,True,d,False,True,True,d,False
correction_opportunity,B_to_A,258,False,False,d,False,False,False,d,False,False,False,d,False,False,False,d,False,d,False,False,False,d,False,False,False,d,False,False,False,d,False,True,c,False,False,d,False,True,True,c,True,True,True,c,True
both_correct,A_to_B,259,False,True,b,True,False,True,b,True,False,True,b,True,False,True,b,True,b,True,False,True,b,True,False,True,b,True,False,True,b,True,True,b,False,True,b,True,False,True,b,True,False,True,b,True
both_correct,B_to_A,259,False,True,b,True,False,True,b,True,False,True,b,True,False,True,b,True,b,True,False,True,b,True,False,True,b,True,False,True,b,True,True,b,False,True,b,True,False,True,b,True,False,True,b,True
destruction_risk,A_to_B,260,False,False,c,True,False,False,c,True,False,False,c,True,False,False,c,True,c,True,False,False,c,True,False,False,c,True,False,False,c,True,False,b,True,True,b,False,True,True,b,False,True,True,b,False
correction_opportunity,B_to_A,260,False,False,b,False,False,False,b,False,False,False,b,False,False,False,b,False,b,False,False,False,b,False,False,False,b,False,False,False,b,False,True,c,False,False,b,False,True,True,c,True,True,True,c,True
both_correct,A_to_B,261,False,True,b,True,False,True,b,True,False,True,b,True,False,True,b,True,b,True,False,True,b,True,False,True,b,True,False,True,b,True,True,b,False,True,b,True,False,True,b,True,False,True,b,True
both_correct,B_to_A,261,False,True,b,True,False,True,b,True,False,True,b,True,False,True,b,True,b,True,False,True,b,True,False,True,b,True,False,True,b,True,True,b,False,True,b,True,False,True,b,True,False,True,b,True
both_wrong,A_to_B,262,False,True,b,False,False,True,b,False,False,True,b,False,False,True,b,False,b,False,False,True,b,False,False,True,b,False,False,True,b,False,False,b,False,True,b,False,False,True,b,False,False,True,b,False
both_wrong,B_to_A,262,False,True,b,False,False,True,b,False,False,True,b,False,False,True,b,False,b,False,False,True,b,False,False,True,b,False,False,True,b,False,False,b,False,True,b,False,False,True,b,False,False,True,b,False
both_wrong,A_to_B,263,False,True,b,False,False,True,b,False,False,True,b,False,False,True,b,False,b,False,False,True,b,False,False,True,b,False,False,True,b,False,False,b,False,True,b,False,False,True,b,False,False,True,b,False
both_wrong,B_to_A,263,False,True,b,False,False,True,b,False,False,True,b,False,False,True,b,False,b,False,False,True,b,False,False,True,b,False,False,True,b,False,False,b,False,True,b,False,False,True,b,False,False,True,b,False
both_correct,A_to_B,264,False,True,b,True,False,True,b,True,False,True,b,True,False,True,b,True,b,True,False,True,b,True,False,True,b,True,False,True,b,True,True,b,False,True,b,True,False,True,b,True,False,True,b,True
both_correct,B_to_A,264,False,True,b,True,False,True,b,True,False,True,b,True,False,True,b,True,b,True,True,False,,False,False,True,b,True,False,True,b,True,True,b,False,True,b,True,False,True,b,True,False,True,b,True
both_wrong,A_to_B,265,False,True,a,False,False,True,a,False,False,True,a,False,False,True,a,False,a,False,False,True,a,False,False,True,a,False,False,True,a,False,False,a,False,True,a,False,False,True,a,False,False,True,a,False
both_wrong,B_to_A,265,False,True,a,False,False,True,a,False,False,True,a,False,False,True,a,False,a,False,False,True,a,False,False,True,a,False,False,True,a,False,False,a,False,True,a,False,False,True,a,False,False,True,a,False
correction_opportunity,A_to_B,266,False,False,b,False,False,False,b,False,False,False,b,False,False,False,b,False,b,False,False,False,b,False,False,False,b,False,False,False,b,False,True,a,True,True,a,True,True,True,a,True,False,False,b,False
destruction_risk,B_to_A,266,False,False,a,True,False,False,a,True,True,True,b,False,False,False,a,True,a,True,False,False,a,True,False,False,a,True,False,False,a,True,False,b,False,False,a,True,True,True,b,False,True,True,b,False
both_correct,A_to_B,267,False,True,a,True,False,True,a,True,False,True,a,True,False,True,a,True,a,True,False,True,a,True,False,True,a,True,False,True,a,True,True,a,False,True,a,True,False,True,a,True,False,True,a,True
both_correct,B_to_A,267,False,True,a,True,False,True,a,True,False,True,a,True,False,True,a,True,a,True,False,True,a,True,False,True,a,True,False,True,a,True,True,a,False,True,a,True,False,True,a,True,False,True,a,True
both_correct,A_to_B,268,False,True,c,True,False,True,c,True,False,True,c,True,False,True,c,True,c,True,False,True,c,True,False,True,c,True,False,True,c,True,True,c,False,True,c,True,False,True,c,True,False,True,c,True
both_correct,B_to_A,268,False,True,c,True,False,True,c,True,False,True,c,True,False,True,c,True,c,True,False,True,c,True,False,True,c,True,False,True,c,True,True,c,False,True,c,True,False,True,c,True,False,True,c,True
destruction_risk,A_to_B,269,False,False,d,True,False,False,d,True,False,False,d,True,False,False,d,True,d,True,False,False,d,True,False,False,d,True,False,False,d,True,False,c,False,False,d,True,False,False,d,True,False,False,d,True
correction_opportunity,B_to_A,269,False,False,c,False,False,False,c,False,False,False,c,False,False,False,c,False,c,False,False,False,c,False,False,False,c,False,False,False,c,False,True,d,False,False,c,False,True,True,d,True,True,True,d,True
both_correct,A_to_B,270,False,True,a,True,False,True,a,True,False,True,a,True,False,True,a,True,a,True,False,True,a,True,False,True,a,True,False,True,a,True,True,a,False,True,a,True,False,True,a,True,False,True,a,True
both_correct,B_to_A,270,False,True,a,True,False,True,a,True,False,True,a,True,False,True,a,True,a,True,False,True,a,True,False,True,a,True,False,True,a,True,True,a,False,True,a,True,False,True,a,True,False,True,a,True
both_wrong,A_to_B,271,False,True,b,False,False,True,b,False,False,True,b,False,False,True,b,False,b,False,False,True,b,False,False,True,b,False,False,True,b,False,False,b,False,True,b,False,False,True,b,False,False,True,b,False
both_wrong,B_to_A,271,False,True,b,False,False,True,b,False,False,True,b,False,False,True,b,False,b,False,False,True,b,False,False,True,b,False,False,True,b,False,False,b,False,True,b,False,False,True,b,False,False,True,b,False
both_correct,A_to_B,272,False,True,b,True,False,True,b,True,False,True,b,True,False,True,b,True,b,True,False,True,b,True,False,True,b,True,False,True,b,True,True,b,False,True,b,True,False,True,b,True,False,True,b,True
both_correct,B_to_A,272,False,True,b,True,False,True,b,True,False,True,b,True,False,True,b,True,b,True,False,True,b,True,False,True,b,True,False,True,b,True,True,b,False,True,b,True,False,True,b,True,False,True,b,True
both_correct,A_to_B,273,False,True,a,True,False,True,a,True,False,True,a,True,False,True,a,True,a,True,False,True,a,True,False,True,a,True,False,True,a,True,True,a,False,True,a,True,False,True,a,True,False,True,a,True
both_correct,B_to_A,273,False,True,a,True,False,True,a,True,False,True,a,True,False,True,a,True,a,True,False,True,a,True,False,True,a,True,False,True,a,True,True,a,False,True,a,True,False,True,a,True,False,True,a,True
both_correct,A_to_B,274,False,True,b,True,False,True,b,True,False,True,b,True,False,True,b,True,b,True,False,True,b,True,False,True,b,True,False,True,b,True,True,b,False,True,b,True,False,True,b,True,False,True,b,True
both_correct,B_to_A,274,False,True,b,True,False,True,b,True,False,True,b,True,False,True,b,True,b,True,False,True,b,True,False,True,b,True,False,True,b,True,True,b,False,True,b,True,False,True,b,True,False,True,b,True
both_correct,A_to_B,275,False,True,b,True,False,True,b,True,False,True,b,True,False,True,b,True,b,True,False,True,b,True,False,True,b,True,False,True,b,True,True,b,False,True,b,True,False,True,b,True,False,True,b,True
both_correct,B_to_A,275,False,True,b,True,False,True,b,True,False,True,b,True,False,True,b,True,b,True,False,True,b,True,False,True,b,True,False,True,b,True,True,b,False,True,b,True,False,True,b,True,False,True,b,True
both_correct,A_to_B,276,False,True,c,True,False,True,c,True,False,True,c,True,False,True,c,True,c,True,False,True,c,True,False,True,c,True,False,True,c,True,True,c,False,True,c,True,False,True,c,True,False,True,c,True
both_correct,B_to_A,276,False,True,c,True,False,True,c,True,False,True,c,True,False,True,c,True,c,True,False,True,c,True,False,True,c,True,False,True,c,True,True,c,False,True,c,True,False,True,c,True,False,True,c,True
both_wrong,A_to_B,277,False,True,a,False,False,True,a,False,False,True,a,False,False,True,a,False,a,False,False,True,a,False,False,True,a,False,False,True,a,False,False,a,False,True,a,False,False,True,a,False,False,True,a,False
both_wrong,B_to_A,277,False,True,a,False,False,True,a,False,False,True,a,False,False,True,a,False,a,False,False,True,a,False,False,True,a,False,False,True,a,False,False,a,False,True,a,False,False,True,a,False,False,True,a,False
both_wrong,A_to_B,278,False,True,c,False,False,True,c,False,False,True,c,False,False,True,c,False,c,False,False,True,c,False,False,True,c,False,False,True,c,False,False,c,False,True,c,False,False,True,c,False,False,True,c,False
both_wrong,B_to_A,278,False,True,c,False,False,True,c,False,False,True,c,False,False,True,c,False,c,False,False,True,c,False,False,True,c,False,False,True,c,False,False,c,False,True,c,False,False,True,c,False,False,True,c,False
both_correct,A_to_B,279,False,True,a,True,False,True,a,True,False,True,a,True,False,True,a,True,a,True,False,True,a,True,False,True,a,True,False,True,a,True,True,a,False,True,a,True,False,True,a,True,False,True,a,True
both_correct,B_to_A,279,False,True,a,True,False,True,a,True,False,True,a,True,False,True,a,True,a,True,False,True,a,True,False,True,a,True,False,True,a,True,True,a,False,True,a,True,False,True,a,True,False,True,a,True
both_correct,A_to_B,280,False,True,a,True,False,True,a,True,False,True,a,True,False,True,a,True,a,True,False,True,a,True,False,True,a,True,False,True,a,True,True,a,False,True,a,True,False,True,a,True,False,True,a,True
both_correct,B_to_A,280,False,True,a,True,False,True,a,True,False,True,a,True,False,True,a,True,a,True,False,True,a,True,False,True,a,True,False,True,a,True,True,a,False,True,a,True,False,True,a,True,False,True,a,True
both_correct,A_to_B,281,False,True,a,True,False,True,a,True,False,True,a,True,False,True,a,True,a,True,False,True,a,True,False,True,a,True,False,True,a,True,True,a,False,True,a,True,False,True,a,True,False,True,a,True
both_correct,B_to_A,281,False,True,a,True,False,True,a,True,False,True,a,True,False,True,a,True,a,True,False,True,a,True,False,True,a,True,False,True,a,True,True,a,False,True,a,True,False,True,a,True,False,True,a,True
both_correct,A_to_B,282,False,True,b,True,False,True,b,True,False,True,b,True,False,True,b,True,b,True,False,True,b,True,False,True,b,True,False,True,b,True,True,b,False,True,b,True,False,True,b,True,False,True,b,True
both_correct,B_to_A,282,False,True,b,True,False,True,b,True,False,True,b,True,False,True,b,True,b,True,False,True,b,True,False,True,b,True,False,True,b,True,True,b,False,True,b,True,False,True,b,True,False,True,b,True
both_correct,A_to_B,283,False,True,c,True,False,True,c,True,False,True,c,True,False,True,c,True,c,True,False,True,c,True,False,True,c,True,False,True,c,True,True,c,False,True,c,True,False,True,c,True,False,True,c,True
both_correct,B_to_A,283,False,True,c,True,False,True,c,True,False,True,c,True,False,True,c,True,c,True,False,True,c,True,False,True,c,True,False,True,c,True,True,c,False,True,c,True,False,True,c,True,False,True,c,True
correction_opportunity,A_to_B,284,False,False,d,False,False,False,d,False,False,False,d,False,False,False,d,False,d,False,False,False,d,False,False,False,d,False,False,False,d,False,True,b,False,False,d,False,False,False,d,False,False,False,d,False
destruction_risk,B_to_A,284,False,False,b,True,False,False,b,True,False,False,b,True,False,False,b,True,b,True,False,False,b,True,False,False,b,True,False,False,b,True,False,d,True,True,d,False,True,True,d,False,True,True,d,False
both_correct,A_to_B,285,False,True,d,True,False,True,d,True,False,True,d,True,False,True,d,True,d,True,False,True,d,True,False,True,d,True,False,True,d,True,True,d,False,True,d,True,False,True,d,True,False,True,d,True
both_correct,B_to_A,285,False,True,d,True,False,True,d,True,False,True,d,True,False,True,d,True,d,True,False,True,d,True,False,True,d,True,False,True,d,True,True,d,False,True,d,True,False,True,d,True,False,True,d,True
both_wrong,A_to_B,286,False,False,c,False,False,False,c,False,False,False,c,False,False,False,c,False,c,False,False,False,c,False,False,False,c,False,False,False,c,False,False,d,True,True,d,False,True,True,d,False,True,True,d,False
both_wrong,B_to_A,286,False,False,d,False,False,False,d,False,False,False,d,False,False,False,d,False,d,False,False,False,d,False,False,False,d,False,False,False,d,False,False,c,False,False,d,False,True,True,c,False,True,True,c,False
both_wrong,A_to_B,287,False,True,d,False,False,True,d,False,False,True,d,False,False,True,d,False,d,False,False,True,d,False,False,True,d,False,False,True,d,False,False,d,False,True,d,False,False,True,d,False,False,True,d,False
both_wrong,B_to_A,287,False,True,d,False,False,True,d,False,False,True,d,False,False,True,d,False,d,False,False,True,d,False,False,True,d,False,False,True,d,False,False,d,False,True,d,False,False,True,d,False,False,True,d,False
both_correct,A_to_B,288,False,True,c,True,False,True,c,True,False,True,c,True,False,True,c,True,c,True,False,True,c,True,False,True,c,True,False,True,c,True,True,c,False,True,c,True,False,True,c,True,False,True,c,True
both_correct,B_to_A,288,False,True,c,True,False,True,c,True,False,True,c,True,False,True,c,True,c,True,False,True,c,True,False,True,c,True,False,True,c,True,True,c,False,True,c,True,False,True,c,True,False,True,c,True
destruction_risk,A_to_B,289,False,False,b,True,False,False,b,True,False,False,b,True,False,False,b,True,b,True,False,False,b,True,False,False,b,True,False,False,b,True,False,d,False,False,b,True,True,True,d,False,False,False,b,True
correction_opportunity,B_to_A,289,False,False,d,False,False,False,d,False,False,False,d,False,False,False,d,False,d,False,False,False,d,False,False,False,d,False,False,False,d,False,True,b,False,False,d,False,True,True,b,True,True,True,b,True
both_correct,A_to_B,290,False,True,c,True,False,True,c,True,False,True,c,True,False,True,c,True,c,True,False,True,c,True,False,True,c,True,False,True,c,True,True,c,False,True,c,True,False,True,c,True,False,True,c,True
both_correct,B_to_A,290,False,True,c,True,False,True,c,True,False,True,c,True,False,True,c,True,c,True,False,True,c,True,False,True,c,True,False,True,c,True,True,c,False,True,c,True,False,True,c,True,False,True,c,True
both_correct,A_to_B,291,False,True,a,True,False,True,a,True,False,True,a,True,False,True,a,True,a,True,False,True,a,True,False,True,a,True,False,True,a,True,True,a,False,True,a,True,False,True,a,True,False,True,a,True
both_correct,B_to_A,291,False,True,a,True,False,True,a,True,False,True,a,True,False,True,a,True,a,True,False,True,a,True,False,True,a,True,False,True,a,True,True,a,False,True,a,True,False,True,a,True,False,True,a,True
both_correct,A_to_B,292,False,True,a,True,False,True,a,True,False,True,a,True,False,True,a,True,a,True,False,True,a,True,False,True,a,True,False,True,a,True,True,a,False,True,a,True,False,True,a,True,False,True,a,True
both_correct,B_to_A,292,False,True,a,True,False,True,a,True,False,True,a,True,False,True,a,True,a,True,False,True,a,True,False,True,a,True,False,True,a,True,True,a,False,True,a,True,False,True,a,True,False,True,a,True
both_correct,A_to_B,293,False,True,c,True,False,True,c,True,False,True,c,True,False,True,c,True,c,True,False,True,c,True,False,True,c,True,False,True,c,True,True,c,False,True,c,True,False,True,c,True,False,True,c,True
both_correct,B_to_A,293,False,True,c,True,False,True,c,True,False,True,c,True,False,True,c,True,c,True,False,True,c,True,False,True,c,True,False,True,c,True,True,c,False,True,c,True,False,True,c,True,False,True,c,True
both_correct,A_to_B,294,False,True,a,True,False,True,a,True,False,True,a,True,False,True,a,True,a,True,False,True,a,True,False,True,a,True,False,True,a,True,True,a,False,True,a,True,False,True,a,True,False,True,a,True
both_correct,B_to_A,294,False,True,a,True,False,True,a,True,False,True,a,True,False,True,a,True,a,True,False,True,a,True,False,True,a,True,False,True,a,True,True,a,False,True,a,True,False,True,a,True,False,True,a,True
both_correct,A_to_B,295,False,True,c,True,False,True,c,True,False,True,c,True,False,True,c,True,c,True,False,True,c,True,False,True,c,True,False,True,c,True,True,c,False,True,c,True,False,True,c,True,False,True,c,True
both_correct,B_to_A,295,False,True,c,True,False,True,c,True,False,True,c,True,False,True,c,True,c,True,False,True,c,True,False,True,c,True,False,True,c,True,True,c,False,True,c,True,False,True,c,True,False,True,c,True
both_correct,A_to_B,296,False,True,b,True,False,True,b,True,False,True,b,True,False,True,b,True,b,True,False,True,b,True,False,True,b,True,False,True,b,True,True,b,False,True,b,True,False,True,b,True,False,True,b,True
both_correct,B_to_A,296,False,True,b,True,False,True,b,True,False,True,b,True,False,True,b,True,b,True,False,True,b,True,False,True,b,True,False,True,b,True,True,b,False,True,b,True,False,True,b,True,False,True,b,True
both_correct,A_to_B,297,False,True,a,True,False,True,a,True,False,True,a,True,False,True,a,True,a,True,False,True,a,True,False,True,a,True,False,True,a,True,True,a,False,True,a,True,False,True,a,True,False,True,a,True
both_correct,B_to_A,297,False,True,a,True,False,True,a,True,False,True,a,True,False,True,a,True,a,True,False,True,a,True,False,True,a,True,False,True,a,True,True,a,False,True,a,True,False,True,a,True,False,True,a,True
both_correct,A_to_B,298,False,True,c,True,False,True,c,True,False,True,c,True,False,True,c,True,c,True,False,True,c,True,False,True,c,True,False,True,c,True,True,c,False,True,c,True,False,True,c,True,False,True,c,True
both_correct,B_to_A,298,False,True,c,True,False,True,c,True,False,True,c,True,False,True,c,True,c,True,False,True,c,True,False,True,c,True,False,True,c,True,True,c,False,True,c,True,False,True,c,True,False,True,c,True
destruction_risk,A_to_B,299,False,False,d,True,False,False,d,True,False,False,d,True,False,False,d,True,d,True,False,False,d,True,False,False,d,True,False,False,d,True,False,b,False,False,d,True,True,True,b,False,True,True,b,False
correction_opportunity,B_to_A,299,False,False,b,False,False,False,b,False,False,False,b,False,False,False,b,False,b,False,False,False,b,False,False,False,b,False,False,False,b,False,True,d,False,False,b,False,True,True,d,True,True,True,d,True
