dataset,condition,item_id,sender_agent_id,receiver_agent_id,message_source,modality,characters,tokens,payload_bytes,candidate_pool,token_budget,selection_status,missing_sender_answer,truncated_message
MedQA,No Message,10,A,C,sender None on item None,none,MISSING,MISSING,0,NOT_APPLICABLE,NOT_APPLICABLE,no_selection_step,false,false
MedQA,No Message,10,B,C,sender None on item None,none,MISSING,MISSING,0,NOT_APPLICABLE,NOT_APPLICABLE,no_selection_step,false,false
MedQA,No Message,10,C,A,sender None on item None,none,MISSING,MISSING,0,NOT_APPLICABLE,NOT_APPLICABLE,no_selection_step,false,false
MedQA,No Message,10,C,B,sender None on item None,none,MISSING,MISSING,0,NOT_APPLICABLE,NOT_APPLICABLE,no_selection_step,false,false
MedQA,No Message,23,A,B,sender None on item None,none,MISSING,MISSING,0,NOT_APPLICABLE,NOT_APPLICABLE,no_selection_step,false,false
MedQA,No Message,23,A,C,sender None on item None,none,MISSING,MISSING,0,NOT_APPLICABLE,NOT_APPLICABLE,no_selection_step,false,false
MedQA,No Message,23,B,A,sender None on item None,none,MISSING,MISSING,0,NOT_APPLICABLE,NOT_APPLICABLE,no_selection_step,false,false
MedQA,No Message,23,C,A,sender None on item None,none,MISSING,MISSING,0,NOT_APPLICABLE,NOT_APPLICABLE,no_selection_step,false,false
MedQA,No Message,29,A,B,sender None on item None,none,MISSING,MISSING,0,NOT_APPLICABLE,NOT_APPLICABLE,no_selection_step,false,false
MedQA,No Message,29,B,A,sender None on item None,none,MISSING,MISSING,0,NOT_APPLICABLE,NOT_APPLICABLE,no_selection_step,false,false
MedQA,No Message,29,B,C,sender None on item None,none,MISSING,MISSING,0,NOT_APPLICABLE,NOT_APPLICABLE,no_selection_step,false,false
MedQA,No Message,29,C,B,sender None on item None,none,MISSING,MISSING,0,NOT_APPLICABLE,NOT_APPLICABLE,no_selection_step,false,false
MedQA,No Message,31,A,B,sender None on item None,none,MISSING,MISSING,0,NOT_APPLICABLE,NOT_APPLICABLE,no_selection_step,false,false
MedQA,No Message,31,B,A,sender None on item None,none,MISSING,MISSING,0,NOT_APPLICABLE,NOT_APPLICABLE,no_selection_step,false,false
MedQA,No Message,31,B,C,sender None on item None,none,MISSING,MISSING,0,NOT_APPLICABLE,NOT_APPLICABLE,no_selection_step,false,false
MedQA,No Message,31,C,B,sender None on item None,none,MISSING,MISSING,0,NOT_APPLICABLE,NOT_APPLICABLE,no_selection_step,false,false
MedQA,No Message,38,A,C,sender None on item None,none,MISSING,MISSING,0,NOT_APPLICABLE,NOT_APPLICABLE,no_selection_step,false,false
MedQA,No Message,38,B,C,sender None on item None,none,MISSING,MISSING,0,NOT_APPLICABLE,NOT_APPLICABLE,no_selection_step,false,false
MedQA,No Message,38,C,A,sender None on item None,none,MISSING,MISSING,0,NOT_APPLICABLE,NOT_APPLICABLE,no_selection_step,false,false
MedQA,No Message,38,C,B,sender None on item None,none,MISSING,MISSING,0,NOT_APPLICABLE,NOT_APPLICABLE,no_selection_step,false,false
MedQA,No Message,41,A,C,sender None on item None,none,MISSING,MISSING,0,NOT_APPLICABLE,NOT_APPLICABLE,no_selection_step,false,false
MedQA,No Message,41,B,C,sender None on item None,none,MISSING,MISSING,0,NOT_APPLICABLE,NOT_APPLICABLE,no_selection_step,false,false
MedQA,No Message,41,C,A,sender None on item None,none,MISSING,MISSING,0,NOT_APPLICABLE,NOT_APPLICABLE,no_selection_step,false,false
MedQA,No Message,41,C,B,sender None on item None,none,MISSING,MISSING,0,NOT_APPLICABLE,NOT_APPLICABLE,no_selection_step,false,false
MedQA,No Message,45,A,C,sender None on item None,none,MISSING,MISSING,0,NOT_APPLICABLE,NOT_APPLICABLE,no_selection_step,false,false
MedQA,No Message,45,B,C,sender None on item None,none,MISSING,MISSING,0,NOT_APPLICABLE,NOT_APPLICABLE,no_selection_step,false,false
MedQA,No Message,45,C,A,sender None on item None,none,MISSING,MISSING,0,NOT_APPLICABLE,NOT_APPLICABLE,no_selection_step,false,false
MedQA,No Message,45,C,B,sender None on item None,none,MISSING,MISSING,0,NOT_APPLICABLE,NOT_APPLICABLE,no_selection_step,false,false
MedQA,No Message,46,A,C,sender None on item None,none,MISSING,MISSING,0,NOT_APPLICABLE,NOT_APPLICABLE,no_selection_step,false,false
MedQA,No Message,46,B,C,sender None on item None,none,MISSING,MISSING,0,NOT_APPLICABLE,NOT_APPLICABLE,no_selection_step,false,false
MedQA,No Message,46,C,A,sender None on item None,none,MISSING,MISSING,0,NOT_APPLICABLE,NOT_APPLICABLE,no_selection_step,false,false
MedQA,No Message,46,C,B,sender None on item None,none,MISSING,MISSING,0,NOT_APPLICABLE,NOT_APPLICABLE,no_selection_step,false,false
MedQA,No Message,55,A,C,sender None on item None,none,MISSING,MISSING,0,NOT_APPLICABLE,NOT_APPLICABLE,no_selection_step,false,false
MedQA,No Message,55,B,C,sender None on item None,none,MISSING,MISSING,0,NOT_APPLICABLE,NOT_APPLICABLE,no_selection_step,false,false
MedQA,No Message,55,C,A,sender None on item None,none,MISSING,MISSING,0,NOT_APPLICABLE,NOT_APPLICABLE,no_selection_step,false,false
MedQA,No Message,55,C,B,sender None on item None,none,MISSING,MISSING,0,NOT_APPLICABLE,NOT_APPLICABLE,no_selection_step,false,false
MedQA,No Message,71,A,B,sender None on item None,none,MISSING,MISSING,0,NOT_APPLICABLE,NOT_APPLICABLE,no_selection_step,false,false
MedQA,No Message,71,B,A,sender None on item None,none,MISSING,MISSING,0,NOT_APPLICABLE,NOT_APPLICABLE,no_selection_step,false,false
MedQA,No Message,71,B,C,sender None on item None,none,MISSING,MISSING,0,NOT_APPLICABLE,NOT_APPLICABLE,no_selection_step,false,false
MedQA,No Message,71,C,B,sender None on item None,none,MISSING,MISSING,0,NOT_APPLICABLE,NOT_APPLICABLE,no_selection_step,false,false
MedQA,No Message,75,A,B,sender None on item None,none,MISSING,MISSING,0,NOT_APPLICABLE,NOT_APPLICABLE,no_selection_step,false,false
MedQA,No Message,75,A,C,sender None on item None,none,MISSING,MISSING,0,NOT_APPLICABLE,NOT_APPLICABLE,no_selection_step,false,false
MedQA,No Message,75,B,A,sender None on item None,none,MISSING,MISSING,0,NOT_APPLICABLE,NOT_APPLICABLE,no_selection_step,false,false
MedQA,No Message,75,C,A,sender None on item None,none,MISSING,MISSING,0,NOT_APPLICABLE,NOT_APPLICABLE,no_selection_step,false,false
MedQA,No Message,79,A,B,sender None on item None,none,MISSING,MISSING,0,NOT_APPLICABLE,NOT_APPLICABLE,no_selection_step,false,false
MedQA,No Message,79,A,C,sender None on item None,none,MISSING,MISSING,0,NOT_APPLICABLE,NOT_APPLICABLE,no_selection_step,false,false
MedQA,No Message,79,B,A,sender None on item None,none,MISSING,MISSING,0,NOT_APPLICABLE,NOT_APPLICABLE,no_selection_step,false,false
MedQA,No Message,79,C,A,sender None on item None,none,MISSING,MISSING,0,NOT_APPLICABLE,NOT_APPLICABLE,no_selection_step,false,false
MedQA,No Message,84,A,B,sender None on item None,none,MISSING,MISSING,0,NOT_APPLICABLE,NOT_APPLICABLE,no_selection_step,false,false
MedQA,No Message,84,B,A,sender None on item None,none,MISSING,MISSING,0,NOT_APPLICABLE,NOT_APPLICABLE,no_selection_step,false,false
MedQA,No Message,84,B,C,sender None on item None,none,MISSING,MISSING,0,NOT_APPLICABLE,NOT_APPLICABLE,no_selection_step,false,false
MedQA,No Message,84,C,B,sender None on item None,none,MISSING,MISSING,0,NOT_APPLICABLE,NOT_APPLICABLE,no_selection_step,false,false
MedQA,No Message,89,A,B,sender None on item None,none,MISSING,MISSING,0,NOT_APPLICABLE,NOT_APPLICABLE,no_selection_step,false,false
MedQA,No Message,89,A,C,sender None on item None,none,MISSING,MISSING,0,NOT_APPLICABLE,NOT_APPLICABLE,no_selection_step,false,false
MedQA,No Message,89,B,A,sender None on item None,none,MISSING,MISSING,0,NOT_APPLICABLE,NOT_APPLICABLE,no_selection_step,false,false
MedQA,No Message,89,C,A,sender None on item None,none,MISSING,MISSING,0,NOT_APPLICABLE,NOT_APPLICABLE,no_selection_step,false,false
MedQA,No Message,92,A,B,sender None on item None,none,MISSING,MISSING,0,NOT_APPLICABLE,NOT_APPLICABLE,no_selection_step,false,false
MedQA,No Message,92,A,C,sender None on item None,none,MISSING,MISSING,0,NOT_APPLICABLE,NOT_APPLICABLE,no_selection_step,false,false
MedQA,No Message,92,B,A,sender None on item None,none,MISSING,MISSING,0,NOT_APPLICABLE,NOT_APPLICABLE,no_selection_step,false,false
MedQA,No Message,92,C,A,sender None on item None,none,MISSING,MISSING,0,NOT_APPLICABLE,NOT_APPLICABLE,no_selection_step,false,false
MedQA,No Message,94,A,B,sender None on item None,none,MISSING,MISSING,0,NOT_APPLICABLE,NOT_APPLICABLE,no_selection_step,false,false
MedQA,No Message,94,A,C,sender None on item None,none,MISSING,MISSING,0,NOT_APPLICABLE,NOT_APPLICABLE,no_selection_step,false,false
MedQA,No Message,94,B,A,sender None on item None,none,MISSING,MISSING,0,NOT_APPLICABLE,NOT_APPLICABLE,no_selection_step,false,false
MedQA,No Message,94,C,A,sender None on item None,none,MISSING,MISSING,0,NOT_APPLICABLE,NOT_APPLICABLE,no_selection_step,false,false
MedQA,No Message,97,A,B,sender None on item None,none,MISSING,MISSING,0,NOT_APPLICABLE,NOT_APPLICABLE,no_selection_step,false,false
MedQA,No Message,97,A,C,sender None on item None,none,MISSING,MISSING,0,NOT_APPLICABLE,NOT_APPLICABLE,no_selection_step,false,false
MedQA,No Message,97,B,A,sender None on item None,none,MISSING,MISSING,0,NOT_APPLICABLE,NOT_APPLICABLE,no_selection_step,false,false
MedQA,No Message,97,C,A,sender None on item None,none,MISSING,MISSING,0,NOT_APPLICABLE,NOT_APPLICABLE,no_selection_step,false,false
MedQA,No Message,102,A,C,sender None on item None,none,MISSING,MISSING,0,NOT_APPLICABLE,NOT_APPLICABLE,no_selection_step,false,false
MedQA,No Message,102,B,C,sender None on item None,none,MISSING,MISSING,0,NOT_APPLICABLE,NOT_APPLICABLE,no_selection_step,false,false
MedQA,No Message,102,C,A,sender None on item None,none,MISSING,MISSING,0,NOT_APPLICABLE,NOT_APPLICABLE,no_selection_step,false,false
MedQA,No Message,102,C,B,sender None on item None,none,MISSING,MISSING,0,NOT_APPLICABLE,NOT_APPLICABLE,no_selection_step,false,false
MedQA,No Message,103,A,B,sender None on item None,none,MISSING,MISSING,0,NOT_APPLICABLE,NOT_APPLICABLE,no_selection_step,false,false
MedQA,No Message,103,A,C,sender None on item None,none,MISSING,MISSING,0,NOT_APPLICABLE,NOT_APPLICABLE,no_selection_step,false,false
MedQA,No Message,103,B,A,sender None on item None,none,MISSING,MISSING,0,NOT_APPLICABLE,NOT_APPLICABLE,no_selection_step,false,false
MedQA,No Message,103,C,A,sender None on item None,none,MISSING,MISSING,0,NOT_APPLICABLE,NOT_APPLICABLE,no_selection_step,false,false
MedQA,No Message,106,A,C,sender None on item None,none,MISSING,MISSING,0,NOT_APPLICABLE,NOT_APPLICABLE,no_selection_step,false,false
MedQA,No Message,106,B,C,sender None on item None,none,MISSING,MISSING,0,NOT_APPLICABLE,NOT_APPLICABLE,no_selection_step,false,false
MedQA,No Message,106,C,A,sender None on item None,none,MISSING,MISSING,0,NOT_APPLICABLE,NOT_APPLICABLE,no_selection_step,false,false
MedQA,No Message,106,C,B,sender None on item None,none,MISSING,MISSING,0,NOT_APPLICABLE,NOT_APPLICABLE,no_selection_step,false,false
MedQA,No Message,110,A,B,sender None on item None,none,MISSING,MISSING,0,NOT_APPLICABLE,NOT_APPLICABLE,no_selection_step,false,false
MedQA,No Message,110,B,A,sender None on item None,none,MISSING,MISSING,0,NOT_APPLICABLE,NOT_APPLICABLE,no_selection_step,false,false
MedQA,No Message,110,B,C,sender None on item None,none,MISSING,MISSING,0,NOT_APPLICABLE,NOT_APPLICABLE,no_selection_step,false,false
MedQA,No Message,110,C,B,sender None on item None,none,MISSING,MISSING,0,NOT_APPLICABLE,NOT_APPLICABLE,no_selection_step,false,false
MedQA,No Message,113,A,B,sender None on item None,none,MISSING,MISSING,0,NOT_APPLICABLE,NOT_APPLICABLE,no_selection_step,false,false
MedQA,No Message,113,B,A,sender None on item None,none,MISSING,MISSING,0,NOT_APPLICABLE,NOT_APPLICABLE,no_selection_step,false,false
MedQA,No Message,113,B,C,sender None on item None,none,MISSING,MISSING,0,NOT_APPLICABLE,NOT_APPLICABLE,no_selection_step,false,false
MedQA,No Message,113,C,B,sender None on item None,none,MISSING,MISSING,0,NOT_APPLICABLE,NOT_APPLICABLE,no_selection_step,false,false
MedQA,No Message,119,A,C,sender None on item None,none,MISSING,MISSING,0,NOT_APPLICABLE,NOT_APPLICABLE,no_selection_step,false,false
MedQA,No Message,119,B,C,sender None on item None,none,MISSING,MISSING,0,NOT_APPLICABLE,NOT_APPLICABLE,no_selection_step,false,false
MedQA,No Message,119,C,A,sender None on item None,none,MISSING,MISSING,0,NOT_APPLICABLE,NOT_APPLICABLE,no_selection_step,false,false
MedQA,No Message,119,C,B,sender None on item None,none,MISSING,MISSING,0,NOT_APPLICABLE,NOT_APPLICABLE,no_selection_step,false,false
MedQA,No Message,121,A,B,sender None on item None,none,MISSING,MISSING,0,NOT_APPLICABLE,NOT_APPLICABLE,no_selection_step,false,false
MedQA,No Message,121,B,A,sender None on item None,none,MISSING,MISSING,0,NOT_APPLICABLE,NOT_APPLICABLE,no_selection_step,false,false
MedQA,No Message,121,B,C,sender None on item None,none,MISSING,MISSING,0,NOT_APPLICABLE,NOT_APPLICABLE,no_selection_step,false,false
MedQA,No Message,121,C,B,sender None on item None,none,MISSING,MISSING,0,NOT_APPLICABLE,NOT_APPLICABLE,no_selection_step,false,false
MedQA,No Message,122,A,B,sender None on item None,none,MISSING,MISSING,0,NOT_APPLICABLE,NOT_APPLICABLE,no_selection_step,false,false
MedQA,No Message,122,B,A,sender None on item None,none,MISSING,MISSING,0,NOT_APPLICABLE,NOT_APPLICABLE,no_selection_step,false,false
MedQA,No Message,122,B,C,sender None on item None,none,MISSING,MISSING,0,NOT_APPLICABLE,NOT_APPLICABLE,no_selection_step,false,false
MedQA,No Message,122,C,B,sender None on item None,none,MISSING,MISSING,0,NOT_APPLICABLE,NOT_APPLICABLE,no_selection_step,false,false
MedQA,No Message,127,A,B,sender None on item None,none,MISSING,MISSING,0,NOT_APPLICABLE,NOT_APPLICABLE,no_selection_step,false,false
MedQA,No Message,127,A,C,sender None on item None,none,MISSING,MISSING,0,NOT_APPLICABLE,NOT_APPLICABLE,no_selection_step,false,false
MedQA,No Message,127,B,A,sender None on item None,none,MISSING,MISSING,0,NOT_APPLICABLE,NOT_APPLICABLE,no_selection_step,false,false
MedQA,No Message,127,C,A,sender None on item None,none,MISSING,MISSING,0,NOT_APPLICABLE,NOT_APPLICABLE,no_selection_step,false,false
MedQA,No Message,131,A,B,sender None on item None,none,MISSING,MISSING,0,NOT_APPLICABLE,NOT_APPLICABLE,no_selection_step,false,false
MedQA,No Message,131,B,A,sender None on item None,none,MISSING,MISSING,0,NOT_APPLICABLE,NOT_APPLICABLE,no_selection_step,false,false
MedQA,No Message,131,B,C,sender None on item None,none,MISSING,MISSING,0,NOT_APPLICABLE,NOT_APPLICABLE,no_selection_step,false,false
MedQA,No Message,131,C,B,sender None on item None,none,MISSING,MISSING,0,NOT_APPLICABLE,NOT_APPLICABLE,no_selection_step,false,false
MedQA,No Message,136,A,B,sender None on item None,none,MISSING,MISSING,0,NOT_APPLICABLE,NOT_APPLICABLE,no_selection_step,false,false
MedQA,No Message,136,A,C,sender None on item None,none,MISSING,MISSING,0,NOT_APPLICABLE,NOT_APPLICABLE,no_selection_step,false,false
MedQA,No Message,136,B,A,sender None on item None,none,MISSING,MISSING,0,NOT_APPLICABLE,NOT_APPLICABLE,no_selection_step,false,false
MedQA,No Message,136,C,A,sender None on item None,none,MISSING,MISSING,0,NOT_APPLICABLE,NOT_APPLICABLE,no_selection_step,false,false
MedQA,No Message,137,A,B,sender None on item None,none,MISSING,MISSING,0,NOT_APPLICABLE,NOT_APPLICABLE,no_selection_step,false,false
MedQA,No Message,137,B,A,sender None on item None,none,MISSING,MISSING,0,NOT_APPLICABLE,NOT_APPLICABLE,no_selection_step,false,false
MedQA,No Message,137,B,C,sender None on item None,none,MISSING,MISSING,0,NOT_APPLICABLE,NOT_APPLICABLE,no_selection_step,false,false
MedQA,No Message,137,C,B,sender None on item None,none,MISSING,MISSING,0,NOT_APPLICABLE,NOT_APPLICABLE,no_selection_step,false,false
MedQA,No Message,142,A,B,sender None on item None,none,MISSING,MISSING,0,NOT_APPLICABLE,NOT_APPLICABLE,no_selection_step,false,false
MedQA,No Message,142,A,C,sender None on item None,none,MISSING,MISSING,0,NOT_APPLICABLE,NOT_APPLICABLE,no_selection_step,false,false
MedQA,No Message,142,B,A,sender None on item None,none,MISSING,MISSING,0,NOT_APPLICABLE,NOT_APPLICABLE,no_selection_step,false,false
MedQA,No Message,142,C,A,sender None on item None,none,MISSING,MISSING,0,NOT_APPLICABLE,NOT_APPLICABLE,no_selection_step,false,false
MedQA,No Message,144,A,C,sender None on item None,none,MISSING,MISSING,0,NOT_APPLICABLE,NOT_APPLICABLE,no_selection_step,false,false
MedQA,No Message,144,B,C,sender None on item None,none,MISSING,MISSING,0,NOT_APPLICABLE,NOT_APPLICABLE,no_selection_step,false,false
MedQA,No Message,144,C,A,sender None on item None,none,MISSING,MISSING,0,NOT_APPLICABLE,NOT_APPLICABLE,no_selection_step,false,false
MedQA,No Message,144,C,B,sender None on item None,none,MISSING,MISSING,0,NOT_APPLICABLE,NOT_APPLICABLE,no_selection_step,false,false
MedQA,No Message,145,A,B,sender None on item None,none,MISSING,MISSING,0,NOT_APPLICABLE,NOT_APPLICABLE,no_selection_step,false,false
MedQA,No Message,145,B,A,sender None on item None,none,MISSING,MISSING,0,NOT_APPLICABLE,NOT_APPLICABLE,no_selection_step,false,false
MedQA,No Message,145,B,C,sender None on item None,none,MISSING,MISSING,0,NOT_APPLICABLE,NOT_APPLICABLE,no_selection_step,false,false
MedQA,No Message,145,C,B,sender None on item None,none,MISSING,MISSING,0,NOT_APPLICABLE,NOT_APPLICABLE,no_selection_step,false,false
MedQA,No Message,161,A,B,sender None on item None,none,MISSING,MISSING,0,NOT_APPLICABLE,NOT_APPLICABLE,no_selection_step,false,false
MedQA,No Message,161,A,C,sender None on item None,none,MISSING,MISSING,0,NOT_APPLICABLE,NOT_APPLICABLE,no_selection_step,false,false
MedQA,No Message,161,B,A,sender None on item None,none,MISSING,MISSING,0,NOT_APPLICABLE,NOT_APPLICABLE,no_selection_step,false,false
MedQA,No Message,161,C,A,sender None on item None,none,MISSING,MISSING,0,NOT_APPLICABLE,NOT_APPLICABLE,no_selection_step,false,false
MedQA,No Message,162,A,B,sender None on item None,none,MISSING,MISSING,0,NOT_APPLICABLE,NOT_APPLICABLE,no_selection_step,false,false
MedQA,No Message,162,A,C,sender None on item None,none,MISSING,MISSING,0,NOT_APPLICABLE,NOT_APPLICABLE,no_selection_step,false,false
MedQA,No Message,162,B,A,sender None on item None,none,MISSING,MISSING,0,NOT_APPLICABLE,NOT_APPLICABLE,no_selection_step,false,false
MedQA,No Message,162,C,A,sender None on item None,none,MISSING,MISSING,0,NOT_APPLICABLE,NOT_APPLICABLE,no_selection_step,false,false
MedQA,No Message,168,A,B,sender None on item None,none,MISSING,MISSING,0,NOT_APPLICABLE,NOT_APPLICABLE,no_selection_step,false,false
MedQA,No Message,168,A,C,sender None on item None,none,MISSING,MISSING,0,NOT_APPLICABLE,NOT_APPLICABLE,no_selection_step,false,false
MedQA,No Message,168,B,A,sender None on item None,none,MISSING,MISSING,0,NOT_APPLICABLE,NOT_APPLICABLE,no_selection_step,false,false
MedQA,No Message,168,C,A,sender None on item None,none,MISSING,MISSING,0,NOT_APPLICABLE,NOT_APPLICABLE,no_selection_step,false,false
MedQA,No Message,175,A,C,sender None on item None,none,MISSING,MISSING,0,NOT_APPLICABLE,NOT_APPLICABLE,no_selection_step,false,false
MedQA,No Message,175,B,C,sender None on item None,none,MISSING,MISSING,0,NOT_APPLICABLE,NOT_APPLICABLE,no_selection_step,false,false
MedQA,No Message,175,C,A,sender None on item None,none,MISSING,MISSING,0,NOT_APPLICABLE,NOT_APPLICABLE,no_selection_step,false,false
MedQA,No Message,175,C,B,sender None on item None,none,MISSING,MISSING,0,NOT_APPLICABLE,NOT_APPLICABLE,no_selection_step,false,false
MedQA,No Message,177,A,B,sender None on item None,none,MISSING,MISSING,0,NOT_APPLICABLE,NOT_APPLICABLE,no_selection_step,false,false
MedQA,No Message,177,A,C,sender None on item None,none,MISSING,MISSING,0,NOT_APPLICABLE,NOT_APPLICABLE,no_selection_step,false,false
MedQA,No Message,177,B,A,sender None on item None,none,MISSING,MISSING,0,NOT_APPLICABLE,NOT_APPLICABLE,no_selection_step,false,false
MedQA,No Message,177,C,A,sender None on item None,none,MISSING,MISSING,0,NOT_APPLICABLE,NOT_APPLICABLE,no_selection_step,false,false
MedQA,No Message,179,A,C,sender None on item None,none,MISSING,MISSING,0,NOT_APPLICABLE,NOT_APPLICABLE,no_selection_step,false,false
MedQA,No Message,179,B,C,sender None on item None,none,MISSING,MISSING,0,NOT_APPLICABLE,NOT_APPLICABLE,no_selection_step,false,false
MedQA,No Message,179,C,A,sender None on item None,none,MISSING,MISSING,0,NOT_APPLICABLE,NOT_APPLICABLE,no_selection_step,false,false
MedQA,No Message,179,C,B,sender None on item None,none,MISSING,MISSING,0,NOT_APPLICABLE,NOT_APPLICABLE,no_selection_step,false,false
MedQA,No Message,181,A,B,sender None on item None,none,MISSING,MISSING,0,NOT_APPLICABLE,NOT_APPLICABLE,no_selection_step,false,false
MedQA,No Message,181,B,A,sender None on item None,none,MISSING,MISSING,0,NOT_APPLICABLE,NOT_APPLICABLE,no_selection_step,false,false
MedQA,No Message,181,B,C,sender None on item None,none,MISSING,MISSING,0,NOT_APPLICABLE,NOT_APPLICABLE,no_selection_step,false,false
MedQA,No Message,181,C,B,sender None on item None,none,MISSING,MISSING,0,NOT_APPLICABLE,NOT_APPLICABLE,no_selection_step,false,false
MedQA,No Message,203,A,B,sender None on item None,none,MISSING,MISSING,0,NOT_APPLICABLE,NOT_APPLICABLE,no_selection_step,false,false
MedQA,No Message,203,B,A,sender None on item None,none,MISSING,MISSING,0,NOT_APPLICABLE,NOT_APPLICABLE,no_selection_step,false,false
MedQA,No Message,203,B,C,sender None on item None,none,MISSING,MISSING,0,NOT_APPLICABLE,NOT_APPLICABLE,no_selection_step,false,false
MedQA,No Message,203,C,B,sender None on item None,none,MISSING,MISSING,0,NOT_APPLICABLE,NOT_APPLICABLE,no_selection_step,false,false
MedQA,No Message,211,A,B,sender None on item None,none,MISSING,MISSING,0,NOT_APPLICABLE,NOT_APPLICABLE,no_selection_step,false,false
MedQA,No Message,211,B,A,sender None on item None,none,MISSING,MISSING,0,NOT_APPLICABLE,NOT_APPLICABLE,no_selection_step,false,false
MedQA,No Message,211,B,C,sender None on item None,none,MISSING,MISSING,0,NOT_APPLICABLE,NOT_APPLICABLE,no_selection_step,false,false
MedQA,No Message,211,C,B,sender None on item None,none,MISSING,MISSING,0,NOT_APPLICABLE,NOT_APPLICABLE,no_selection_step,false,false
MedQA,No Message,217,A,C,sender None on item None,none,MISSING,MISSING,0,NOT_APPLICABLE,NOT_APPLICABLE,no_selection_step,false,false
MedQA,No Message,217,B,C,sender None on item None,none,MISSING,MISSING,0,NOT_APPLICABLE,NOT_APPLICABLE,no_selection_step,false,false
MedQA,No Message,217,C,A,sender None on item None,none,MISSING,MISSING,0,NOT_APPLICABLE,NOT_APPLICABLE,no_selection_step,false,false
MedQA,No Message,217,C,B,sender None on item None,none,MISSING,MISSING,0,NOT_APPLICABLE,NOT_APPLICABLE,no_selection_step,false,false
MedQA,No Message,230,A,B,sender None on item None,none,MISSING,MISSING,0,NOT_APPLICABLE,NOT_APPLICABLE,no_selection_step,false,false
MedQA,No Message,230,A,C,sender None on item None,none,MISSING,MISSING,0,NOT_APPLICABLE,NOT_APPLICABLE,no_selection_step,false,false
MedQA,No Message,230,B,A,sender None on item None,none,MISSING,MISSING,0,NOT_APPLICABLE,NOT_APPLICABLE,no_selection_step,false,false
MedQA,No Message,230,C,A,sender None on item None,none,MISSING,MISSING,0,NOT_APPLICABLE,NOT_APPLICABLE,no_selection_step,false,false
MedQA,No Message,237,A,B,sender None on item None,none,MISSING,MISSING,0,NOT_APPLICABLE,NOT_APPLICABLE,no_selection_step,false,false
MedQA,No Message,237,A,C,sender None on item None,none,MISSING,MISSING,0,NOT_APPLICABLE,NOT_APPLICABLE,no_selection_step,false,false
MedQA,No Message,237,B,A,sender None on item None,none,MISSING,MISSING,0,NOT_APPLICABLE,NOT_APPLICABLE,no_selection_step,false,false
MedQA,No Message,237,C,A,sender None on item None,none,MISSING,MISSING,0,NOT_APPLICABLE,NOT_APPLICABLE,no_selection_step,false,false
MedQA,No Message,242,A,B,sender None on item None,none,MISSING,MISSING,0,NOT_APPLICABLE,NOT_APPLICABLE,no_selection_step,false,false
MedQA,No Message,242,B,A,sender None on item None,none,MISSING,MISSING,0,NOT_APPLICABLE,NOT_APPLICABLE,no_selection_step,false,false
MedQA,No Message,242,B,C,sender None on item None,none,MISSING,MISSING,0,NOT_APPLICABLE,NOT_APPLICABLE,no_selection_step,false,false
MedQA,No Message,242,C,B,sender None on item None,none,MISSING,MISSING,0,NOT_APPLICABLE,NOT_APPLICABLE,no_selection_step,false,false
MedQA,No Message,244,A,B,sender None on item None,none,MISSING,MISSING,0,NOT_APPLICABLE,NOT_APPLICABLE,no_selection_step,false,false
MedQA,No Message,244,B,A,sender None on item None,none,MISSING,MISSING,0,NOT_APPLICABLE,NOT_APPLICABLE,no_selection_step,false,false
MedQA,No Message,244,B,C,sender None on item None,none,MISSING,MISSING,0,NOT_APPLICABLE,NOT_APPLICABLE,no_selection_step,false,false
MedQA,No Message,244,C,B,sender None on item None,none,MISSING,MISSING,0,NOT_APPLICABLE,NOT_APPLICABLE,no_selection_step,false,false
MedQA,No Message,246,A,C,sender None on item None,none,MISSING,MISSING,0,NOT_APPLICABLE,NOT_APPLICABLE,no_selection_step,false,false
MedQA,No Message,246,B,C,sender None on item None,none,MISSING,MISSING,0,NOT_APPLICABLE,NOT_APPLICABLE,no_selection_step,false,false
MedQA,No Message,246,C,A,sender None on item None,none,MISSING,MISSING,0,NOT_APPLICABLE,NOT_APPLICABLE,no_selection_step,false,false
MedQA,No Message,246,C,B,sender None on item None,none,MISSING,MISSING,0,NOT_APPLICABLE,NOT_APPLICABLE,no_selection_step,false,false
MedQA,No Message,251,A,C,sender None on item None,none,MISSING,MISSING,0,NOT_APPLICABLE,NOT_APPLICABLE,no_selection_step,false,false
MedQA,No Message,251,B,C,sender None on item None,none,MISSING,MISSING,0,NOT_APPLICABLE,NOT_APPLICABLE,no_selection_step,false,false
MedQA,No Message,251,C,A,sender None on item None,none,MISSING,MISSING,0,NOT_APPLICABLE,NOT_APPLICABLE,no_selection_step,false,false
MedQA,No Message,251,C,B,sender None on item None,none,MISSING,MISSING,0,NOT_APPLICABLE,NOT_APPLICABLE,no_selection_step,false,false
MedQA,No Message,253,A,B,sender None on item None,none,MISSING,MISSING,0,NOT_APPLICABLE,NOT_APPLICABLE,no_selection_step,false,false
MedQA,No Message,253,A,C,sender None on item None,none,MISSING,MISSING,0,NOT_APPLICABLE,NOT_APPLICABLE,no_selection_step,false,false
MedQA,No Message,253,B,A,sender None on item None,none,MISSING,MISSING,0,NOT_APPLICABLE,NOT_APPLICABLE,no_selection_step,false,false
MedQA,No Message,253,C,A,sender None on item None,none,MISSING,MISSING,0,NOT_APPLICABLE,NOT_APPLICABLE,no_selection_step,false,false
MedQA,No Message,260,A,B,sender None on item None,none,MISSING,MISSING,0,NOT_APPLICABLE,NOT_APPLICABLE,no_selection_step,false,false
MedQA,No Message,260,A,C,sender None on item None,none,MISSING,MISSING,0,NOT_APPLICABLE,NOT_APPLICABLE,no_selection_step,false,false
MedQA,No Message,260,B,A,sender None on item None,none,MISSING,MISSING,0,NOT_APPLICABLE,NOT_APPLICABLE,no_selection_step,false,false
MedQA,No Message,260,C,A,sender None on item None,none,MISSING,MISSING,0,NOT_APPLICABLE,NOT_APPLICABLE,no_selection_step,false,false
MedQA,No Message,264,A,C,sender None on item None,none,MISSING,MISSING,0,NOT_APPLICABLE,NOT_APPLICABLE,no_selection_step,false,false
MedQA,No Message,264,B,C,sender None on item None,none,MISSING,MISSING,0,NOT_APPLICABLE,NOT_APPLICABLE,no_selection_step,false,false
MedQA,No Message,264,C,A,sender None on item None,none,MISSING,MISSING,0,NOT_APPLICABLE,NOT_APPLICABLE,no_selection_step,false,false
MedQA,No Message,264,C,B,sender None on item None,none,MISSING,MISSING,0,NOT_APPLICABLE,NOT_APPLICABLE,no_selection_step,false,false
MedQA,No Message,266,A,B,sender None on item None,none,MISSING,MISSING,0,NOT_APPLICABLE,NOT_APPLICABLE,no_selection_step,false,false
MedQA,No Message,266,A,C,sender None on item None,none,MISSING,MISSING,0,NOT_APPLICABLE,NOT_APPLICABLE,no_selection_step,false,false
MedQA,No Message,266,B,A,sender None on item None,none,MISSING,MISSING,0,NOT_APPLICABLE,NOT_APPLICABLE,no_selection_step,false,false
MedQA,No Message,266,C,A,sender None on item None,none,MISSING,MISSING,0,NOT_APPLICABLE,NOT_APPLICABLE,no_selection_step,false,false
MedQA,No Message,274,A,B,sender None on item None,none,MISSING,MISSING,0,NOT_APPLICABLE,NOT_APPLICABLE,no_selection_step,false,false
MedQA,No Message,274,B,A,sender None on item None,none,MISSING,MISSING,0,NOT_APPLICABLE,NOT_APPLICABLE,no_selection_step,false,false
MedQA,No Message,274,B,C,sender None on item None,none,MISSING,MISSING,0,NOT_APPLICABLE,NOT_APPLICABLE,no_selection_step,false,false
MedQA,No Message,274,C,B,sender None on item None,none,MISSING,MISSING,0,NOT_APPLICABLE,NOT_APPLICABLE,no_selection_step,false,false
MedQA,No Message,277,A,B,sender None on item None,none,MISSING,MISSING,0,NOT_APPLICABLE,NOT_APPLICABLE,no_selection_step,false,false
MedQA,No Message,277,B,A,sender None on item None,none,MISSING,MISSING,0,NOT_APPLICABLE,NOT_APPLICABLE,no_selection_step,false,false
MedQA,No Message,277,B,C,sender None on item None,none,MISSING,MISSING,0,NOT_APPLICABLE,NOT_APPLICABLE,no_selection_step,false,false
MedQA,No Message,277,C,B,sender None on item None,none,MISSING,MISSING,0,NOT_APPLICABLE,NOT_APPLICABLE,no_selection_step,false,false
MedQA,No Message,280,A,C,sender None on item None,none,MISSING,MISSING,0,NOT_APPLICABLE,NOT_APPLICABLE,no_selection_step,false,false
MedQA,No Message,280,B,C,sender None on item None,none,MISSING,MISSING,0,NOT_APPLICABLE,NOT_APPLICABLE,no_selection_step,false,false
MedQA,No Message,280,C,A,sender None on item None,none,MISSING,MISSING,0,NOT_APPLICABLE,NOT_APPLICABLE,no_selection_step,false,false
MedQA,No Message,280,C,B,sender None on item None,none,MISSING,MISSING,0,NOT_APPLICABLE,NOT_APPLICABLE,no_selection_step,false,false
MedQA,No Message,289,A,B,sender None on item None,none,MISSING,MISSING,0,NOT_APPLICABLE,NOT_APPLICABLE,no_selection_step,false,false
MedQA,No Message,289,B,A,sender None on item None,none,MISSING,MISSING,0,NOT_APPLICABLE,NOT_APPLICABLE,no_selection_step,false,false
MedQA,No Message,289,B,C,sender None on item None,none,MISSING,MISSING,0,NOT_APPLICABLE,NOT_APPLICABLE,no_selection_step,false,false
MedQA,No Message,289,C,B,sender None on item None,none,MISSING,MISSING,0,NOT_APPLICABLE,NOT_APPLICABLE,no_selection_step,false,false
MedQA,No Message,294,A,B,sender None on item None,none,MISSING,MISSING,0,NOT_APPLICABLE,NOT_APPLICABLE,no_selection_step,false,false
MedQA,No Message,294,B,A,sender None on item None,none,MISSING,MISSING,0,NOT_APPLICABLE,NOT_APPLICABLE,no_selection_step,false,false
MedQA,No Message,294,B,C,sender None on item None,none,MISSING,MISSING,0,NOT_APPLICABLE,NOT_APPLICABLE,no_selection_step,false,false
MedQA,No Message,294,C,B,sender None on item None,none,MISSING,MISSING,0,NOT_APPLICABLE,NOT_APPLICABLE,no_selection_step,false,false
MedQA,No Message,296,A,C,sender None on item None,none,MISSING,MISSING,0,NOT_APPLICABLE,NOT_APPLICABLE,no_selection_step,false,false
MedQA,No Message,296,B,C,sender None on item None,none,MISSING,MISSING,0,NOT_APPLICABLE,NOT_APPLICABLE,no_selection_step,false,false
MedQA,No Message,296,C,A,sender None on item None,none,MISSING,MISSING,0,NOT_APPLICABLE,NOT_APPLICABLE,no_selection_step,false,false
MedQA,No Message,296,C,B,sender None on item None,none,MISSING,MISSING,0,NOT_APPLICABLE,NOT_APPLICABLE,no_selection_step,false,false
MedQA,Answer Only,23,B,A,sender B on item 23,answer_only,1,1,1,NOT_APPLICABLE,NOT_APPLICABLE,no_selection_step,false,false
MedQA,Answer Only,29,B,A,sender B on item 29,answer_only,1,1,1,NOT_APPLICABLE,NOT_APPLICABLE,no_selection_step,false,false
MedQA,Answer Only,46,C,A,sender C on item 46,answer_only,1,1,1,NOT_APPLICABLE,NOT_APPLICABLE,no_selection_step,false,false
MedQA,Answer Only,75,B,A,sender B on item 75,answer_only,1,1,1,NOT_APPLICABLE,NOT_APPLICABLE,no_selection_step,false,false
MedQA,Answer Only,79,C,A,sender C on item 79,answer_only,1,1,1,NOT_APPLICABLE,NOT_APPLICABLE,no_selection_step,false,false
MedQA,Answer Only,84,A,B,sender A on item 84,answer_only,1,1,1,NOT_APPLICABLE,NOT_APPLICABLE,no_selection_step,false,false
MedQA,Answer Only,89,A,B,sender A on item 89,answer_only,1,1,1,NOT_APPLICABLE,NOT_APPLICABLE,no_selection_step,false,false
MedQA,Answer Only,92,C,A,sender C on item 92,answer_only,1,1,1,NOT_APPLICABLE,NOT_APPLICABLE,no_selection_step,false,false
MedQA,Answer Only,94,A,B,sender A on item 94,answer_only,1,1,1,NOT_APPLICABLE,NOT_APPLICABLE,no_selection_step,false,false
MedQA,Answer Only,97,C,A,sender C on item 97,answer_only,1,1,1,NOT_APPLICABLE,NOT_APPLICABLE,no_selection_step,false,false
MedQA,Answer Only,103,A,B,sender A on item 103,answer_only,1,1,1,NOT_APPLICABLE,NOT_APPLICABLE,no_selection_step,false,false
MedQA,Answer Only,110,A,B,sender A on item 110,answer_only,1,1,1,NOT_APPLICABLE,NOT_APPLICABLE,no_selection_step,false,false
MedQA,Answer Only,113,B,A,sender B on item 113,answer_only,1,1,1,NOT_APPLICABLE,NOT_APPLICABLE,no_selection_step,false,false
MedQA,Answer Only,121,A,B,sender A on item 121,answer_only,1,1,1,NOT_APPLICABLE,NOT_APPLICABLE,no_selection_step,false,false
MedQA,Answer Only,122,B,A,sender B on item 122,answer_only,1,1,1,NOT_APPLICABLE,NOT_APPLICABLE,no_selection_step,false,false
MedQA,Answer Only,131,A,B,sender A on item 131,answer_only,1,1,1,NOT_APPLICABLE,NOT_APPLICABLE,no_selection_step,false,false
MedQA,Answer Only,136,C,A,sender C on item 136,answer_only,1,1,1,NOT_APPLICABLE,NOT_APPLICABLE,no_selection_step,false,false
MedQA,Answer Only,142,B,A,sender B on item 142,answer_only,1,1,1,NOT_APPLICABLE,NOT_APPLICABLE,no_selection_step,false,false
MedQA,Answer Only,144,C,A,sender C on item 144,answer_only,1,1,1,NOT_APPLICABLE,NOT_APPLICABLE,no_selection_step,false,false
MedQA,Answer Only,162,A,B,sender A on item 162,answer_only,1,1,1,NOT_APPLICABLE,NOT_APPLICABLE,no_selection_step,false,false
MedQA,Answer Only,168,B,A,sender B on item 168,answer_only,1,1,1,NOT_APPLICABLE,NOT_APPLICABLE,no_selection_step,false,false
MedQA,Answer Only,177,B,A,sender B on item 177,answer_only,1,1,1,NOT_APPLICABLE,NOT_APPLICABLE,no_selection_step,false,false
MedQA,Answer Only,179,C,A,sender C on item 179,answer_only,1,1,1,NOT_APPLICABLE,NOT_APPLICABLE,no_selection_step,false,false
MedQA,Answer Only,203,A,B,sender A on item 203,answer_only,1,1,1,NOT_APPLICABLE,NOT_APPLICABLE,no_selection_step,false,false
MedQA,Answer Only,230,C,A,sender C on item 230,answer_only,1,1,1,NOT_APPLICABLE,NOT_APPLICABLE,no_selection_step,false,false
MedQA,Answer Only,237,A,B,sender A on item 237,answer_only,1,1,1,NOT_APPLICABLE,NOT_APPLICABLE,no_selection_step,false,false
MedQA,Answer Only,242,B,A,sender B on item 242,answer_only,1,1,1,NOT_APPLICABLE,NOT_APPLICABLE,no_selection_step,false,false
MedQA,Answer Only,253,B,A,sender B on item 253,answer_only,1,1,1,NOT_APPLICABLE,NOT_APPLICABLE,no_selection_step,false,false
MedQA,Answer Only,264,C,A,sender C on item 264,answer_only,1,1,1,NOT_APPLICABLE,NOT_APPLICABLE,no_selection_step,false,false
MedQA,Answer Only,266,A,B,sender A on item 266,answer_only,1,1,1,NOT_APPLICABLE,NOT_APPLICABLE,no_selection_step,false,false
MedQA,Answer Only,289,B,A,sender B on item 289,answer_only,1,1,1,NOT_APPLICABLE,NOT_APPLICABLE,no_selection_step,false,false
MedQA,Answer Only,10,C,A,sender C on item 10,answer_only,1,1,1,NOT_APPLICABLE,NOT_APPLICABLE,no_selection_step,false,false
MedQA,Answer Only,23,C,A,sender C on item 23,answer_only,1,1,1,NOT_APPLICABLE,NOT_APPLICABLE,no_selection_step,false,false
MedQA,Answer Only,45,C,A,sender C on item 45,answer_only,1,1,1,NOT_APPLICABLE,NOT_APPLICABLE,no_selection_step,false,false
MedQA,Answer Only,55,C,A,sender C on item 55,answer_only,1,1,1,NOT_APPLICABLE,NOT_APPLICABLE,no_selection_step,false,false
MedQA,Answer Only,75,C,A,sender C on item 75,answer_only,1,1,1,NOT_APPLICABLE,NOT_APPLICABLE,no_selection_step,false,false
MedQA,Answer Only,84,B,A,sender B on item 84,answer_only,1,1,1,NOT_APPLICABLE,NOT_APPLICABLE,no_selection_step,false,false
MedQA,Answer Only,89,B,A,sender B on item 89,answer_only,1,1,1,NOT_APPLICABLE,NOT_APPLICABLE,no_selection_step,false,false
MedQA,Answer Only,94,B,A,sender B on item 94,answer_only,1,1,1,NOT_APPLICABLE,NOT_APPLICABLE,no_selection_step,false,false
MedQA,Answer Only,103,B,A,sender B on item 103,answer_only,1,1,1,NOT_APPLICABLE,NOT_APPLICABLE,no_selection_step,false,false
MedQA,Answer Only,106,C,A,sender C on item 106,answer_only,1,1,1,NOT_APPLICABLE,NOT_APPLICABLE,no_selection_step,false,false
MedQA,Answer Only,110,B,A,sender B on item 110,answer_only,1,1,1,NOT_APPLICABLE,NOT_APPLICABLE,no_selection_step,false,false
MedQA,Answer Only,121,B,A,sender B on item 121,answer_only,1,1,1,NOT_APPLICABLE,NOT_APPLICABLE,no_selection_step,false,false
MedQA,Answer Only,127,A,B,sender A on item 127,answer_only,1,1,1,NOT_APPLICABLE,NOT_APPLICABLE,no_selection_step,false,false
MedQA,Answer Only,131,B,A,sender B on item 131,answer_only,1,1,1,NOT_APPLICABLE,NOT_APPLICABLE,no_selection_step,false,false
MedQA,Answer Only,137,A,B,sender A on item 137,answer_only,1,1,1,NOT_APPLICABLE,NOT_APPLICABLE,no_selection_step,false,false
MedQA,Answer Only,142,C,A,sender C on item 142,answer_only,1,1,1,NOT_APPLICABLE,NOT_APPLICABLE,no_selection_step,false,false
MedQA,Answer Only,145,A,B,sender A on item 145,answer_only,1,1,1,NOT_APPLICABLE,NOT_APPLICABLE,no_selection_step,false,false
MedQA,Answer Only,161,A,B,sender A on item 161,answer_only,1,1,1,NOT_APPLICABLE,NOT_APPLICABLE,no_selection_step,false,false
MedQA,Answer Only,162,B,A,sender B on item 162,answer_only,1,1,1,NOT_APPLICABLE,NOT_APPLICABLE,no_selection_step,false,false
MedQA,Answer Only,168,C,A,sender C on item 168,answer_only,1,1,1,NOT_APPLICABLE,NOT_APPLICABLE,no_selection_step,false,false
MedQA,Answer Only,177,C,A,sender C on item 177,answer_only,1,1,1,NOT_APPLICABLE,NOT_APPLICABLE,no_selection_step,false,false
MedQA,Answer Only,181,A,B,sender A on item 181,answer_only,1,1,1,NOT_APPLICABLE,NOT_APPLICABLE,no_selection_step,false,false
MedQA,Answer Only,203,B,A,sender B on item 203,answer_only,1,1,1,NOT_APPLICABLE,NOT_APPLICABLE,no_selection_step,false,false
MedQA,Answer Only,211,A,B,sender A on item 211,answer_only,1,1,1,NOT_APPLICABLE,NOT_APPLICABLE,no_selection_step,false,false
MedQA,Answer Only,217,C,A,sender C on item 217,answer_only,1,1,1,NOT_APPLICABLE,NOT_APPLICABLE,no_selection_step,false,false
MedQA,Answer Only,237,B,A,sender B on item 237,answer_only,1,1,1,NOT_APPLICABLE,NOT_APPLICABLE,no_selection_step,false,false
MedQA,Answer Only,253,C,A,sender C on item 253,answer_only,1,1,1,NOT_APPLICABLE,NOT_APPLICABLE,no_selection_step,false,false
MedQA,Answer Only,260,A,B,sender A on item 260,answer_only,1,1,1,NOT_APPLICABLE,NOT_APPLICABLE,no_selection_step,false,false
MedQA,Answer Only,266,B,A,sender B on item 266,answer_only,1,1,1,NOT_APPLICABLE,NOT_APPLICABLE,no_selection_step,false,false
MedQA,Answer Only,277,A,B,sender A on item 277,answer_only,1,1,1,NOT_APPLICABLE,NOT_APPLICABLE,no_selection_step,false,false
MedQA,Answer Only,280,C,A,sender C on item 280,answer_only,1,1,1,NOT_APPLICABLE,NOT_APPLICABLE,no_selection_step,false,false
MedQA,Answer Only,10,C,B,sender C on item 10,answer_only,1,1,1,NOT_APPLICABLE,NOT_APPLICABLE,no_selection_step,false,false
MedQA,Answer Only,29,C,B,sender C on item 29,answer_only,1,1,1,NOT_APPLICABLE,NOT_APPLICABLE,no_selection_step,false,false
MedQA,Answer Only,38,B,C,sender B on item 38,answer_only,1,1,1,NOT_APPLICABLE,NOT_APPLICABLE,no_selection_step,false,false
MedQA,Answer Only,41,A,C,sender A on item 41,answer_only,1,1,1,NOT_APPLICABLE,NOT_APPLICABLE,no_selection_step,false,false
MedQA,Answer Only,45,C,B,sender C on item 45,answer_only,1,1,1,NOT_APPLICABLE,NOT_APPLICABLE,no_selection_step,false,false
MedQA,Answer Only,55,C,B,sender C on item 55,answer_only,1,1,1,NOT_APPLICABLE,NOT_APPLICABLE,no_selection_step,false,false
MedQA,Answer Only,84,B,C,sender B on item 84,answer_only,1,1,1,NOT_APPLICABLE,NOT_APPLICABLE,no_selection_step,false,false
MedQA,Answer Only,102,A,C,sender A on item 102,answer_only,1,1,1,NOT_APPLICABLE,NOT_APPLICABLE,no_selection_step,false,false
MedQA,Answer Only,106,C,B,sender C on item 106,answer_only,1,1,1,NOT_APPLICABLE,NOT_APPLICABLE,no_selection_step,false,false
MedQA,Answer Only,110,B,C,sender B on item 110,answer_only,1,1,1,NOT_APPLICABLE,NOT_APPLICABLE,no_selection_step,false,false
MedQA,Answer Only,113,C,B,sender C on item 113,answer_only,1,1,1,NOT_APPLICABLE,NOT_APPLICABLE,no_selection_step,false,false
MedQA,Answer Only,119,A,C,sender A on item 119,answer_only,1,1,1,NOT_APPLICABLE,NOT_APPLICABLE,no_selection_step,false,false
MedQA,Answer Only,121,B,C,sender B on item 121,answer_only,1,1,1,NOT_APPLICABLE,NOT_APPLICABLE,no_selection_step,false,false
MedQA,Answer Only,122,C,B,sender C on item 122,answer_only,1,1,1,NOT_APPLICABLE,NOT_APPLICABLE,no_selection_step,false,false
MedQA,Answer Only,127,A,C,sender A on item 127,answer_only,1,1,1,NOT_APPLICABLE,NOT_APPLICABLE,no_selection_step,false,false
MedQA,Answer Only,131,B,C,sender B on item 131,answer_only,1,1,1,NOT_APPLICABLE,NOT_APPLICABLE,no_selection_step,false,false
MedQA,Answer Only,161,A,C,sender A on item 161,answer_only,1,1,1,NOT_APPLICABLE,NOT_APPLICABLE,no_selection_step,false,false
MedQA,Answer Only,175,A,C,sender A on item 175,answer_only,1,1,1,NOT_APPLICABLE,NOT_APPLICABLE,no_selection_step,false,false
MedQA,Answer Only,203,B,C,sender B on item 203,answer_only,1,1,1,NOT_APPLICABLE,NOT_APPLICABLE,no_selection_step,false,false
MedQA,Answer Only,217,C,B,sender C on item 217,answer_only,1,1,1,NOT_APPLICABLE,NOT_APPLICABLE,no_selection_step,false,false
MedQA,Answer Only,242,C,B,sender C on item 242,answer_only,1,1,1,NOT_APPLICABLE,NOT_APPLICABLE,no_selection_step,false,false
MedQA,Answer Only,246,B,C,sender B on item 246,answer_only,1,1,1,NOT_APPLICABLE,NOT_APPLICABLE,no_selection_step,false,false
MedQA,Answer Only,251,A,C,sender A on item 251,answer_only,1,1,1,NOT_APPLICABLE,NOT_APPLICABLE,no_selection_step,false,false
MedQA,Answer Only,260,A,C,sender A on item 260,answer_only,1,1,1,NOT_APPLICABLE,NOT_APPLICABLE,no_selection_step,false,false
MedQA,Answer Only,280,C,B,sender C on item 280,answer_only,1,1,1,NOT_APPLICABLE,NOT_APPLICABLE,no_selection_step,false,false
MedQA,Answer Only,289,C,B,sender C on item 289,answer_only,1,1,1,NOT_APPLICABLE,NOT_APPLICABLE,no_selection_step,false,false
MedQA,Answer Only,296,A,C,sender A on item 296,answer_only,1,1,1,NOT_APPLICABLE,NOT_APPLICABLE,no_selection_step,false,false
MedQA,Answer Only,38,C,B,sender C on item 38,answer_only,1,1,1,NOT_APPLICABLE,NOT_APPLICABLE,no_selection_step,false,false
MedQA,Answer Only,41,B,C,sender B on item 41,answer_only,1,1,1,NOT_APPLICABLE,NOT_APPLICABLE,no_selection_step,false,false
MedQA,Answer Only,46,A,C,sender A on item 46,answer_only,1,1,1,NOT_APPLICABLE,NOT_APPLICABLE,no_selection_step,false,false
MedQA,Answer Only,79,A,C,sender A on item 79,answer_only,1,1,1,NOT_APPLICABLE,NOT_APPLICABLE,no_selection_step,false,false
MedQA,Answer Only,84,C,B,sender C on item 84,answer_only,1,1,1,NOT_APPLICABLE,NOT_APPLICABLE,no_selection_step,false,false
MedQA,Answer Only,92,A,C,sender A on item 92,answer_only,1,1,1,NOT_APPLICABLE,NOT_APPLICABLE,no_selection_step,false,false
MedQA,Answer Only,97,A,C,sender A on item 97,answer_only,1,1,1,NOT_APPLICABLE,NOT_APPLICABLE,no_selection_step,false,false
MedQA,Answer Only,102,B,C,sender B on item 102,answer_only,1,1,1,NOT_APPLICABLE,NOT_APPLICABLE,no_selection_step,false,false
MedQA,Answer Only,110,C,B,sender C on item 110,answer_only,1,1,1,NOT_APPLICABLE,NOT_APPLICABLE,no_selection_step,false,false
MedQA,Answer Only,119,B,C,sender B on item 119,answer_only,1,1,1,NOT_APPLICABLE,NOT_APPLICABLE,no_selection_step,false,false
MedQA,Answer Only,121,C,B,sender C on item 121,answer_only,1,1,1,NOT_APPLICABLE,NOT_APPLICABLE,no_selection_step,false,false
MedQA,Answer Only,131,C,B,sender C on item 131,answer_only,1,1,1,NOT_APPLICABLE,NOT_APPLICABLE,no_selection_step,false,false
MedQA,Answer Only,136,A,C,sender A on item 136,answer_only,1,1,1,NOT_APPLICABLE,NOT_APPLICABLE,no_selection_step,false,false
MedQA,Answer Only,137,B,C,sender B on item 137,answer_only,1,1,1,NOT_APPLICABLE,NOT_APPLICABLE,no_selection_step,false,false
MedQA,Answer Only,144,A,C,sender A on item 144,answer_only,1,1,1,NOT_APPLICABLE,NOT_APPLICABLE,no_selection_step,false,false
MedQA,Answer Only,145,B,C,sender B on item 145,answer_only,1,1,1,NOT_APPLICABLE,NOT_APPLICABLE,no_selection_step,false,false
MedQA,Answer Only,175,B,C,sender B on item 175,answer_only,1,1,1,NOT_APPLICABLE,NOT_APPLICABLE,no_selection_step,false,false
MedQA,Answer Only,179,A,C,sender A on item 179,answer_only,1,1,1,NOT_APPLICABLE,NOT_APPLICABLE,no_selection_step,false,false
MedQA,Answer Only,181,B,C,sender B on item 181,answer_only,1,1,1,NOT_APPLICABLE,NOT_APPLICABLE,no_selection_step,false,false
MedQA,Answer Only,203,C,B,sender C on item 203,answer_only,1,1,1,NOT_APPLICABLE,NOT_APPLICABLE,no_selection_step,false,false
MedQA,Answer Only,211,B,C,sender B on item 211,answer_only,1,1,1,NOT_APPLICABLE,NOT_APPLICABLE,no_selection_step,false,false
MedQA,Answer Only,230,A,C,sender A on item 230,answer_only,1,1,1,NOT_APPLICABLE,NOT_APPLICABLE,no_selection_step,false,false
MedQA,Answer Only,246,C,B,sender C on item 246,answer_only,1,1,1,NOT_APPLICABLE,NOT_APPLICABLE,no_selection_step,false,false
MedQA,Answer Only,251,B,C,sender B on item 251,answer_only,1,1,1,NOT_APPLICABLE,NOT_APPLICABLE,no_selection_step,false,false
MedQA,Answer Only,264,A,C,sender A on item 264,answer_only,1,1,1,NOT_APPLICABLE,NOT_APPLICABLE,no_selection_step,false,false
MedQA,Answer Only,277,B,C,sender B on item 277,answer_only,1,1,1,NOT_APPLICABLE,NOT_APPLICABLE,no_selection_step,false,false
MedQA,Answer Only,296,B,C,sender B on item 296,answer_only,1,1,1,NOT_APPLICABLE,NOT_APPLICABLE,no_selection_step,false,false
MedQA,Answer Only,31,A,B,sender A on item 31,answer_only,1,1,1,NOT_APPLICABLE,NOT_APPLICABLE,no_selection_step,false,false
MedQA,Answer Only,38,C,A,sender C on item 38,answer_only,1,1,1,NOT_APPLICABLE,NOT_APPLICABLE,no_selection_step,false,false
MedQA,Answer Only,71,A,B,sender A on item 71,answer_only,1,1,1,NOT_APPLICABLE,NOT_APPLICABLE,no_selection_step,false,false
MedQA,Answer Only,79,A,B,sender A on item 79,answer_only,1,1,1,NOT_APPLICABLE,NOT_APPLICABLE,no_selection_step,false,false
MedQA,Answer Only,89,C,A,sender C on item 89,answer_only,1,1,1,NOT_APPLICABLE,NOT_APPLICABLE,no_selection_step,false,false
MedQA,Answer Only,92,A,B,sender A on item 92,answer_only,1,1,1,NOT_APPLICABLE,NOT_APPLICABLE,no_selection_step,false,false
MedQA,Answer Only,94,C,A,sender C on item 94,answer_only,1,1,1,NOT_APPLICABLE,NOT_APPLICABLE,no_selection_step,false,false
MedQA,Answer Only,97,A,B,sender A on item 97,answer_only,1,1,1,NOT_APPLICABLE,NOT_APPLICABLE,no_selection_step,false,false
MedQA,Answer Only,103,C,A,sender C on item 103,answer_only,1,1,1,NOT_APPLICABLE,NOT_APPLICABLE,no_selection_step,false,false
MedQA,Answer Only,127,B,A,sender B on item 127,answer_only,1,1,1,NOT_APPLICABLE,NOT_APPLICABLE,no_selection_step,false,false
MedQA,Answer Only,136,A,B,sender A on item 136,answer_only,1,1,1,NOT_APPLICABLE,NOT_APPLICABLE,no_selection_step,false,false
MedQA,Answer Only,137,B,A,sender B on item 137,answer_only,1,1,1,NOT_APPLICABLE,NOT_APPLICABLE,no_selection_step,false,false
MedQA,Answer Only,145,B,A,sender B on item 145,answer_only,1,1,1,NOT_APPLICABLE,NOT_APPLICABLE,no_selection_step,false,false
MedQA,Answer Only,161,B,A,sender B on item 161,answer_only,1,1,1,NOT_APPLICABLE,NOT_APPLICABLE,no_selection_step,false,false
MedQA,Answer Only,162,C,A,sender C on item 162,answer_only,1,1,1,NOT_APPLICABLE,NOT_APPLICABLE,no_selection_step,false,false
MedQA,Answer Only,181,B,A,sender B on item 181,answer_only,1,1,1,NOT_APPLICABLE,NOT_APPLICABLE,no_selection_step,false,false
MedQA,Answer Only,211,B,A,sender B on item 211,answer_only,1,1,1,NOT_APPLICABLE,NOT_APPLICABLE,no_selection_step,false,false
MedQA,Answer Only,230,A,B,sender A on item 230,answer_only,1,1,1,NOT_APPLICABLE,NOT_APPLICABLE,no_selection_step,false,false
MedQA,Answer Only,237,C,A,sender C on item 237,answer_only,1,1,1,NOT_APPLICABLE,NOT_APPLICABLE,no_selection_step,false,false
MedQA,Answer Only,244,A,B,sender A on item 244,answer_only,1,1,1,NOT_APPLICABLE,NOT_APPLICABLE,no_selection_step,false,false
MedQA,Answer Only,246,C,A,sender C on item 246,answer_only,1,1,1,NOT_APPLICABLE,NOT_APPLICABLE,no_selection_step,false,false
MedQA,Answer Only,260,B,A,sender B on item 260,answer_only,1,1,1,NOT_APPLICABLE,NOT_APPLICABLE,no_selection_step,false,false
MedQA,Answer Only,266,C,A,sender C on item 266,answer_only,1,1,1,NOT_APPLICABLE,NOT_APPLICABLE,no_selection_step,false,false
MedQA,Answer Only,274,A,B,sender A on item 274,answer_only,1,1,1,NOT_APPLICABLE,NOT_APPLICABLE,no_selection_step,false,false
MedQA,Answer Only,277,B,A,sender B on item 277,answer_only,1,1,1,NOT_APPLICABLE,NOT_APPLICABLE,no_selection_step,false,false
MedQA,Answer Only,294,A,B,sender A on item 294,answer_only,1,1,1,NOT_APPLICABLE,NOT_APPLICABLE,no_selection_step,false,false
MedQA,Answer Only,10,A,C,sender A on item 10,answer_only,1,1,1,NOT_APPLICABLE,NOT_APPLICABLE,no_selection_step,false,false
MedQA,Answer Only,23,A,C,sender A on item 23,answer_only,1,1,1,NOT_APPLICABLE,NOT_APPLICABLE,no_selection_step,false,false
MedQA,Answer Only,31,B,C,sender B on item 31,answer_only,1,1,1,NOT_APPLICABLE,NOT_APPLICABLE,no_selection_step,false,false
MedQA,Answer Only,41,C,B,sender C on item 41,answer_only,1,1,1,NOT_APPLICABLE,NOT_APPLICABLE,no_selection_step,false,false
MedQA,Answer Only,45,A,C,sender A on item 45,answer_only,1,1,1,NOT_APPLICABLE,NOT_APPLICABLE,no_selection_step,false,false
MedQA,Answer Only,46,B,C,sender B on item 46,answer_only,1,1,1,NOT_APPLICABLE,NOT_APPLICABLE,no_selection_step,false,false
MedQA,Answer Only,55,A,C,sender A on item 55,answer_only,1,1,1,NOT_APPLICABLE,NOT_APPLICABLE,no_selection_step,false,false
MedQA,Answer Only,71,B,C,sender B on item 71,answer_only,1,1,1,NOT_APPLICABLE,NOT_APPLICABLE,no_selection_step,false,false
MedQA,Answer Only,75,A,C,sender A on item 75,answer_only,1,1,1,NOT_APPLICABLE,NOT_APPLICABLE,no_selection_step,false,false
MedQA,Answer Only,102,C,B,sender C on item 102,answer_only,1,1,1,NOT_APPLICABLE,NOT_APPLICABLE,no_selection_step,false,false
MedQA,Answer Only,106,A,C,sender A on item 106,answer_only,1,1,1,NOT_APPLICABLE,NOT_APPLICABLE,no_selection_step,false,false
MedQA,Answer Only,119,C,B,sender C on item 119,answer_only,1,1,1,NOT_APPLICABLE,NOT_APPLICABLE,no_selection_step,false,false
MedQA,Answer Only,137,C,B,sender C on item 137,answer_only,1,1,1,NOT_APPLICABLE,NOT_APPLICABLE,no_selection_step,false,false
MedQA,Answer Only,142,A,C,sender A on item 142,answer_only,1,1,1,NOT_APPLICABLE,NOT_APPLICABLE,no_selection_step,false,false
MedQA,Answer Only,144,B,C,sender B on item 144,answer_only,1,1,1,NOT_APPLICABLE,NOT_APPLICABLE,no_selection_step,false,false
MedQA,Answer Only,145,C,B,sender C on item 145,answer_only,1,1,1,NOT_APPLICABLE,NOT_APPLICABLE,no_selection_step,false,false
MedQA,Answer Only,168,A,C,sender A on item 168,answer_only,1,1,1,NOT_APPLICABLE,NOT_APPLICABLE,no_selection_step,false,false
MedQA,Answer Only,175,C,B,sender C on item 175,answer_only,1,1,1,NOT_APPLICABLE,NOT_APPLICABLE,no_selection_step,false,false
MedQA,Answer Only,177,A,C,sender A on item 177,answer_only,1,1,1,NOT_APPLICABLE,NOT_APPLICABLE,no_selection_step,false,false
MedQA,Answer Only,179,B,C,sender B on item 179,answer_only,1,1,1,NOT_APPLICABLE,NOT_APPLICABLE,no_selection_step,false,false
MedQA,Answer Only,181,C,B,sender C on item 181,answer_only,1,1,1,NOT_APPLICABLE,NOT_APPLICABLE,no_selection_step,false,false
MedQA,Answer Only,211,C,B,sender C on item 211,answer_only,1,1,1,NOT_APPLICABLE,NOT_APPLICABLE,no_selection_step,false,false
MedQA,Answer Only,217,A,C,sender A on item 217,answer_only,1,1,1,NOT_APPLICABLE,NOT_APPLICABLE,no_selection_step,false,false
MedQA,Answer Only,244,B,C,sender B on item 244,answer_only,1,1,1,NOT_APPLICABLE,NOT_APPLICABLE,no_selection_step,false,false
MedQA,Answer Only,251,C,B,sender C on item 251,answer_only,1,1,1,NOT_APPLICABLE,NOT_APPLICABLE,no_selection_step,false,false
MedQA,Answer Only,253,A,C,sender A on item 253,answer_only,1,1,1,NOT_APPLICABLE,NOT_APPLICABLE,no_selection_step,false,false
MedQA,Answer Only,264,B,C,sender B on item 264,answer_only,1,1,1,NOT_APPLICABLE,NOT_APPLICABLE,no_selection_step,false,false
MedQA,Answer Only,274,B,C,sender B on item 274,answer_only,1,1,1,NOT_APPLICABLE,NOT_APPLICABLE,no_selection_step,false,false
MedQA,Answer Only,277,C,B,sender C on item 277,answer_only,1,1,1,NOT_APPLICABLE,NOT_APPLICABLE,no_selection_step,false,false
MedQA,Answer Only,280,A,C,sender A on item 280,answer_only,1,1,1,NOT_APPLICABLE,NOT_APPLICABLE,no_selection_step,false,false
MedQA,Answer Only,294,B,C,sender B on item 294,answer_only,1,1,1,NOT_APPLICABLE,NOT_APPLICABLE,no_selection_step,false,false
MedQA,Answer Only,296,C,B,sender C on item 296,answer_only,1,1,1,NOT_APPLICABLE,NOT_APPLICABLE,no_selection_step,false,false
MedQA,Answer Only,10,B,C,sender B on item 10,answer_only,1,1,1,NOT_APPLICABLE,NOT_APPLICABLE,no_selection_step,false,false
MedQA,Answer Only,29,B,C,sender B on item 29,answer_only,1,1,1,NOT_APPLICABLE,NOT_APPLICABLE,no_selection_step,false,false
MedQA,Answer Only,31,C,B,sender C on item 31,answer_only,1,1,1,NOT_APPLICABLE,NOT_APPLICABLE,no_selection_step,false,false
MedQA,Answer Only,38,A,C,sender A on item 38,answer_only,1,1,1,NOT_APPLICABLE,NOT_APPLICABLE,no_selection_step,false,false
MedQA,Answer Only,45,B,C,sender B on item 45,answer_only,1,1,1,NOT_APPLICABLE,NOT_APPLICABLE,no_selection_step,false,false
MedQA,Answer Only,46,C,B,sender C on item 46,answer_only,1,1,1,NOT_APPLICABLE,NOT_APPLICABLE,no_selection_step,false,false
MedQA,Answer Only,55,B,C,sender B on item 55,answer_only,1,1,1,NOT_APPLICABLE,NOT_APPLICABLE,no_selection_step,false,false
MedQA,Answer Only,71,C,B,sender C on item 71,answer_only,1,1,1,NOT_APPLICABLE,NOT_APPLICABLE,no_selection_step,false,false
MedQA,Answer Only,89,A,C,sender A on item 89,answer_only,1,1,1,NOT_APPLICABLE,NOT_APPLICABLE,no_selection_step,false,false
MedQA,Answer Only,94,A,C,sender A on item 94,answer_only,1,1,1,NOT_APPLICABLE,NOT_APPLICABLE,no_selection_step,false,false
MedQA,Answer Only,103,A,C,sender A on item 103,answer_only,1,1,1,NOT_APPLICABLE,NOT_APPLICABLE,no_selection_step,false,false
MedQA,Answer Only,106,B,C,sender B on item 106,answer_only,1,1,1,NOT_APPLICABLE,NOT_APPLICABLE,no_selection_step,false,false
MedQA,Answer Only,113,B,C,sender B on item 113,answer_only,1,1,1,NOT_APPLICABLE,NOT_APPLICABLE,no_selection_step,false,false
MedQA,Answer Only,122,B,C,sender B on item 122,answer_only,1,1,1,NOT_APPLICABLE,NOT_APPLICABLE,no_selection_step,false,false
MedQA,Answer Only,144,C,B,sender C on item 144,answer_only,1,1,1,NOT_APPLICABLE,NOT_APPLICABLE,no_selection_step,false,false
MedQA,Answer Only,162,A,C,sender A on item 162,answer_only,1,1,1,NOT_APPLICABLE,NOT_APPLICABLE,no_selection_step,false,false
MedQA,Answer Only,179,C,B,sender C on item 179,answer_only,1,1,1,NOT_APPLICABLE,NOT_APPLICABLE,no_selection_step,false,false
MedQA,Answer Only,217,B,C,sender B on item 217,answer_only,1,1,1,NOT_APPLICABLE,NOT_APPLICABLE,no_selection_step,false,false
MedQA,Answer Only,237,A,C,sender A on item 237,answer_only,1,1,1,NOT_APPLICABLE,NOT_APPLICABLE,no_selection_step,false,false
MedQA,Answer Only,242,B,C,sender B on item 242,answer_only,1,1,1,NOT_APPLICABLE,NOT_APPLICABLE,no_selection_step,false,false
MedQA,Answer Only,244,C,B,sender C on item 244,answer_only,1,1,1,NOT_APPLICABLE,NOT_APPLICABLE,no_selection_step,false,false
MedQA,Answer Only,246,A,C,sender A on item 246,answer_only,1,1,1,NOT_APPLICABLE,NOT_APPLICABLE,no_selection_step,false,false
MedQA,Answer Only,264,C,B,sender C on item 264,answer_only,1,1,1,NOT_APPLICABLE,NOT_APPLICABLE,no_selection_step,false,false
MedQA,Answer Only,266,A,C,sender A on item 266,answer_only,1,1,1,NOT_APPLICABLE,NOT_APPLICABLE,no_selection_step,false,false
MedQA,Answer Only,274,C,B,sender C on item 274,answer_only,1,1,1,NOT_APPLICABLE,NOT_APPLICABLE,no_selection_step,false,false
MedQA,Answer Only,280,B,C,sender B on item 280,answer_only,1,1,1,NOT_APPLICABLE,NOT_APPLICABLE,no_selection_step,false,false
MedQA,Answer Only,289,B,C,sender B on item 289,answer_only,1,1,1,NOT_APPLICABLE,NOT_APPLICABLE,no_selection_step,false,false
MedQA,Answer Only,294,C,B,sender C on item 294,answer_only,1,1,1,NOT_APPLICABLE,NOT_APPLICABLE,no_selection_step,false,false
MedQA,Answer Only,23,A,B,sender A on item 23,answer_only,1,1,1,NOT_APPLICABLE,NOT_APPLICABLE,no_selection_step,false,false
MedQA,Answer Only,29,A,B,sender A on item 29,answer_only,1,1,1,NOT_APPLICABLE,NOT_APPLICABLE,no_selection_step,false,false
MedQA,Answer Only,31,B,A,sender B on item 31,answer_only,1,1,1,NOT_APPLICABLE,NOT_APPLICABLE,no_selection_step,false,false
MedQA,Answer Only,41,C,A,sender C on item 41,answer_only,1,1,1,NOT_APPLICABLE,NOT_APPLICABLE,no_selection_step,false,false
MedQA,Answer Only,71,B,A,sender B on item 71,answer_only,1,1,1,NOT_APPLICABLE,NOT_APPLICABLE,no_selection_step,false,false
MedQA,Answer Only,75,A,B,sender A on item 75,answer_only,1,1,1,NOT_APPLICABLE,NOT_APPLICABLE,no_selection_step,false,false
MedQA,Answer Only,79,B,A,sender B on item 79,answer_only,1,1,1,NOT_APPLICABLE,NOT_APPLICABLE,no_selection_step,false,false
MedQA,Answer Only,92,B,A,sender B on item 92,answer_only,1,1,1,NOT_APPLICABLE,NOT_APPLICABLE,no_selection_step,false,false
MedQA,Answer Only,97,B,A,sender B on item 97,answer_only,1,1,1,NOT_APPLICABLE,NOT_APPLICABLE,no_selection_step,false,false
MedQA,Answer Only,102,C,A,sender C on item 102,answer_only,1,1,1,NOT_APPLICABLE,NOT_APPLICABLE,no_selection_step,false,false
MedQA,Answer Only,113,A,B,sender A on item 113,answer_only,1,1,1,NOT_APPLICABLE,NOT_APPLICABLE,no_selection_step,false,false
MedQA,Answer Only,119,C,A,sender C on item 119,answer_only,1,1,1,NOT_APPLICABLE,NOT_APPLICABLE,no_selection_step,false,false
MedQA,Answer Only,122,A,B,sender A on item 122,answer_only,1,1,1,NOT_APPLICABLE,NOT_APPLICABLE,no_selection_step,false,false
MedQA,Answer Only,127,C,A,sender C on item 127,answer_only,1,1,1,NOT_APPLICABLE,NOT_APPLICABLE,no_selection_step,false,false
MedQA,Answer Only,136,B,A,sender B on item 136,answer_only,1,1,1,NOT_APPLICABLE,NOT_APPLICABLE,no_selection_step,false,false
MedQA,Answer Only,142,A,B,sender A on item 142,answer_only,1,1,1,NOT_APPLICABLE,NOT_APPLICABLE,no_selection_step,false,false
MedQA,Answer Only,161,C,A,sender C on item 161,answer_only,1,1,1,NOT_APPLICABLE,NOT_APPLICABLE,no_selection_step,false,false
MedQA,Answer Only,168,A,B,sender A on item 168,answer_only,1,1,1,NOT_APPLICABLE,NOT_APPLICABLE,no_selection_step,false,false
MedQA,Answer Only,175,C,A,sender C on item 175,answer_only,1,1,1,NOT_APPLICABLE,NOT_APPLICABLE,no_selection_step,false,false
MedQA,Answer Only,177,A,B,sender A on item 177,answer_only,1,1,1,NOT_APPLICABLE,NOT_APPLICABLE,no_selection_step,false,false
MedQA,Answer Only,230,B,A,sender B on item 230,answer_only,1,1,1,NOT_APPLICABLE,NOT_APPLICABLE,no_selection_step,false,false
MedQA,Answer Only,242,A,B,sender A on item 242,answer_only,1,1,1,NOT_APPLICABLE,NOT_APPLICABLE,no_selection_step,false,false
MedQA,Answer Only,244,B,A,sender B on item 244,answer_only,1,1,1,NOT_APPLICABLE,NOT_APPLICABLE,no_selection_step,false,false
MedQA,Answer Only,251,C,A,sender C on item 251,answer_only,1,1,1,NOT_APPLICABLE,NOT_APPLICABLE,no_selection_step,false,false
MedQA,Answer Only,253,A,B,sender A on item 253,answer_only,1,1,1,NOT_APPLICABLE,NOT_APPLICABLE,no_selection_step,false,false
MedQA,Answer Only,260,C,A,sender C on item 260,answer_only,1,1,1,NOT_APPLICABLE,NOT_APPLICABLE,no_selection_step,false,false
MedQA,Answer Only,274,B,A,sender B on item 274,answer_only,1,1,1,NOT_APPLICABLE,NOT_APPLICABLE,no_selection_step,false,false
MedQA,Answer Only,289,A,B,sender A on item 289,answer_only,1,1,1,NOT_APPLICABLE,NOT_APPLICABLE,no_selection_step,false,false
MedQA,Answer Only,294,B,A,sender B on item 294,answer_only,1,1,1,NOT_APPLICABLE,NOT_APPLICABLE,no_selection_step,false,false
MedQA,Answer Only,296,C,A,sender C on item 296,answer_only,1,1,1,NOT_APPLICABLE,NOT_APPLICABLE,no_selection_step,false,false
MedQA,Full Text,10,A,C,sender A on item 10,text,1462,341,1462,NOT_APPLICABLE,NOT_APPLICABLE,no_selection_step,false,false
MedQA,Full Text,10,B,C,sender B on item 10,text,1274,290,1274,NOT_APPLICABLE,NOT_APPLICABLE,no_selection_step,false,false
MedQA,Full Text,10,C,A,sender C on item 10,text,2206,536,2206,NOT_APPLICABLE,NOT_APPLICABLE,no_selection_step,false,false
MedQA,Full Text,10,C,B,sender C on item 10,text,2206,536,2206,NOT_APPLICABLE,NOT_APPLICABLE,no_selection_step,false,false
MedQA,Full Text,23,A,B,sender A on item 23,text,1680,425,1708,NOT_APPLICABLE,NOT_APPLICABLE,no_selection_step,false,false
MedQA,Full Text,23,A,C,sender A on item 23,text,1680,425,1708,NOT_APPLICABLE,NOT_APPLICABLE,no_selection_step,false,false
MedQA,Full Text,23,B,A,sender B on item 23,text,1769,453,1781,NOT_APPLICABLE,NOT_APPLICABLE,no_selection_step,false,false
MedQA,Full Text,23,C,A,sender C on item 23,text,1627,412,1655,NOT_APPLICABLE,NOT_APPLICABLE,no_selection_step,false,false
MedQA,Full Text,29,A,B,sender A on item 29,text,2196,489,2198,NOT_APPLICABLE,NOT_APPLICABLE,no_selection_step,false,false
MedQA,Full Text,29,B,A,sender B on item 29,text,1798,404,1798,NOT_APPLICABLE,NOT_APPLICABLE,no_selection_step,false,false
MedQA,Full Text,29,B,C,sender B on item 29,text,1798,404,1798,NOT_APPLICABLE,NOT_APPLICABLE,no_selection_step,false,false
MedQA,Full Text,29,C,B,sender C on item 29,text,1819,409,1819,NOT_APPLICABLE,NOT_APPLICABLE,no_selection_step,false,false
MedQA,Full Text,31,A,B,sender A on item 31,text,1859,472,1866,NOT_APPLICABLE,NOT_APPLICABLE,no_selection_step,false,false
MedQA,Full Text,31,B,A,sender B on item 31,text,1509,337,1512,NOT_APPLICABLE,NOT_APPLICABLE,no_selection_step,false,false
MedQA,Full Text,31,B,C,sender B on item 31,text,1509,337,1512,NOT_APPLICABLE,NOT_APPLICABLE,no_selection_step,false,false
MedQA,Full Text,31,C,B,sender C on item 31,text,2089,536,2095,NOT_APPLICABLE,NOT_APPLICABLE,no_selection_step,false,false
MedQA,Full Text,38,A,C,sender A on item 38,text,2012,484,2012,NOT_APPLICABLE,NOT_APPLICABLE,no_selection_step,false,false
MedQA,Full Text,38,B,C,sender B on item 38,text,2418,554,2420,NOT_APPLICABLE,NOT_APPLICABLE,no_selection_step,false,false
MedQA,Full Text,38,C,A,sender C on item 38,text,2230,537,2232,NOT_APPLICABLE,NOT_APPLICABLE,no_selection_step,false,false
MedQA,Full Text,38,C,B,sender C on item 38,text,2230,537,2232,NOT_APPLICABLE,NOT_APPLICABLE,no_selection_step,false,false
MedQA,Full Text,41,A,C,sender A on item 41,text,2581,623,2581,NOT_APPLICABLE,NOT_APPLICABLE,no_selection_step,false,false
MedQA,Full Text,41,B,C,sender B on item 41,text,2714,610,2714,NOT_APPLICABLE,NOT_APPLICABLE,no_selection_step,false,false
MedQA,Full Text,41,C,A,sender C on item 41,text,2260,553,2260,NOT_APPLICABLE,NOT_APPLICABLE,no_selection_step,false,false
MedQA,Full Text,41,C,B,sender C on item 41,text,2260,553,2260,NOT_APPLICABLE,NOT_APPLICABLE,no_selection_step,false,false
MedQA,Full Text,45,A,C,sender A on item 45,text,2472,626,2472,NOT_APPLICABLE,NOT_APPLICABLE,no_selection_step,false,false
MedQA,Full Text,45,B,C,sender B on item 45,text,1492,375,1492,NOT_APPLICABLE,NOT_APPLICABLE,no_selection_step,false,false
MedQA,Full Text,45,C,A,sender C on item 45,text,1901,461,1911,NOT_APPLICABLE,NOT_APPLICABLE,no_selection_step,false,false
MedQA,Full Text,45,C,B,sender C on item 45,text,1901,461,1911,NOT_APPLICABLE,NOT_APPLICABLE,no_selection_step,false,false
MedQA,Full Text,46,A,C,sender A on item 46,text,2560,650,2560,NOT_APPLICABLE,NOT_APPLICABLE,no_selection_step,false,false
MedQA,Full Text,46,B,C,sender B on item 46,text,1369,314,1369,NOT_APPLICABLE,NOT_APPLICABLE,no_selection_step,false,false
MedQA,Full Text,46,C,A,sender C on item 46,text,2696,635,2696,NOT_APPLICABLE,NOT_APPLICABLE,no_selection_step,false,false
MedQA,Full Text,46,C,B,sender C on item 46,text,2696,635,2696,NOT_APPLICABLE,NOT_APPLICABLE,no_selection_step,false,false
MedQA,Full Text,55,A,C,sender A on item 55,text,2608,563,2614,NOT_APPLICABLE,NOT_APPLICABLE,no_selection_step,false,false
MedQA,Full Text,55,B,C,sender B on item 55,text,1564,319,1566,NOT_APPLICABLE,NOT_APPLICABLE,no_selection_step,false,false
MedQA,Full Text,55,C,A,sender C on item 55,text,2342,526,2358,NOT_APPLICABLE,NOT_APPLICABLE,no_selection_step,false,false
MedQA,Full Text,55,C,B,sender C on item 55,text,2342,526,2358,NOT_APPLICABLE,NOT_APPLICABLE,no_selection_step,false,false
MedQA,Full Text,71,A,B,sender A on item 71,text,2223,512,2229,NOT_APPLICABLE,NOT_APPLICABLE,no_selection_step,false,false
MedQA,Full Text,71,B,A,sender B on item 71,text,2388,579,2394,NOT_APPLICABLE,NOT_APPLICABLE,no_selection_step,false,false
MedQA,Full Text,71,B,C,sender B on item 71,text,2388,579,2394,NOT_APPLICABLE,NOT_APPLICABLE,no_selection_step,false,false
MedQA,Full Text,71,C,B,sender C on item 71,text,2013,464,2017,NOT_APPLICABLE,NOT_APPLICABLE,no_selection_step,false,false
MedQA,Full Text,75,A,B,sender A on item 75,text,1888,429,1888,NOT_APPLICABLE,NOT_APPLICABLE,no_selection_step,false,false
MedQA,Full Text,75,A,C,sender A on item 75,text,1888,429,1888,NOT_APPLICABLE,NOT_APPLICABLE,no_selection_step,false,false
MedQA,Full Text,75,B,A,sender B on item 75,text,1763,414,1763,NOT_APPLICABLE,NOT_APPLICABLE,no_selection_step,false,false
MedQA,Full Text,75,C,A,sender C on item 75,text,1090,246,1090,NOT_APPLICABLE,NOT_APPLICABLE,no_selection_step,false,false
MedQA,Full Text,79,A,B,sender A on item 79,text,2839,614,2847,NOT_APPLICABLE,NOT_APPLICABLE,no_selection_step,false,false
MedQA,Full Text,79,A,C,sender A on item 79,text,2839,614,2847,NOT_APPLICABLE,NOT_APPLICABLE,no_selection_step,false,false
MedQA,Full Text,79,B,A,sender B on item 79,text,1747,372,1747,NOT_APPLICABLE,NOT_APPLICABLE,no_selection_step,false,false
MedQA,Full Text,79,C,A,sender C on item 79,text,3215,740,3219,NOT_APPLICABLE,NOT_APPLICABLE,no_selection_step,false,false
MedQA,Full Text,84,A,B,sender A on item 84,text,2171,466,2171,NOT_APPLICABLE,NOT_APPLICABLE,no_selection_step,false,false
MedQA,Full Text,84,B,A,sender B on item 84,text,3174,712,3174,NOT_APPLICABLE,NOT_APPLICABLE,no_selection_step,false,false
MedQA,Full Text,84,B,C,sender B on item 84,text,3174,712,3174,NOT_APPLICABLE,NOT_APPLICABLE,no_selection_step,false,false
MedQA,Full Text,84,C,B,sender C on item 84,text,1617,375,1617,NOT_APPLICABLE,NOT_APPLICABLE,no_selection_step,false,false
MedQA,Full Text,89,A,B,sender A on item 89,text,2139,458,2143,NOT_APPLICABLE,NOT_APPLICABLE,no_selection_step,false,false
MedQA,Full Text,89,A,C,sender A on item 89,text,2139,458,2143,NOT_APPLICABLE,NOT_APPLICABLE,no_selection_step,false,false
MedQA,Full Text,89,B,A,sender B on item 89,text,3229,732,3229,NOT_APPLICABLE,NOT_APPLICABLE,no_selection_step,false,false
MedQA,Full Text,89,C,A,sender C on item 89,text,1618,382,1618,NOT_APPLICABLE,NOT_APPLICABLE,no_selection_step,false,false
MedQA,Full Text,92,A,B,sender A on item 92,text,2717,592,2717,NOT_APPLICABLE,NOT_APPLICABLE,no_selection_step,false,false
MedQA,Full Text,92,A,C,sender A on item 92,text,2717,592,2717,NOT_APPLICABLE,NOT_APPLICABLE,no_selection_step,false,false
MedQA,Full Text,92,B,A,sender B on item 92,text,2784,623,2788,NOT_APPLICABLE,NOT_APPLICABLE,no_selection_step,false,false
MedQA,Full Text,92,C,A,sender C on item 92,text,2369,549,2369,NOT_APPLICABLE,NOT_APPLICABLE,no_selection_step,false,false
MedQA,Full Text,94,A,B,sender A on item 94,text,3087,695,3087,NOT_APPLICABLE,NOT_APPLICABLE,no_selection_step,false,false
MedQA,Full Text,94,A,C,sender A on item 94,text,3087,695,3087,NOT_APPLICABLE,NOT_APPLICABLE,no_selection_step,false,false
MedQA,Full Text,94,B,A,sender B on item 94,text,1984,445,1984,NOT_APPLICABLE,NOT_APPLICABLE,no_selection_step,false,false
MedQA,Full Text,94,C,A,sender C on item 94,text,2191,529,2191,NOT_APPLICABLE,NOT_APPLICABLE,no_selection_step,false,false
MedQA,Full Text,97,A,B,sender A on item 97,text,2584,624,2584,NOT_APPLICABLE,NOT_APPLICABLE,no_selection_step,false,false
MedQA,Full Text,97,A,C,sender A on item 97,text,2584,624,2584,NOT_APPLICABLE,NOT_APPLICABLE,no_selection_step,false,false
MedQA,Full Text,97,B,A,sender B on item 97,text,1273,289,1277,NOT_APPLICABLE,NOT_APPLICABLE,no_selection_step,false,false
MedQA,Full Text,97,C,A,sender C on item 97,text,1708,372,1712,NOT_APPLICABLE,NOT_APPLICABLE,no_selection_step,false,false
MedQA,Full Text,102,A,C,sender A on item 102,text,2900,675,2910,NOT_APPLICABLE,NOT_APPLICABLE,no_selection_step,false,false
MedQA,Full Text,102,B,C,sender B on item 102,text,2036,431,2036,NOT_APPLICABLE,NOT_APPLICABLE,no_selection_step,false,false
MedQA,Full Text,102,C,A,sender C on item 102,text,2687,579,2689,NOT_APPLICABLE,NOT_APPLICABLE,no_selection_step,false,false
MedQA,Full Text,102,C,B,sender C on item 102,text,2687,579,2689,NOT_APPLICABLE,NOT_APPLICABLE,no_selection_step,false,false
MedQA,Full Text,103,A,B,sender A on item 103,text,2491,574,2491,NOT_APPLICABLE,NOT_APPLICABLE,no_selection_step,false,false
MedQA,Full Text,103,A,C,sender A on item 103,text,2491,574,2491,NOT_APPLICABLE,NOT_APPLICABLE,no_selection_step,false,false
MedQA,Full Text,103,B,A,sender B on item 103,text,2541,621,2549,NOT_APPLICABLE,NOT_APPLICABLE,no_selection_step,false,false
MedQA,Full Text,103,C,A,sender C on item 103,text,2154,501,2154,NOT_APPLICABLE,NOT_APPLICABLE,no_selection_step,false,false
MedQA,Full Text,106,A,C,sender A on item 106,text,1138,233,1138,NOT_APPLICABLE,NOT_APPLICABLE,no_selection_step,false,false
MedQA,Full Text,106,B,C,sender B on item 106,text,1787,431,1797,NOT_APPLICABLE,NOT_APPLICABLE,no_selection_step,false,false
MedQA,Full Text,106,C,A,sender C on item 106,text,2450,547,2452,NOT_APPLICABLE,NOT_APPLICABLE,no_selection_step,false,false
MedQA,Full Text,106,C,B,sender C on item 106,text,2450,547,2452,NOT_APPLICABLE,NOT_APPLICABLE,no_selection_step,false,false
MedQA,Full Text,110,A,B,sender A on item 110,text,2576,579,2576,NOT_APPLICABLE,NOT_APPLICABLE,no_selection_step,false,false
MedQA,Full Text,110,B,A,sender B on item 110,text,2856,631,2858,NOT_APPLICABLE,NOT_APPLICABLE,no_selection_step,false,false
MedQA,Full Text,110,B,C,sender B on item 110,text,2856,631,2858,NOT_APPLICABLE,NOT_APPLICABLE,no_selection_step,false,false
MedQA,Full Text,110,C,B,sender C on item 110,text,2571,562,2571,NOT_APPLICABLE,NOT_APPLICABLE,no_selection_step,false,false
MedQA,Full Text,113,A,B,sender A on item 113,text,2256,517,2257,NOT_APPLICABLE,NOT_APPLICABLE,no_selection_step,false,false
MedQA,Full Text,113,B,A,sender B on item 113,text,2522,621,2524,NOT_APPLICABLE,NOT_APPLICABLE,no_selection_step,false,false
MedQA,Full Text,113,B,C,sender B on item 113,text,2522,621,2524,NOT_APPLICABLE,NOT_APPLICABLE,no_selection_step,false,false
MedQA,Full Text,113,C,B,sender C on item 113,text,2705,641,2710,NOT_APPLICABLE,NOT_APPLICABLE,no_selection_step,false,false
MedQA,Full Text,119,A,C,sender A on item 119,text,998,220,998,NOT_APPLICABLE,NOT_APPLICABLE,no_selection_step,false,false
MedQA,Full Text,119,B,C,sender B on item 119,text,1737,420,1737,NOT_APPLICABLE,NOT_APPLICABLE,no_selection_step,false,false
MedQA,Full Text,119,C,A,sender C on item 119,text,1508,355,1510,NOT_APPLICABLE,NOT_APPLICABLE,no_selection_step,false,false
MedQA,Full Text,119,C,B,sender C on item 119,text,1508,355,1510,NOT_APPLICABLE,NOT_APPLICABLE,no_selection_step,false,false
MedQA,Full Text,121,A,B,sender A on item 121,text,2502,581,2506,NOT_APPLICABLE,NOT_APPLICABLE,no_selection_step,false,false
MedQA,Full Text,121,B,A,sender B on item 121,text,2542,627,2542,NOT_APPLICABLE,NOT_APPLICABLE,no_selection_step,false,false
MedQA,Full Text,121,B,C,sender B on item 121,text,2542,627,2542,NOT_APPLICABLE,NOT_APPLICABLE,no_selection_step,false,false
MedQA,Full Text,121,C,B,sender C on item 121,text,2184,513,2186,NOT_APPLICABLE,NOT_APPLICABLE,no_selection_step,false,false
MedQA,Full Text,122,A,B,sender A on item 122,text,3021,691,3025,NOT_APPLICABLE,NOT_APPLICABLE,no_selection_step,false,false
MedQA,Full Text,122,B,A,sender B on item 122,text,2778,691,2780,NOT_APPLICABLE,NOT_APPLICABLE,no_selection_step,false,false
MedQA,Full Text,122,B,C,sender B on item 122,text,2778,691,2780,NOT_APPLICABLE,NOT_APPLICABLE,no_selection_step,false,false
MedQA,Full Text,122,C,B,sender C on item 122,text,1753,370,1753,NOT_APPLICABLE,NOT_APPLICABLE,no_selection_step,false,false
MedQA,Full Text,127,A,B,sender A on item 127,text,2348,549,2349,NOT_APPLICABLE,NOT_APPLICABLE,no_selection_step,false,false
MedQA,Full Text,127,A,C,sender A on item 127,text,2348,549,2349,NOT_APPLICABLE,NOT_APPLICABLE,no_selection_step,false,false
MedQA,Full Text,127,B,A,sender B on item 127,text,2580,573,2583,NOT_APPLICABLE,NOT_APPLICABLE,no_selection_step,false,false
MedQA,Full Text,127,C,A,sender C on item 127,text,1833,422,1834,NOT_APPLICABLE,NOT_APPLICABLE,no_selection_step,false,false
MedQA,Full Text,131,A,B,sender A on item 131,text,1519,380,1521,NOT_APPLICABLE,NOT_APPLICABLE,no_selection_step,false,false
MedQA,Full Text,131,B,A,sender B on item 131,text,1787,434,1789,NOT_APPLICABLE,NOT_APPLICABLE,no_selection_step,false,false
MedQA,Full Text,131,B,C,sender B on item 131,text,1787,434,1789,NOT_APPLICABLE,NOT_APPLICABLE,no_selection_step,false,false
MedQA,Full Text,131,C,B,sender C on item 131,text,1837,445,1847,NOT_APPLICABLE,NOT_APPLICABLE,no_selection_step,false,false
MedQA,Full Text,136,A,B,sender A on item 136,text,2211,468,2213,NOT_APPLICABLE,NOT_APPLICABLE,no_selection_step,false,false
MedQA,Full Text,136,A,C,sender A on item 136,text,2211,468,2213,NOT_APPLICABLE,NOT_APPLICABLE,no_selection_step,false,false
MedQA,Full Text,136,B,A,sender B on item 136,text,2057,425,2057,NOT_APPLICABLE,NOT_APPLICABLE,no_selection_step,false,false
MedQA,Full Text,136,C,A,sender C on item 136,text,1891,385,1891,NOT_APPLICABLE,NOT_APPLICABLE,no_selection_step,false,false
MedQA,Full Text,137,A,B,sender A on item 137,text,1191,229,1191,NOT_APPLICABLE,NOT_APPLICABLE,no_selection_step,false,false
MedQA,Full Text,137,B,A,sender B on item 137,text,2010,388,2010,NOT_APPLICABLE,NOT_APPLICABLE,no_selection_step,false,false
MedQA,Full Text,137,B,C,sender B on item 137,text,2010,388,2010,NOT_APPLICABLE,NOT_APPLICABLE,no_selection_step,false,false
MedQA,Full Text,137,C,B,sender C on item 137,text,1746,365,1748,NOT_APPLICABLE,NOT_APPLICABLE,no_selection_step,false,false
MedQA,Full Text,142,A,B,sender A on item 142,text,2219,417,2221,NOT_APPLICABLE,NOT_APPLICABLE,no_selection_step,false,false
MedQA,Full Text,142,A,C,sender A on item 142,text,2219,417,2221,NOT_APPLICABLE,NOT_APPLICABLE,no_selection_step,false,false
MedQA,Full Text,142,B,A,sender B on item 142,text,2383,500,2387,NOT_APPLICABLE,NOT_APPLICABLE,no_selection_step,false,false
MedQA,Full Text,142,C,A,sender C on item 142,text,1913,358,1913,NOT_APPLICABLE,NOT_APPLICABLE,no_selection_step,false,false
MedQA,Full Text,144,A,C,sender A on item 144,text,2728,676,2728,NOT_APPLICABLE,NOT_APPLICABLE,no_selection_step,false,false
MedQA,Full Text,144,B,C,sender B on item 144,text,2394,600,2395,NOT_APPLICABLE,NOT_APPLICABLE,no_selection_step,false,false
MedQA,Full Text,144,C,A,sender C on item 144,text,2275,559,2275,NOT_APPLICABLE,NOT_APPLICABLE,no_selection_step,false,false
MedQA,Full Text,144,C,B,sender C on item 144,text,2275,559,2275,NOT_APPLICABLE,NOT_APPLICABLE,no_selection_step,false,false
MedQA,Full Text,145,A,B,sender A on item 145,text,2484,562,2484,NOT_APPLICABLE,NOT_APPLICABLE,no_selection_step,false,false
MedQA,Full Text,145,B,A,sender B on item 145,text,2659,566,2659,NOT_APPLICABLE,NOT_APPLICABLE,no_selection_step,false,false
MedQA,Full Text,145,B,C,sender B on item 145,text,2659,566,2659,NOT_APPLICABLE,NOT_APPLICABLE,no_selection_step,false,false
MedQA,Full Text,145,C,B,sender C on item 145,text,1970,451,1976,NOT_APPLICABLE,NOT_APPLICABLE,no_selection_step,false,false
MedQA,Full Text,161,A,B,sender A on item 161,text,1577,321,1577,NOT_APPLICABLE,NOT_APPLICABLE,no_selection_step,false,false
MedQA,Full Text,161,A,C,sender A on item 161,text,1577,321,1577,NOT_APPLICABLE,NOT_APPLICABLE,no_selection_step,false,false
MedQA,Full Text,161,B,A,sender B on item 161,text,1590,319,1590,NOT_APPLICABLE,NOT_APPLICABLE,no_selection_step,false,false
MedQA,Full Text,161,C,A,sender C on item 161,text,2006,476,2006,NOT_APPLICABLE,NOT_APPLICABLE,no_selection_step,false,false
MedQA,Full Text,162,A,B,sender A on item 162,text,2031,432,2037,NOT_APPLICABLE,NOT_APPLICABLE,no_selection_step,false,false
MedQA,Full Text,162,A,C,sender A on item 162,text,2031,432,2037,NOT_APPLICABLE,NOT_APPLICABLE,no_selection_step,false,false
MedQA,Full Text,162,B,A,sender B on item 162,text,2645,593,2653,NOT_APPLICABLE,NOT_APPLICABLE,no_selection_step,false,false
MedQA,Full Text,162,C,A,sender C on item 162,text,2712,636,2718,NOT_APPLICABLE,NOT_APPLICABLE,no_selection_step,false,false
MedQA,Full Text,168,A,B,sender A on item 168,text,1143,259,1145,NOT_APPLICABLE,NOT_APPLICABLE,no_selection_step,false,false
MedQA,Full Text,168,A,C,sender A on item 168,text,1143,259,1145,NOT_APPLICABLE,NOT_APPLICABLE,no_selection_step,false,false
MedQA,Full Text,168,B,A,sender B on item 168,text,1863,450,1865,NOT_APPLICABLE,NOT_APPLICABLE,no_selection_step,false,false
MedQA,Full Text,168,C,A,sender C on item 168,text,1216,263,1216,NOT_APPLICABLE,NOT_APPLICABLE,no_selection_step,false,false
MedQA,Full Text,175,A,C,sender A on item 175,text,1043,236,1045,NOT_APPLICABLE,NOT_APPLICABLE,no_selection_step,false,false
MedQA,Full Text,175,B,C,sender B on item 175,text,829,210,833,NOT_APPLICABLE,NOT_APPLICABLE,no_selection_step,false,false
MedQA,Full Text,175,C,A,sender C on item 175,text,1519,346,1519,NOT_APPLICABLE,NOT_APPLICABLE,no_selection_step,false,false
MedQA,Full Text,175,C,B,sender C on item 175,text,1519,346,1519,NOT_APPLICABLE,NOT_APPLICABLE,no_selection_step,false,false
MedQA,Full Text,177,A,B,sender A on item 177,text,2804,664,2820,NOT_APPLICABLE,NOT_APPLICABLE,no_selection_step,false,false
MedQA,Full Text,177,A,C,sender A on item 177,text,2804,664,2820,NOT_APPLICABLE,NOT_APPLICABLE,no_selection_step,false,false
MedQA,Full Text,177,B,A,sender B on item 177,text,2648,600,2648,NOT_APPLICABLE,NOT_APPLICABLE,no_selection_step,false,false
MedQA,Full Text,177,C,A,sender C on item 177,text,2663,602,2677,NOT_APPLICABLE,NOT_APPLICABLE,no_selection_step,false,false
MedQA,Full Text,179,A,C,sender A on item 179,text,2556,576,2556,NOT_APPLICABLE,NOT_APPLICABLE,no_selection_step,false,false
MedQA,Full Text,179,B,C,sender B on item 179,text,2515,595,2523,NOT_APPLICABLE,NOT_APPLICABLE,no_selection_step,false,false
MedQA,Full Text,179,C,A,sender C on item 179,text,2698,662,2700,NOT_APPLICABLE,NOT_APPLICABLE,no_selection_step,false,false
MedQA,Full Text,179,C,B,sender C on item 179,text,2698,662,2700,NOT_APPLICABLE,NOT_APPLICABLE,no_selection_step,false,false
MedQA,Full Text,181,A,B,sender A on item 181,text,2001,494,2001,NOT_APPLICABLE,NOT_APPLICABLE,no_selection_step,false,false
MedQA,Full Text,181,B,A,sender B on item 181,text,2194,509,2198,NOT_APPLICABLE,NOT_APPLICABLE,no_selection_step,false,false
MedQA,Full Text,181,B,C,sender B on item 181,text,2194,509,2198,NOT_APPLICABLE,NOT_APPLICABLE,no_selection_step,false,false
MedQA,Full Text,181,C,B,sender C on item 181,text,1698,381,1698,NOT_APPLICABLE,NOT_APPLICABLE,no_selection_step,false,false
MedQA,Full Text,203,A,B,sender A on item 203,text,1949,447,1949,NOT_APPLICABLE,NOT_APPLICABLE,no_selection_step,false,false
MedQA,Full Text,203,B,A,sender B on item 203,text,1715,404,1715,NOT_APPLICABLE,NOT_APPLICABLE,no_selection_step,false,false
MedQA,Full Text,203,B,C,sender B on item 203,text,1715,404,1715,NOT_APPLICABLE,NOT_APPLICABLE,no_selection_step,false,false
MedQA,Full Text,203,C,B,sender C on item 203,text,1569,360,1569,NOT_APPLICABLE,NOT_APPLICABLE,no_selection_step,false,false
MedQA,Full Text,211,A,B,sender A on item 211,text,2442,598,2448,NOT_APPLICABLE,NOT_APPLICABLE,no_selection_step,false,false
MedQA,Full Text,211,B,A,sender B on item 211,text,2980,656,2982,NOT_APPLICABLE,NOT_APPLICABLE,no_selection_step,false,false
MedQA,Full Text,211,B,C,sender B on item 211,text,2980,656,2982,NOT_APPLICABLE,NOT_APPLICABLE,no_selection_step,false,false
MedQA,Full Text,211,C,B,sender C on item 211,text,2716,617,2718,NOT_APPLICABLE,NOT_APPLICABLE,no_selection_step,false,false
MedQA,Full Text,217,A,C,sender A on item 217,text,2393,478,2393,NOT_APPLICABLE,NOT_APPLICABLE,no_selection_step,false,false
MedQA,Full Text,217,B,C,sender B on item 217,text,2457,503,2457,NOT_APPLICABLE,NOT_APPLICABLE,no_selection_step,false,false
MedQA,Full Text,217,C,A,sender C on item 217,text,2127,428,2127,NOT_APPLICABLE,NOT_APPLICABLE,no_selection_step,false,false
MedQA,Full Text,217,C,B,sender C on item 217,text,2127,428,2127,NOT_APPLICABLE,NOT_APPLICABLE,no_selection_step,false,false
MedQA,Full Text,230,A,B,sender A on item 230,text,1573,389,1573,NOT_APPLICABLE,NOT_APPLICABLE,no_selection_step,false,false
MedQA,Full Text,230,A,C,sender A on item 230,text,1573,389,1573,NOT_APPLICABLE,NOT_APPLICABLE,no_selection_step,false,false
MedQA,Full Text,230,B,A,sender B on item 230,text,1509,367,1511,NOT_APPLICABLE,NOT_APPLICABLE,no_selection_step,false,false
MedQA,Full Text,230,C,A,sender C on item 230,text,1535,361,1539,NOT_APPLICABLE,NOT_APPLICABLE,no_selection_step,false,false
MedQA,Full Text,237,A,B,sender A on item 237,text,2263,594,2271,NOT_APPLICABLE,NOT_APPLICABLE,no_selection_step,false,false
MedQA,Full Text,237,A,C,sender A on item 237,text,2263,594,2271,NOT_APPLICABLE,NOT_APPLICABLE,no_selection_step,false,false
MedQA,Full Text,237,B,A,sender B on item 237,text,1530,422,1540,NOT_APPLICABLE,NOT_APPLICABLE,no_selection_step,false,false
MedQA,Full Text,237,C,A,sender C on item 237,text,1708,446,1714,NOT_APPLICABLE,NOT_APPLICABLE,no_selection_step,false,false
MedQA,Full Text,242,A,B,sender A on item 242,text,842,187,842,NOT_APPLICABLE,NOT_APPLICABLE,no_selection_step,false,false
MedQA,Full Text,242,B,A,sender B on item 242,text,1945,443,1945,NOT_APPLICABLE,NOT_APPLICABLE,no_selection_step,false,false
MedQA,Full Text,242,B,C,sender B on item 242,text,1945,443,1945,NOT_APPLICABLE,NOT_APPLICABLE,no_selection_step,false,false
MedQA,Full Text,242,C,B,sender C on item 242,text,1914,478,1922,NOT_APPLICABLE,NOT_APPLICABLE,no_selection_step,false,false
MedQA,Full Text,244,A,B,sender A on item 244,text,1961,468,1965,NOT_APPLICABLE,NOT_APPLICABLE,no_selection_step,false,false
MedQA,Full Text,244,B,A,sender B on item 244,text,2609,569,2609,NOT_APPLICABLE,NOT_APPLICABLE,no_selection_step,false,false
MedQA,Full Text,244,B,C,sender B on item 244,text,2609,569,2609,NOT_APPLICABLE,NOT_APPLICABLE,no_selection_step,false,false
MedQA,Full Text,244,C,B,sender C on item 244,text,1796,425,1796,NOT_APPLICABLE,NOT_APPLICABLE,no_selection_step,false,false
MedQA,Full Text,246,A,C,sender A on item 246,text,2072,492,2081,NOT_APPLICABLE,NOT_APPLICABLE,no_selection_step,false,false
MedQA,Full Text,246,B,C,sender B on item 246,text,2138,479,2147,NOT_APPLICABLE,NOT_APPLICABLE,no_selection_step,false,false
MedQA,Full Text,246,C,A,sender C on item 246,text,2533,563,2540,NOT_APPLICABLE,NOT_APPLICABLE,no_selection_step,false,false
MedQA,Full Text,246,C,B,sender C on item 246,text,2533,563,2540,NOT_APPLICABLE,NOT_APPLICABLE,no_selection_step,false,false
MedQA,Full Text,251,A,C,sender A on item 251,text,2224,487,2226,NOT_APPLICABLE,NOT_APPLICABLE,no_selection_step,false,false
MedQA,Full Text,251,B,C,sender B on item 251,text,2139,445,2151,NOT_APPLICABLE,NOT_APPLICABLE,no_selection_step,false,false
MedQA,Full Text,251,C,A,sender C on item 251,text,1566,322,1574,NOT_APPLICABLE,NOT_APPLICABLE,no_selection_step,false,false
MedQA,Full Text,251,C,B,sender C on item 251,text,1566,322,1574,NOT_APPLICABLE,NOT_APPLICABLE,no_selection_step,false,false
MedQA,Full Text,253,A,B,sender A on item 253,text,2337,613,2343,NOT_APPLICABLE,NOT_APPLICABLE,no_selection_step,false,false
MedQA,Full Text,253,A,C,sender A on item 253,text,2337,613,2343,NOT_APPLICABLE,NOT_APPLICABLE,no_selection_step,false,false
MedQA,Full Text,253,B,A,sender B on item 253,text,2885,739,2885,NOT_APPLICABLE,NOT_APPLICABLE,no_selection_step,false,false
MedQA,Full Text,253,C,A,sender C on item 253,text,2475,609,2475,NOT_APPLICABLE,NOT_APPLICABLE,no_selection_step,false,false
MedQA,Full Text,260,A,B,sender A on item 260,text,2205,462,2205,NOT_APPLICABLE,NOT_APPLICABLE,no_selection_step,false,false
MedQA,Full Text,260,A,C,sender A on item 260,text,2205,462,2205,NOT_APPLICABLE,NOT_APPLICABLE,no_selection_step,false,false
MedQA,Full Text,260,B,A,sender B on item 260,text,3077,762,3077,NOT_APPLICABLE,NOT_APPLICABLE,no_selection_step,false,false
MedQA,Full Text,260,C,A,sender C on item 260,text,1466,352,1466,NOT_APPLICABLE,NOT_APPLICABLE,no_selection_step,false,false
MedQA,Full Text,264,A,C,sender A on item 264,text,2086,502,2092,NOT_APPLICABLE,NOT_APPLICABLE,no_selection_step,false,false
MedQA,Full Text,264,B,C,sender B on item 264,text,2519,626,2523,NOT_APPLICABLE,NOT_APPLICABLE,no_selection_step,false,false
MedQA,Full Text,264,C,A,sender C on item 264,text,2991,729,3001,NOT_APPLICABLE,NOT_APPLICABLE,no_selection_step,false,false
MedQA,Full Text,264,C,B,sender C on item 264,text,2991,729,3001,NOT_APPLICABLE,NOT_APPLICABLE,no_selection_step,false,false
MedQA,Full Text,266,A,B,sender A on item 266,text,1856,452,1858,NOT_APPLICABLE,NOT_APPLICABLE,no_selection_step,false,false
MedQA,Full Text,266,A,C,sender A on item 266,text,1856,452,1858,NOT_APPLICABLE,NOT_APPLICABLE,no_selection_step,false,false
MedQA,Full Text,266,B,A,sender B on item 266,text,1888,516,1890,NOT_APPLICABLE,NOT_APPLICABLE,no_selection_step,false,false
MedQA,Full Text,266,C,A,sender C on item 266,text,1912,509,1912,NOT_APPLICABLE,NOT_APPLICABLE,no_selection_step,false,false
MedQA,Full Text,274,A,B,sender A on item 274,text,1494,339,1494,NOT_APPLICABLE,NOT_APPLICABLE,no_selection_step,false,false
MedQA,Full Text,274,B,A,sender B on item 274,text,1247,307,1247,NOT_APPLICABLE,NOT_APPLICABLE,no_selection_step,false,false
MedQA,Full Text,274,B,C,sender B on item 274,text,1247,307,1247,NOT_APPLICABLE,NOT_APPLICABLE,no_selection_step,false,false
MedQA,Full Text,274,C,B,sender C on item 274,text,1546,373,1546,NOT_APPLICABLE,NOT_APPLICABLE,no_selection_step,false,false
MedQA,Full Text,277,A,B,sender A on item 277,text,1919,473,1919,NOT_APPLICABLE,NOT_APPLICABLE,no_selection_step,false,false
MedQA,Full Text,277,B,A,sender B on item 277,text,1821,442,1821,NOT_APPLICABLE,NOT_APPLICABLE,no_selection_step,false,false
MedQA,Full Text,277,B,C,sender B on item 277,text,1821,442,1821,NOT_APPLICABLE,NOT_APPLICABLE,no_selection_step,false,false
MedQA,Full Text,277,C,B,sender C on item 277,text,1767,437,1767,NOT_APPLICABLE,NOT_APPLICABLE,no_selection_step,false,false
MedQA,Full Text,280,A,C,sender A on item 280,text,2291,542,2291,NOT_APPLICABLE,NOT_APPLICABLE,no_selection_step,false,false
MedQA,Full Text,280,B,C,sender B on item 280,text,1455,304,1455,NOT_APPLICABLE,NOT_APPLICABLE,no_selection_step,false,false
MedQA,Full Text,280,C,A,sender C on item 280,text,1869,434,1871,NOT_APPLICABLE,NOT_APPLICABLE,no_selection_step,false,false
MedQA,Full Text,280,C,B,sender C on item 280,text,1869,434,1871,NOT_APPLICABLE,NOT_APPLICABLE,no_selection_step,false,false
MedQA,Full Text,289,A,B,sender A on item 289,text,1757,436,1757,NOT_APPLICABLE,NOT_APPLICABLE,no_selection_step,false,false
MedQA,Full Text,289,B,A,sender B on item 289,text,1197,303,1197,NOT_APPLICABLE,NOT_APPLICABLE,no_selection_step,false,false
MedQA,Full Text,289,B,C,sender B on item 289,text,1197,303,1197,NOT_APPLICABLE,NOT_APPLICABLE,no_selection_step,false,false
MedQA,Full Text,289,C,B,sender C on item 289,text,1228,305,1230,NOT_APPLICABLE,NOT_APPLICABLE,no_selection_step,false,false
MedQA,Full Text,294,A,B,sender A on item 294,text,2373,560,2381,NOT_APPLICABLE,NOT_APPLICABLE,no_selection_step,false,false
MedQA,Full Text,294,B,A,sender B on item 294,text,2439,553,2453,NOT_APPLICABLE,NOT_APPLICABLE,no_selection_step,false,false
MedQA,Full Text,294,B,C,sender B on item 294,text,2439,553,2453,NOT_APPLICABLE,NOT_APPLICABLE,no_selection_step,false,false
MedQA,Full Text,294,C,B,sender C on item 294,text,2437,550,2443,NOT_APPLICABLE,NOT_APPLICABLE,no_selection_step,false,false
MedQA,Full Text,296,A,C,sender A on item 296,text,1849,487,1861,NOT_APPLICABLE,NOT_APPLICABLE,no_selection_step,false,false
MedQA,Full Text,296,B,C,sender B on item 296,text,2047,525,2053,NOT_APPLICABLE,NOT_APPLICABLE,no_selection_step,false,false
MedQA,Full Text,296,C,A,sender C on item 296,text,2341,624,2347,NOT_APPLICABLE,NOT_APPLICABLE,no_selection_step,false,false
MedQA,Full Text,296,C,B,sender C on item 296,text,2341,624,2347,NOT_APPLICABLE,NOT_APPLICABLE,no_selection_step,false,false
MedQA,StateBridge,10,A,C,sender A on item 10,statebridge,MISSING,MISSING,327680,NOT_APPLICABLE,NOT_APPLICABLE,no_selection_step,false,false
MedQA,StateBridge,10,B,C,sender B on item 10,statebridge,MISSING,MISSING,327680,NOT_APPLICABLE,NOT_APPLICABLE,no_selection_step,false,false
MedQA,StateBridge,10,C,A,sender C on item 10,statebridge,MISSING,MISSING,327680,NOT_APPLICABLE,NOT_APPLICABLE,no_selection_step,false,false
MedQA,StateBridge,10,C,B,sender C on item 10,statebridge,MISSING,MISSING,327680,NOT_APPLICABLE,NOT_APPLICABLE,no_selection_step,false,false
MedQA,StateBridge,23,A,B,sender A on item 23,statebridge,MISSING,MISSING,327680,NOT_APPLICABLE,NOT_APPLICABLE,no_selection_step,false,false
MedQA,StateBridge,23,A,C,sender A on item 23,statebridge,MISSING,MISSING,327680,NOT_APPLICABLE,NOT_APPLICABLE,no_selection_step,false,false
MedQA,StateBridge,23,B,A,sender B on item 23,statebridge,MISSING,MISSING,327680,NOT_APPLICABLE,NOT_APPLICABLE,no_selection_step,false,false
MedQA,StateBridge,23,C,A,sender C on item 23,statebridge,MISSING,MISSING,327680,NOT_APPLICABLE,NOT_APPLICABLE,no_selection_step,false,false
MedQA,StateBridge,29,A,B,sender A on item 29,statebridge,MISSING,MISSING,327680,NOT_APPLICABLE,NOT_APPLICABLE,no_selection_step,false,false
MedQA,StateBridge,29,B,A,sender B on item 29,statebridge,MISSING,MISSING,327680,NOT_APPLICABLE,NOT_APPLICABLE,no_selection_step,false,false
MedQA,StateBridge,29,B,C,sender B on item 29,statebridge,MISSING,MISSING,327680,NOT_APPLICABLE,NOT_APPLICABLE,no_selection_step,false,false
MedQA,StateBridge,29,C,B,sender C on item 29,statebridge,MISSING,MISSING,327680,NOT_APPLICABLE,NOT_APPLICABLE,no_selection_step,false,false
MedQA,StateBridge,31,A,B,sender A on item 31,statebridge,MISSING,MISSING,327680,NOT_APPLICABLE,NOT_APPLICABLE,no_selection_step,false,false
MedQA,StateBridge,31,B,A,sender B on item 31,statebridge,MISSING,MISSING,327680,NOT_APPLICABLE,NOT_APPLICABLE,no_selection_step,false,false
MedQA,StateBridge,31,B,C,sender B on item 31,statebridge,MISSING,MISSING,327680,NOT_APPLICABLE,NOT_APPLICABLE,no_selection_step,false,false
MedQA,StateBridge,31,C,B,sender C on item 31,statebridge,MISSING,MISSING,327680,NOT_APPLICABLE,NOT_APPLICABLE,no_selection_step,false,false
MedQA,StateBridge,38,A,C,sender A on item 38,statebridge,MISSING,MISSING,327680,NOT_APPLICABLE,NOT_APPLICABLE,no_selection_step,false,false
MedQA,StateBridge,38,B,C,sender B on item 38,statebridge,MISSING,MISSING,327680,NOT_APPLICABLE,NOT_APPLICABLE,no_selection_step,false,false
MedQA,StateBridge,38,C,A,sender C on item 38,statebridge,MISSING,MISSING,327680,NOT_APPLICABLE,NOT_APPLICABLE,no_selection_step,false,false
MedQA,StateBridge,38,C,B,sender C on item 38,statebridge,MISSING,MISSING,327680,NOT_APPLICABLE,NOT_APPLICABLE,no_selection_step,false,false
MedQA,StateBridge,41,A,C,sender A on item 41,statebridge,MISSING,MISSING,327680,NOT_APPLICABLE,NOT_APPLICABLE,no_selection_step,false,false
MedQA,StateBridge,41,B,C,sender B on item 41,statebridge,MISSING,MISSING,327680,NOT_APPLICABLE,NOT_APPLICABLE,no_selection_step,false,false
MedQA,StateBridge,41,C,A,sender C on item 41,statebridge,MISSING,MISSING,327680,NOT_APPLICABLE,NOT_APPLICABLE,no_selection_step,false,false
MedQA,StateBridge,41,C,B,sender C on item 41,statebridge,MISSING,MISSING,327680,NOT_APPLICABLE,NOT_APPLICABLE,no_selection_step,false,false
MedQA,StateBridge,45,A,C,sender A on item 45,statebridge,MISSING,MISSING,327680,NOT_APPLICABLE,NOT_APPLICABLE,no_selection_step,false,false
MedQA,StateBridge,45,B,C,sender B on item 45,statebridge,MISSING,MISSING,327680,NOT_APPLICABLE,NOT_APPLICABLE,no_selection_step,false,false
MedQA,StateBridge,45,C,A,sender C on item 45,statebridge,MISSING,MISSING,327680,NOT_APPLICABLE,NOT_APPLICABLE,no_selection_step,false,false
MedQA,StateBridge,45,C,B,sender C on item 45,statebridge,MISSING,MISSING,327680,NOT_APPLICABLE,NOT_APPLICABLE,no_selection_step,false,false
MedQA,StateBridge,46,A,C,sender A on item 46,statebridge,MISSING,MISSING,327680,NOT_APPLICABLE,NOT_APPLICABLE,no_selection_step,false,false
MedQA,StateBridge,46,B,C,sender B on item 46,statebridge,MISSING,MISSING,327680,NOT_APPLICABLE,NOT_APPLICABLE,no_selection_step,false,false
MedQA,StateBridge,46,C,A,sender C on item 46,statebridge,MISSING,MISSING,327680,NOT_APPLICABLE,NOT_APPLICABLE,no_selection_step,false,false
MedQA,StateBridge,46,C,B,sender C on item 46,statebridge,MISSING,MISSING,327680,NOT_APPLICABLE,NOT_APPLICABLE,no_selection_step,false,false
MedQA,StateBridge,55,A,C,sender A on item 55,statebridge,MISSING,MISSING,327680,NOT_APPLICABLE,NOT_APPLICABLE,no_selection_step,false,false
MedQA,StateBridge,55,B,C,sender B on item 55,statebridge,MISSING,MISSING,327680,NOT_APPLICABLE,NOT_APPLICABLE,no_selection_step,false,false
MedQA,StateBridge,55,C,A,sender C on item 55,statebridge,MISSING,MISSING,327680,NOT_APPLICABLE,NOT_APPLICABLE,no_selection_step,false,false
MedQA,StateBridge,55,C,B,sender C on item 55,statebridge,MISSING,MISSING,327680,NOT_APPLICABLE,NOT_APPLICABLE,no_selection_step,false,false
MedQA,StateBridge,71,A,B,sender A on item 71,statebridge,MISSING,MISSING,327680,NOT_APPLICABLE,NOT_APPLICABLE,no_selection_step,false,false
MedQA,StateBridge,71,B,A,sender B on item 71,statebridge,MISSING,MISSING,327680,NOT_APPLICABLE,NOT_APPLICABLE,no_selection_step,false,false
MedQA,StateBridge,71,B,C,sender B on item 71,statebridge,MISSING,MISSING,327680,NOT_APPLICABLE,NOT_APPLICABLE,no_selection_step,false,false
MedQA,StateBridge,71,C,B,sender C on item 71,statebridge,MISSING,MISSING,327680,NOT_APPLICABLE,NOT_APPLICABLE,no_selection_step,false,false
MedQA,StateBridge,75,A,B,sender A on item 75,statebridge,MISSING,MISSING,327680,NOT_APPLICABLE,NOT_APPLICABLE,no_selection_step,false,false
MedQA,StateBridge,75,A,C,sender A on item 75,statebridge,MISSING,MISSING,327680,NOT_APPLICABLE,NOT_APPLICABLE,no_selection_step,false,false
MedQA,StateBridge,75,B,A,sender B on item 75,statebridge,MISSING,MISSING,327680,NOT_APPLICABLE,NOT_APPLICABLE,no_selection_step,false,false
MedQA,StateBridge,75,C,A,sender C on item 75,statebridge,MISSING,MISSING,327680,NOT_APPLICABLE,NOT_APPLICABLE,no_selection_step,false,false
MedQA,StateBridge,79,A,B,sender A on item 79,statebridge,MISSING,MISSING,327680,NOT_APPLICABLE,NOT_APPLICABLE,no_selection_step,false,false
MedQA,StateBridge,79,A,C,sender A on item 79,statebridge,MISSING,MISSING,327680,NOT_APPLICABLE,NOT_APPLICABLE,no_selection_step,false,false
MedQA,StateBridge,79,B,A,sender B on item 79,statebridge,MISSING,MISSING,327680,NOT_APPLICABLE,NOT_APPLICABLE,no_selection_step,false,false
MedQA,StateBridge,79,C,A,sender C on item 79,statebridge,MISSING,MISSING,327680,NOT_APPLICABLE,NOT_APPLICABLE,no_selection_step,false,false
MedQA,StateBridge,84,A,B,sender A on item 84,statebridge,MISSING,MISSING,327680,NOT_APPLICABLE,NOT_APPLICABLE,no_selection_step,false,false
MedQA,StateBridge,84,B,A,sender B on item 84,statebridge,MISSING,MISSING,327680,NOT_APPLICABLE,NOT_APPLICABLE,no_selection_step,false,false
MedQA,StateBridge,84,B,C,sender B on item 84,statebridge,MISSING,MISSING,327680,NOT_APPLICABLE,NOT_APPLICABLE,no_selection_step,false,false
MedQA,StateBridge,84,C,B,sender C on item 84,statebridge,MISSING,MISSING,327680,NOT_APPLICABLE,NOT_APPLICABLE,no_selection_step,false,false
MedQA,StateBridge,89,A,B,sender A on item 89,statebridge,MISSING,MISSING,327680,NOT_APPLICABLE,NOT_APPLICABLE,no_selection_step,false,false
MedQA,StateBridge,89,A,C,sender A on item 89,statebridge,MISSING,MISSING,327680,NOT_APPLICABLE,NOT_APPLICABLE,no_selection_step,false,false
MedQA,StateBridge,89,B,A,sender B on item 89,statebridge,MISSING,MISSING,327680,NOT_APPLICABLE,NOT_APPLICABLE,no_selection_step,false,false
MedQA,StateBridge,89,C,A,sender C on item 89,statebridge,MISSING,MISSING,327680,NOT_APPLICABLE,NOT_APPLICABLE,no_selection_step,false,false
MedQA,StateBridge,92,A,B,sender A on item 92,statebridge,MISSING,MISSING,327680,NOT_APPLICABLE,NOT_APPLICABLE,no_selection_step,false,false
MedQA,StateBridge,92,A,C,sender A on item 92,statebridge,MISSING,MISSING,327680,NOT_APPLICABLE,NOT_APPLICABLE,no_selection_step,false,false
MedQA,StateBridge,92,B,A,sender B on item 92,statebridge,MISSING,MISSING,327680,NOT_APPLICABLE,NOT_APPLICABLE,no_selection_step,false,false
MedQA,StateBridge,92,C,A,sender C on item 92,statebridge,MISSING,MISSING,327680,NOT_APPLICABLE,NOT_APPLICABLE,no_selection_step,false,false
MedQA,StateBridge,94,A,B,sender A on item 94,statebridge,MISSING,MISSING,327680,NOT_APPLICABLE,NOT_APPLICABLE,no_selection_step,false,false
MedQA,StateBridge,94,A,C,sender A on item 94,statebridge,MISSING,MISSING,327680,NOT_APPLICABLE,NOT_APPLICABLE,no_selection_step,false,false
MedQA,StateBridge,94,B,A,sender B on item 94,statebridge,MISSING,MISSING,327680,NOT_APPLICABLE,NOT_APPLICABLE,no_selection_step,false,false
MedQA,StateBridge,94,C,A,sender C on item 94,statebridge,MISSING,MISSING,327680,NOT_APPLICABLE,NOT_APPLICABLE,no_selection_step,false,false
MedQA,StateBridge,97,A,B,sender A on item 97,statebridge,MISSING,MISSING,327680,NOT_APPLICABLE,NOT_APPLICABLE,no_selection_step,false,false
MedQA,StateBridge,97,A,C,sender A on item 97,statebridge,MISSING,MISSING,327680,NOT_APPLICABLE,NOT_APPLICABLE,no_selection_step,false,false
MedQA,StateBridge,97,B,A,sender B on item 97,statebridge,MISSING,MISSING,327680,NOT_APPLICABLE,NOT_APPLICABLE,no_selection_step,false,false
MedQA,StateBridge,97,C,A,sender C on item 97,statebridge,MISSING,MISSING,327680,NOT_APPLICABLE,NOT_APPLICABLE,no_selection_step,false,false
MedQA,StateBridge,102,A,C,sender A on item 102,statebridge,MISSING,MISSING,327680,NOT_APPLICABLE,NOT_APPLICABLE,no_selection_step,false,false
MedQA,StateBridge,102,B,C,sender B on item 102,statebridge,MISSING,MISSING,327680,NOT_APPLICABLE,NOT_APPLICABLE,no_selection_step,false,false
MedQA,StateBridge,102,C,A,sender C on item 102,statebridge,MISSING,MISSING,327680,NOT_APPLICABLE,NOT_APPLICABLE,no_selection_step,false,false
MedQA,StateBridge,102,C,B,sender C on item 102,statebridge,MISSING,MISSING,327680,NOT_APPLICABLE,NOT_APPLICABLE,no_selection_step,false,false
MedQA,StateBridge,103,A,B,sender A on item 103,statebridge,MISSING,MISSING,327680,NOT_APPLICABLE,NOT_APPLICABLE,no_selection_step,false,false
MedQA,StateBridge,103,A,C,sender A on item 103,statebridge,MISSING,MISSING,327680,NOT_APPLICABLE,NOT_APPLICABLE,no_selection_step,false,false
MedQA,StateBridge,103,B,A,sender B on item 103,statebridge,MISSING,MISSING,327680,NOT_APPLICABLE,NOT_APPLICABLE,no_selection_step,false,false
MedQA,StateBridge,103,C,A,sender C on item 103,statebridge,MISSING,MISSING,327680,NOT_APPLICABLE,NOT_APPLICABLE,no_selection_step,false,false
MedQA,StateBridge,106,A,C,sender A on item 106,statebridge,MISSING,MISSING,327680,NOT_APPLICABLE,NOT_APPLICABLE,no_selection_step,false,false
MedQA,StateBridge,106,B,C,sender B on item 106,statebridge,MISSING,MISSING,327680,NOT_APPLICABLE,NOT_APPLICABLE,no_selection_step,false,false
MedQA,StateBridge,106,C,A,sender C on item 106,statebridge,MISSING,MISSING,327680,NOT_APPLICABLE,NOT_APPLICABLE,no_selection_step,false,false
MedQA,StateBridge,106,C,B,sender C on item 106,statebridge,MISSING,MISSING,327680,NOT_APPLICABLE,NOT_APPLICABLE,no_selection_step,false,false
MedQA,StateBridge,110,A,B,sender A on item 110,statebridge,MISSING,MISSING,327680,NOT_APPLICABLE,NOT_APPLICABLE,no_selection_step,false,false
MedQA,StateBridge,110,B,A,sender B on item 110,statebridge,MISSING,MISSING,327680,NOT_APPLICABLE,NOT_APPLICABLE,no_selection_step,false,false
MedQA,StateBridge,110,B,C,sender B on item 110,statebridge,MISSING,MISSING,327680,NOT_APPLICABLE,NOT_APPLICABLE,no_selection_step,false,false
MedQA,StateBridge,110,C,B,sender C on item 110,statebridge,MISSING,MISSING,327680,NOT_APPLICABLE,NOT_APPLICABLE,no_selection_step,false,false
MedQA,StateBridge,113,A,B,sender A on item 113,statebridge,MISSING,MISSING,327680,NOT_APPLICABLE,NOT_APPLICABLE,no_selection_step,false,false
MedQA,StateBridge,113,B,A,sender B on item 113,statebridge,MISSING,MISSING,327680,NOT_APPLICABLE,NOT_APPLICABLE,no_selection_step,false,false
MedQA,StateBridge,113,B,C,sender B on item 113,statebridge,MISSING,MISSING,327680,NOT_APPLICABLE,NOT_APPLICABLE,no_selection_step,false,false
MedQA,StateBridge,113,C,B,sender C on item 113,statebridge,MISSING,MISSING,327680,NOT_APPLICABLE,NOT_APPLICABLE,no_selection_step,false,false
MedQA,StateBridge,119,A,C,sender A on item 119,statebridge,MISSING,MISSING,327680,NOT_APPLICABLE,NOT_APPLICABLE,no_selection_step,false,false
MedQA,StateBridge,119,B,C,sender B on item 119,statebridge,MISSING,MISSING,327680,NOT_APPLICABLE,NOT_APPLICABLE,no_selection_step,false,false
MedQA,StateBridge,119,C,A,sender C on item 119,statebridge,MISSING,MISSING,327680,NOT_APPLICABLE,NOT_APPLICABLE,no_selection_step,false,false
MedQA,StateBridge,119,C,B,sender C on item 119,statebridge,MISSING,MISSING,327680,NOT_APPLICABLE,NOT_APPLICABLE,no_selection_step,false,false
MedQA,StateBridge,121,A,B,sender A on item 121,statebridge,MISSING,MISSING,327680,NOT_APPLICABLE,NOT_APPLICABLE,no_selection_step,false,false
MedQA,StateBridge,121,B,A,sender B on item 121,statebridge,MISSING,MISSING,327680,NOT_APPLICABLE,NOT_APPLICABLE,no_selection_step,false,false
MedQA,StateBridge,121,B,C,sender B on item 121,statebridge,MISSING,MISSING,327680,NOT_APPLICABLE,NOT_APPLICABLE,no_selection_step,false,false
MedQA,StateBridge,121,C,B,sender C on item 121,statebridge,MISSING,MISSING,327680,NOT_APPLICABLE,NOT_APPLICABLE,no_selection_step,false,false
MedQA,StateBridge,122,A,B,sender A on item 122,statebridge,MISSING,MISSING,327680,NOT_APPLICABLE,NOT_APPLICABLE,no_selection_step,false,false
MedQA,StateBridge,122,B,A,sender B on item 122,statebridge,MISSING,MISSING,327680,NOT_APPLICABLE,NOT_APPLICABLE,no_selection_step,false,false
MedQA,StateBridge,122,B,C,sender B on item 122,statebridge,MISSING,MISSING,327680,NOT_APPLICABLE,NOT_APPLICABLE,no_selection_step,false,false
MedQA,StateBridge,122,C,B,sender C on item 122,statebridge,MISSING,MISSING,327680,NOT_APPLICABLE,NOT_APPLICABLE,no_selection_step,false,false
MedQA,StateBridge,127,A,B,sender A on item 127,statebridge,MISSING,MISSING,327680,NOT_APPLICABLE,NOT_APPLICABLE,no_selection_step,false,false
MedQA,StateBridge,127,A,C,sender A on item 127,statebridge,MISSING,MISSING,327680,NOT_APPLICABLE,NOT_APPLICABLE,no_selection_step,false,false
MedQA,StateBridge,127,B,A,sender B on item 127,statebridge,MISSING,MISSING,327680,NOT_APPLICABLE,NOT_APPLICABLE,no_selection_step,false,false
MedQA,StateBridge,127,C,A,sender C on item 127,statebridge,MISSING,MISSING,327680,NOT_APPLICABLE,NOT_APPLICABLE,no_selection_step,false,false
MedQA,StateBridge,131,A,B,sender A on item 131,statebridge,MISSING,MISSING,327680,NOT_APPLICABLE,NOT_APPLICABLE,no_selection_step,false,false
MedQA,StateBridge,131,B,A,sender B on item 131,statebridge,MISSING,MISSING,327680,NOT_APPLICABLE,NOT_APPLICABLE,no_selection_step,false,false
MedQA,StateBridge,131,B,C,sender B on item 131,statebridge,MISSING,MISSING,327680,NOT_APPLICABLE,NOT_APPLICABLE,no_selection_step,false,false
MedQA,StateBridge,131,C,B,sender C on item 131,statebridge,MISSING,MISSING,327680,NOT_APPLICABLE,NOT_APPLICABLE,no_selection_step,false,false
MedQA,StateBridge,136,A,B,sender A on item 136,statebridge,MISSING,MISSING,327680,NOT_APPLICABLE,NOT_APPLICABLE,no_selection_step,false,false
MedQA,StateBridge,136,A,C,sender A on item 136,statebridge,MISSING,MISSING,327680,NOT_APPLICABLE,NOT_APPLICABLE,no_selection_step,false,false
MedQA,StateBridge,136,B,A,sender B on item 136,statebridge,MISSING,MISSING,327680,NOT_APPLICABLE,NOT_APPLICABLE,no_selection_step,false,false
MedQA,StateBridge,136,C,A,sender C on item 136,statebridge,MISSING,MISSING,327680,NOT_APPLICABLE,NOT_APPLICABLE,no_selection_step,false,false
MedQA,StateBridge,137,A,B,sender A on item 137,statebridge,MISSING,MISSING,327680,NOT_APPLICABLE,NOT_APPLICABLE,no_selection_step,false,false
MedQA,StateBridge,137,B,A,sender B on item 137,statebridge,MISSING,MISSING,327680,NOT_APPLICABLE,NOT_APPLICABLE,no_selection_step,false,false
MedQA,StateBridge,137,B,C,sender B on item 137,statebridge,MISSING,MISSING,327680,NOT_APPLICABLE,NOT_APPLICABLE,no_selection_step,false,false
MedQA,StateBridge,137,C,B,sender C on item 137,statebridge,MISSING,MISSING,327680,NOT_APPLICABLE,NOT_APPLICABLE,no_selection_step,false,false
MedQA,StateBridge,142,A,B,sender A on item 142,statebridge,MISSING,MISSING,327680,NOT_APPLICABLE,NOT_APPLICABLE,no_selection_step,false,false
MedQA,StateBridge,142,A,C,sender A on item 142,statebridge,MISSING,MISSING,327680,NOT_APPLICABLE,NOT_APPLICABLE,no_selection_step,false,false
MedQA,StateBridge,142,B,A,sender B on item 142,statebridge,MISSING,MISSING,327680,NOT_APPLICABLE,NOT_APPLICABLE,no_selection_step,false,false
MedQA,StateBridge,142,C,A,sender C on item 142,statebridge,MISSING,MISSING,327680,NOT_APPLICABLE,NOT_APPLICABLE,no_selection_step,false,false
MedQA,StateBridge,144,A,C,sender A on item 144,statebridge,MISSING,MISSING,327680,NOT_APPLICABLE,NOT_APPLICABLE,no_selection_step,false,false
MedQA,StateBridge,144,B,C,sender B on item 144,statebridge,MISSING,MISSING,327680,NOT_APPLICABLE,NOT_APPLICABLE,no_selection_step,false,false
MedQA,StateBridge,144,C,A,sender C on item 144,statebridge,MISSING,MISSING,327680,NOT_APPLICABLE,NOT_APPLICABLE,no_selection_step,false,false
MedQA,StateBridge,144,C,B,sender C on item 144,statebridge,MISSING,MISSING,327680,NOT_APPLICABLE,NOT_APPLICABLE,no_selection_step,false,false
MedQA,StateBridge,145,A,B,sender A on item 145,statebridge,MISSING,MISSING,327680,NOT_APPLICABLE,NOT_APPLICABLE,no_selection_step,false,false
MedQA,StateBridge,145,B,A,sender B on item 145,statebridge,MISSING,MISSING,327680,NOT_APPLICABLE,NOT_APPLICABLE,no_selection_step,false,false
MedQA,StateBridge,145,B,C,sender B on item 145,statebridge,MISSING,MISSING,327680,NOT_APPLICABLE,NOT_APPLICABLE,no_selection_step,false,false
MedQA,StateBridge,145,C,B,sender C on item 145,statebridge,MISSING,MISSING,327680,NOT_APPLICABLE,NOT_APPLICABLE,no_selection_step,false,false
MedQA,StateBridge,161,A,B,sender A on item 161,statebridge,MISSING,MISSING,327680,NOT_APPLICABLE,NOT_APPLICABLE,no_selection_step,false,false
MedQA,StateBridge,161,A,C,sender A on item 161,statebridge,MISSING,MISSING,327680,NOT_APPLICABLE,NOT_APPLICABLE,no_selection_step,false,false
MedQA,StateBridge,161,B,A,sender B on item 161,statebridge,MISSING,MISSING,327680,NOT_APPLICABLE,NOT_APPLICABLE,no_selection_step,false,false
MedQA,StateBridge,161,C,A,sender C on item 161,statebridge,MISSING,MISSING,327680,NOT_APPLICABLE,NOT_APPLICABLE,no_selection_step,false,false
MedQA,StateBridge,162,A,B,sender A on item 162,statebridge,MISSING,MISSING,327680,NOT_APPLICABLE,NOT_APPLICABLE,no_selection_step,false,false
MedQA,StateBridge,162,A,C,sender A on item 162,statebridge,MISSING,MISSING,327680,NOT_APPLICABLE,NOT_APPLICABLE,no_selection_step,false,false
MedQA,StateBridge,162,B,A,sender B on item 162,statebridge,MISSING,MISSING,327680,NOT_APPLICABLE,NOT_APPLICABLE,no_selection_step,false,false
MedQA,StateBridge,162,C,A,sender C on item 162,statebridge,MISSING,MISSING,327680,NOT_APPLICABLE,NOT_APPLICABLE,no_selection_step,false,false
MedQA,StateBridge,168,A,B,sender A on item 168,statebridge,MISSING,MISSING,327680,NOT_APPLICABLE,NOT_APPLICABLE,no_selection_step,false,false
MedQA,StateBridge,168,A,C,sender A on item 168,statebridge,MISSING,MISSING,327680,NOT_APPLICABLE,NOT_APPLICABLE,no_selection_step,false,false
MedQA,StateBridge,168,B,A,sender B on item 168,statebridge,MISSING,MISSING,327680,NOT_APPLICABLE,NOT_APPLICABLE,no_selection_step,false,false
MedQA,StateBridge,168,C,A,sender C on item 168,statebridge,MISSING,MISSING,327680,NOT_APPLICABLE,NOT_APPLICABLE,no_selection_step,false,false
MedQA,StateBridge,175,A,C,sender A on item 175,statebridge,MISSING,MISSING,327680,NOT_APPLICABLE,NOT_APPLICABLE,no_selection_step,false,false
MedQA,StateBridge,175,B,C,sender B on item 175,statebridge,MISSING,MISSING,327680,NOT_APPLICABLE,NOT_APPLICABLE,no_selection_step,false,false
MedQA,StateBridge,175,C,A,sender C on item 175,statebridge,MISSING,MISSING,327680,NOT_APPLICABLE,NOT_APPLICABLE,no_selection_step,false,false
MedQA,StateBridge,175,C,B,sender C on item 175,statebridge,MISSING,MISSING,327680,NOT_APPLICABLE,NOT_APPLICABLE,no_selection_step,false,false
MedQA,StateBridge,177,A,B,sender A on item 177,statebridge,MISSING,MISSING,327680,NOT_APPLICABLE,NOT_APPLICABLE,no_selection_step,false,false
MedQA,StateBridge,177,A,C,sender A on item 177,statebridge,MISSING,MISSING,327680,NOT_APPLICABLE,NOT_APPLICABLE,no_selection_step,false,false
MedQA,StateBridge,177,B,A,sender B on item 177,statebridge,MISSING,MISSING,327680,NOT_APPLICABLE,NOT_APPLICABLE,no_selection_step,false,false
MedQA,StateBridge,177,C,A,sender C on item 177,statebridge,MISSING,MISSING,327680,NOT_APPLICABLE,NOT_APPLICABLE,no_selection_step,false,false
MedQA,StateBridge,179,A,C,sender A on item 179,statebridge,MISSING,MISSING,327680,NOT_APPLICABLE,NOT_APPLICABLE,no_selection_step,false,false
MedQA,StateBridge,179,B,C,sender B on item 179,statebridge,MISSING,MISSING,327680,NOT_APPLICABLE,NOT_APPLICABLE,no_selection_step,false,false
MedQA,StateBridge,179,C,A,sender C on item 179,statebridge,MISSING,MISSING,327680,NOT_APPLICABLE,NOT_APPLICABLE,no_selection_step,false,false
MedQA,StateBridge,179,C,B,sender C on item 179,statebridge,MISSING,MISSING,327680,NOT_APPLICABLE,NOT_APPLICABLE,no_selection_step,false,false
MedQA,StateBridge,181,A,B,sender A on item 181,statebridge,MISSING,MISSING,327680,NOT_APPLICABLE,NOT_APPLICABLE,no_selection_step,false,false
MedQA,StateBridge,181,B,A,sender B on item 181,statebridge,MISSING,MISSING,327680,NOT_APPLICABLE,NOT_APPLICABLE,no_selection_step,false,false
MedQA,StateBridge,181,B,C,sender B on item 181,statebridge,MISSING,MISSING,327680,NOT_APPLICABLE,NOT_APPLICABLE,no_selection_step,false,false
MedQA,StateBridge,181,C,B,sender C on item 181,statebridge,MISSING,MISSING,327680,NOT_APPLICABLE,NOT_APPLICABLE,no_selection_step,false,false
MedQA,StateBridge,203,A,B,sender A on item 203,statebridge,MISSING,MISSING,327680,NOT_APPLICABLE,NOT_APPLICABLE,no_selection_step,false,false
MedQA,StateBridge,203,B,A,sender B on item 203,statebridge,MISSING,MISSING,327680,NOT_APPLICABLE,NOT_APPLICABLE,no_selection_step,false,false
MedQA,StateBridge,203,B,C,sender B on item 203,statebridge,MISSING,MISSING,327680,NOT_APPLICABLE,NOT_APPLICABLE,no_selection_step,false,false
MedQA,StateBridge,203,C,B,sender C on item 203,statebridge,MISSING,MISSING,327680,NOT_APPLICABLE,NOT_APPLICABLE,no_selection_step,false,false
MedQA,StateBridge,211,A,B,sender A on item 211,statebridge,MISSING,MISSING,327680,NOT_APPLICABLE,NOT_APPLICABLE,no_selection_step,false,false
MedQA,StateBridge,211,B,A,sender B on item 211,statebridge,MISSING,MISSING,327680,NOT_APPLICABLE,NOT_APPLICABLE,no_selection_step,false,false
MedQA,StateBridge,211,B,C,sender B on item 211,statebridge,MISSING,MISSING,327680,NOT_APPLICABLE,NOT_APPLICABLE,no_selection_step,false,false
MedQA,StateBridge,211,C,B,sender C on item 211,statebridge,MISSING,MISSING,327680,NOT_APPLICABLE,NOT_APPLICABLE,no_selection_step,false,false
MedQA,StateBridge,217,A,C,sender A on item 217,statebridge,MISSING,MISSING,327680,NOT_APPLICABLE,NOT_APPLICABLE,no_selection_step,false,false
MedQA,StateBridge,217,B,C,sender B on item 217,statebridge,MISSING,MISSING,327680,NOT_APPLICABLE,NOT_APPLICABLE,no_selection_step,false,false
MedQA,StateBridge,217,C,A,sender C on item 217,statebridge,MISSING,MISSING,327680,NOT_APPLICABLE,NOT_APPLICABLE,no_selection_step,false,false
MedQA,StateBridge,217,C,B,sender C on item 217,statebridge,MISSING,MISSING,327680,NOT_APPLICABLE,NOT_APPLICABLE,no_selection_step,false,false
MedQA,StateBridge,230,A,B,sender A on item 230,statebridge,MISSING,MISSING,327680,NOT_APPLICABLE,NOT_APPLICABLE,no_selection_step,false,false
MedQA,StateBridge,230,A,C,sender A on item 230,statebridge,MISSING,MISSING,327680,NOT_APPLICABLE,NOT_APPLICABLE,no_selection_step,false,false
MedQA,StateBridge,230,B,A,sender B on item 230,statebridge,MISSING,MISSING,327680,NOT_APPLICABLE,NOT_APPLICABLE,no_selection_step,false,false
MedQA,StateBridge,230,C,A,sender C on item 230,statebridge,MISSING,MISSING,327680,NOT_APPLICABLE,NOT_APPLICABLE,no_selection_step,false,false
MedQA,StateBridge,237,A,B,sender A on item 237,statebridge,MISSING,MISSING,327680,NOT_APPLICABLE,NOT_APPLICABLE,no_selection_step,false,false
MedQA,StateBridge,237,A,C,sender A on item 237,statebridge,MISSING,MISSING,327680,NOT_APPLICABLE,NOT_APPLICABLE,no_selection_step,false,false
MedQA,StateBridge,237,B,A,sender B on item 237,statebridge,MISSING,MISSING,327680,NOT_APPLICABLE,NOT_APPLICABLE,no_selection_step,false,false
MedQA,StateBridge,237,C,A,sender C on item 237,statebridge,MISSING,MISSING,327680,NOT_APPLICABLE,NOT_APPLICABLE,no_selection_step,false,false
MedQA,StateBridge,242,A,B,sender A on item 242,statebridge,MISSING,MISSING,327680,NOT_APPLICABLE,NOT_APPLICABLE,no_selection_step,false,false
MedQA,StateBridge,242,B,A,sender B on item 242,statebridge,MISSING,MISSING,327680,NOT_APPLICABLE,NOT_APPLICABLE,no_selection_step,false,false
MedQA,StateBridge,242,B,C,sender B on item 242,statebridge,MISSING,MISSING,327680,NOT_APPLICABLE,NOT_APPLICABLE,no_selection_step,false,false
MedQA,StateBridge,242,C,B,sender C on item 242,statebridge,MISSING,MISSING,327680,NOT_APPLICABLE,NOT_APPLICABLE,no_selection_step,false,false
MedQA,StateBridge,244,A,B,sender A on item 244,statebridge,MISSING,MISSING,327680,NOT_APPLICABLE,NOT_APPLICABLE,no_selection_step,false,false
MedQA,StateBridge,244,B,A,sender B on item 244,statebridge,MISSING,MISSING,327680,NOT_APPLICABLE,NOT_APPLICABLE,no_selection_step,false,false
MedQA,StateBridge,244,B,C,sender B on item 244,statebridge,MISSING,MISSING,327680,NOT_APPLICABLE,NOT_APPLICABLE,no_selection_step,false,false
MedQA,StateBridge,244,C,B,sender C on item 244,statebridge,MISSING,MISSING,327680,NOT_APPLICABLE,NOT_APPLICABLE,no_selection_step,false,false
MedQA,StateBridge,246,A,C,sender A on item 246,statebridge,MISSING,MISSING,327680,NOT_APPLICABLE,NOT_APPLICABLE,no_selection_step,false,false
MedQA,StateBridge,246,B,C,sender B on item 246,statebridge,MISSING,MISSING,327680,NOT_APPLICABLE,NOT_APPLICABLE,no_selection_step,false,false
MedQA,StateBridge,246,C,A,sender C on item 246,statebridge,MISSING,MISSING,327680,NOT_APPLICABLE,NOT_APPLICABLE,no_selection_step,false,false
MedQA,StateBridge,246,C,B,sender C on item 246,statebridge,MISSING,MISSING,327680,NOT_APPLICABLE,NOT_APPLICABLE,no_selection_step,false,false
MedQA,StateBridge,251,A,C,sender A on item 251,statebridge,MISSING,MISSING,327680,NOT_APPLICABLE,NOT_APPLICABLE,no_selection_step,false,false
MedQA,StateBridge,251,B,C,sender B on item 251,statebridge,MISSING,MISSING,327680,NOT_APPLICABLE,NOT_APPLICABLE,no_selection_step,false,false
MedQA,StateBridge,251,C,A,sender C on item 251,statebridge,MISSING,MISSING,327680,NOT_APPLICABLE,NOT_APPLICABLE,no_selection_step,false,false
MedQA,StateBridge,251,C,B,sender C on item 251,statebridge,MISSING,MISSING,327680,NOT_APPLICABLE,NOT_APPLICABLE,no_selection_step,false,false
MedQA,StateBridge,253,A,B,sender A on item 253,statebridge,MISSING,MISSING,327680,NOT_APPLICABLE,NOT_APPLICABLE,no_selection_step,false,false
MedQA,StateBridge,253,A,C,sender A on item 253,statebridge,MISSING,MISSING,327680,NOT_APPLICABLE,NOT_APPLICABLE,no_selection_step,false,false
MedQA,StateBridge,253,B,A,sender B on item 253,statebridge,MISSING,MISSING,327680,NOT_APPLICABLE,NOT_APPLICABLE,no_selection_step,false,false
MedQA,StateBridge,253,C,A,sender C on item 253,statebridge,MISSING,MISSING,327680,NOT_APPLICABLE,NOT_APPLICABLE,no_selection_step,false,false
MedQA,StateBridge,260,A,B,sender A on item 260,statebridge,MISSING,MISSING,327680,NOT_APPLICABLE,NOT_APPLICABLE,no_selection_step,false,false
MedQA,StateBridge,260,A,C,sender A on item 260,statebridge,MISSING,MISSING,327680,NOT_APPLICABLE,NOT_APPLICABLE,no_selection_step,false,false
MedQA,StateBridge,260,B,A,sender B on item 260,statebridge,MISSING,MISSING,327680,NOT_APPLICABLE,NOT_APPLICABLE,no_selection_step,false,false
MedQA,StateBridge,260,C,A,sender C on item 260,statebridge,MISSING,MISSING,327680,NOT_APPLICABLE,NOT_APPLICABLE,no_selection_step,false,false
MedQA,StateBridge,264,A,C,sender A on item 264,statebridge,MISSING,MISSING,327680,NOT_APPLICABLE,NOT_APPLICABLE,no_selection_step,false,false
MedQA,StateBridge,264,B,C,sender B on item 264,statebridge,MISSING,MISSING,327680,NOT_APPLICABLE,NOT_APPLICABLE,no_selection_step,false,false
MedQA,StateBridge,264,C,A,sender C on item 264,statebridge,MISSING,MISSING,327680,NOT_APPLICABLE,NOT_APPLICABLE,no_selection_step,false,false
MedQA,StateBridge,264,C,B,sender C on item 264,statebridge,MISSING,MISSING,327680,NOT_APPLICABLE,NOT_APPLICABLE,no_selection_step,false,false
MedQA,StateBridge,266,A,B,sender A on item 266,statebridge,MISSING,MISSING,327680,NOT_APPLICABLE,NOT_APPLICABLE,no_selection_step,false,false
MedQA,StateBridge,266,A,C,sender A on item 266,statebridge,MISSING,MISSING,327680,NOT_APPLICABLE,NOT_APPLICABLE,no_selection_step,false,false
MedQA,StateBridge,266,B,A,sender B on item 266,statebridge,MISSING,MISSING,327680,NOT_APPLICABLE,NOT_APPLICABLE,no_selection_step,false,false
MedQA,StateBridge,266,C,A,sender C on item 266,statebridge,MISSING,MISSING,327680,NOT_APPLICABLE,NOT_APPLICABLE,no_selection_step,false,false
MedQA,StateBridge,274,A,B,sender A on item 274,statebridge,MISSING,MISSING,327680,NOT_APPLICABLE,NOT_APPLICABLE,no_selection_step,false,false
MedQA,StateBridge,274,B,A,sender B on item 274,statebridge,MISSING,MISSING,327680,NOT_APPLICABLE,NOT_APPLICABLE,no_selection_step,false,false
MedQA,StateBridge,274,B,C,sender B on item 274,statebridge,MISSING,MISSING,327680,NOT_APPLICABLE,NOT_APPLICABLE,no_selection_step,false,false
MedQA,StateBridge,274,C,B,sender C on item 274,statebridge,MISSING,MISSING,327680,NOT_APPLICABLE,NOT_APPLICABLE,no_selection_step,false,false
MedQA,StateBridge,277,A,B,sender A on item 277,statebridge,MISSING,MISSING,327680,NOT_APPLICABLE,NOT_APPLICABLE,no_selection_step,false,false
MedQA,StateBridge,277,B,A,sender B on item 277,statebridge,MISSING,MISSING,327680,NOT_APPLICABLE,NOT_APPLICABLE,no_selection_step,false,false
MedQA,StateBridge,277,B,C,sender B on item 277,statebridge,MISSING,MISSING,327680,NOT_APPLICABLE,NOT_APPLICABLE,no_selection_step,false,false
MedQA,StateBridge,277,C,B,sender C on item 277,statebridge,MISSING,MISSING,327680,NOT_APPLICABLE,NOT_APPLICABLE,no_selection_step,false,false
MedQA,StateBridge,280,A,C,sender A on item 280,statebridge,MISSING,MISSING,327680,NOT_APPLICABLE,NOT_APPLICABLE,no_selection_step,false,false
MedQA,StateBridge,280,B,C,sender B on item 280,statebridge,MISSING,MISSING,327680,NOT_APPLICABLE,NOT_APPLICABLE,no_selection_step,false,false
MedQA,StateBridge,280,C,A,sender C on item 280,statebridge,MISSING,MISSING,327680,NOT_APPLICABLE,NOT_APPLICABLE,no_selection_step,false,false
MedQA,StateBridge,280,C,B,sender C on item 280,statebridge,MISSING,MISSING,327680,NOT_APPLICABLE,NOT_APPLICABLE,no_selection_step,false,false
MedQA,StateBridge,289,A,B,sender A on item 289,statebridge,MISSING,MISSING,327680,NOT_APPLICABLE,NOT_APPLICABLE,no_selection_step,false,false
MedQA,StateBridge,289,B,A,sender B on item 289,statebridge,MISSING,MISSING,327680,NOT_APPLICABLE,NOT_APPLICABLE,no_selection_step,false,false
MedQA,StateBridge,289,B,C,sender B on item 289,statebridge,MISSING,MISSING,327680,NOT_APPLICABLE,NOT_APPLICABLE,no_selection_step,false,false
MedQA,StateBridge,289,C,B,sender C on item 289,statebridge,MISSING,MISSING,327680,NOT_APPLICABLE,NOT_APPLICABLE,no_selection_step,false,false
MedQA,StateBridge,294,A,B,sender A on item 294,statebridge,MISSING,MISSING,327680,NOT_APPLICABLE,NOT_APPLICABLE,no_selection_step,false,false
MedQA,StateBridge,294,B,A,sender B on item 294,statebridge,MISSING,MISSING,327680,NOT_APPLICABLE,NOT_APPLICABLE,no_selection_step,false,false
MedQA,StateBridge,294,B,C,sender B on item 294,statebridge,MISSING,MISSING,327680,NOT_APPLICABLE,NOT_APPLICABLE,no_selection_step,false,false
MedQA,StateBridge,294,C,B,sender C on item 294,statebridge,MISSING,MISSING,327680,NOT_APPLICABLE,NOT_APPLICABLE,no_selection_step,false,false
MedQA,StateBridge,296,A,C,sender A on item 296,statebridge,MISSING,MISSING,327680,NOT_APPLICABLE,NOT_APPLICABLE,no_selection_step,false,false
MedQA,StateBridge,296,B,C,sender B on item 296,statebridge,MISSING,MISSING,327680,NOT_APPLICABLE,NOT_APPLICABLE,no_selection_step,false,false
MedQA,StateBridge,296,C,A,sender C on item 296,statebridge,MISSING,MISSING,327680,NOT_APPLICABLE,NOT_APPLICABLE,no_selection_step,false,false
MedQA,StateBridge,296,C,B,sender C on item 296,statebridge,MISSING,MISSING,327680,NOT_APPLICABLE,NOT_APPLICABLE,no_selection_step,false,false
MedQA,LatentMAS,10,A,C,sender A on item 10,latentmas,MISSING,MISSING,,NOT_APPLICABLE,NOT_APPLICABLE,no_selection_step,false,false
MedQA,LatentMAS,10,B,C,sender B on item 10,latentmas,MISSING,MISSING,,NOT_APPLICABLE,NOT_APPLICABLE,no_selection_step,false,false
MedQA,LatentMAS,10,C,A,sender C on item 10,latentmas,MISSING,MISSING,,NOT_APPLICABLE,NOT_APPLICABLE,no_selection_step,false,false
MedQA,LatentMAS,10,C,B,sender C on item 10,latentmas,MISSING,MISSING,,NOT_APPLICABLE,NOT_APPLICABLE,no_selection_step,false,false
MedQA,LatentMAS,23,A,B,sender A on item 23,latentmas,MISSING,MISSING,,NOT_APPLICABLE,NOT_APPLICABLE,no_selection_step,false,false
MedQA,LatentMAS,23,A,C,sender A on item 23,latentmas,MISSING,MISSING,,NOT_APPLICABLE,NOT_APPLICABLE,no_selection_step,false,false
MedQA,LatentMAS,23,B,A,sender B on item 23,latentmas,MISSING,MISSING,,NOT_APPLICABLE,NOT_APPLICABLE,no_selection_step,false,false
MedQA,LatentMAS,23,C,A,sender C on item 23,latentmas,MISSING,MISSING,,NOT_APPLICABLE,NOT_APPLICABLE,no_selection_step,false,false
MedQA,LatentMAS,29,A,B,sender A on item 29,latentmas,MISSING,MISSING,,NOT_APPLICABLE,NOT_APPLICABLE,no_selection_step,false,false
MedQA,LatentMAS,29,B,A,sender B on item 29,latentmas,MISSING,MISSING,,NOT_APPLICABLE,NOT_APPLICABLE,no_selection_step,false,false
MedQA,LatentMAS,29,B,C,sender B on item 29,latentmas,MISSING,MISSING,,NOT_APPLICABLE,NOT_APPLICABLE,no_selection_step,false,false
MedQA,LatentMAS,29,C,B,sender C on item 29,latentmas,MISSING,MISSING,,NOT_APPLICABLE,NOT_APPLICABLE,no_selection_step,false,false
MedQA,LatentMAS,31,A,B,sender A on item 31,latentmas,MISSING,MISSING,,NOT_APPLICABLE,NOT_APPLICABLE,no_selection_step,false,false
MedQA,LatentMAS,31,B,A,sender B on item 31,latentmas,MISSING,MISSING,,NOT_APPLICABLE,NOT_APPLICABLE,no_selection_step,false,false
MedQA,LatentMAS,31,B,C,sender B on item 31,latentmas,MISSING,MISSING,,NOT_APPLICABLE,NOT_APPLICABLE,no_selection_step,false,false
MedQA,LatentMAS,31,C,B,sender C on item 31,latentmas,MISSING,MISSING,,NOT_APPLICABLE,NOT_APPLICABLE,no_selection_step,false,false
MedQA,LatentMAS,38,A,C,sender A on item 38,latentmas,MISSING,MISSING,,NOT_APPLICABLE,NOT_APPLICABLE,no_selection_step,false,false
MedQA,LatentMAS,38,B,C,sender B on item 38,latentmas,MISSING,MISSING,,NOT_APPLICABLE,NOT_APPLICABLE,no_selection_step,false,false
MedQA,LatentMAS,38,C,A,sender C on item 38,latentmas,MISSING,MISSING,,NOT_APPLICABLE,NOT_APPLICABLE,no_selection_step,false,false
MedQA,LatentMAS,38,C,B,sender C on item 38,latentmas,MISSING,MISSING,,NOT_APPLICABLE,NOT_APPLICABLE,no_selection_step,false,false
MedQA,LatentMAS,41,A,C,sender A on item 41,latentmas,MISSING,MISSING,,NOT_APPLICABLE,NOT_APPLICABLE,no_selection_step,false,false
MedQA,LatentMAS,41,B,C,sender B on item 41,latentmas,MISSING,MISSING,,NOT_APPLICABLE,NOT_APPLICABLE,no_selection_step,false,false
MedQA,LatentMAS,41,C,A,sender C on item 41,latentmas,MISSING,MISSING,,NOT_APPLICABLE,NOT_APPLICABLE,no_selection_step,false,false
MedQA,LatentMAS,41,C,B,sender C on item 41,latentmas,MISSING,MISSING,,NOT_APPLICABLE,NOT_APPLICABLE,no_selection_step,false,false
MedQA,LatentMAS,45,A,C,sender A on item 45,latentmas,MISSING,MISSING,,NOT_APPLICABLE,NOT_APPLICABLE,no_selection_step,false,false
MedQA,LatentMAS,45,B,C,sender B on item 45,latentmas,MISSING,MISSING,,NOT_APPLICABLE,NOT_APPLICABLE,no_selection_step,false,false
MedQA,LatentMAS,45,C,A,sender C on item 45,latentmas,MISSING,MISSING,,NOT_APPLICABLE,NOT_APPLICABLE,no_selection_step,false,false
MedQA,LatentMAS,45,C,B,sender C on item 45,latentmas,MISSING,MISSING,,NOT_APPLICABLE,NOT_APPLICABLE,no_selection_step,false,false
MedQA,LatentMAS,46,A,C,sender A on item 46,latentmas,MISSING,MISSING,,NOT_APPLICABLE,NOT_APPLICABLE,no_selection_step,false,false
MedQA,LatentMAS,46,B,C,sender B on item 46,latentmas,MISSING,MISSING,,NOT_APPLICABLE,NOT_APPLICABLE,no_selection_step,false,false
MedQA,LatentMAS,46,C,A,sender C on item 46,latentmas,MISSING,MISSING,,NOT_APPLICABLE,NOT_APPLICABLE,no_selection_step,false,false
MedQA,LatentMAS,46,C,B,sender C on item 46,latentmas,MISSING,MISSING,,NOT_APPLICABLE,NOT_APPLICABLE,no_selection_step,false,false
MedQA,LatentMAS,55,A,C,sender A on item 55,latentmas,MISSING,MISSING,,NOT_APPLICABLE,NOT_APPLICABLE,no_selection_step,false,false
MedQA,LatentMAS,55,B,C,sender B on item 55,latentmas,MISSING,MISSING,,NOT_APPLICABLE,NOT_APPLICABLE,no_selection_step,false,false
MedQA,LatentMAS,55,C,A,sender C on item 55,latentmas,MISSING,MISSING,,NOT_APPLICABLE,NOT_APPLICABLE,no_selection_step,false,false
MedQA,LatentMAS,55,C,B,sender C on item 55,latentmas,MISSING,MISSING,,NOT_APPLICABLE,NOT_APPLICABLE,no_selection_step,false,false
MedQA,LatentMAS,71,A,B,sender A on item 71,latentmas,MISSING,MISSING,,NOT_APPLICABLE,NOT_APPLICABLE,no_selection_step,false,false
MedQA,LatentMAS,71,B,A,sender B on item 71,latentmas,MISSING,MISSING,,NOT_APPLICABLE,NOT_APPLICABLE,no_selection_step,false,false
MedQA,LatentMAS,71,B,C,sender B on item 71,latentmas,MISSING,MISSING,,NOT_APPLICABLE,NOT_APPLICABLE,no_selection_step,false,false
MedQA,LatentMAS,71,C,B,sender C on item 71,latentmas,MISSING,MISSING,,NOT_APPLICABLE,NOT_APPLICABLE,no_selection_step,false,false
MedQA,LatentMAS,75,A,B,sender A on item 75,latentmas,MISSING,MISSING,,NOT_APPLICABLE,NOT_APPLICABLE,no_selection_step,false,false
MedQA,LatentMAS,75,A,C,sender A on item 75,latentmas,MISSING,MISSING,,NOT_APPLICABLE,NOT_APPLICABLE,no_selection_step,false,false
MedQA,LatentMAS,75,B,A,sender B on item 75,latentmas,MISSING,MISSING,,NOT_APPLICABLE,NOT_APPLICABLE,no_selection_step,false,false
MedQA,LatentMAS,75,C,A,sender C on item 75,latentmas,MISSING,MISSING,,NOT_APPLICABLE,NOT_APPLICABLE,no_selection_step,false,false
MedQA,LatentMAS,79,A,B,sender A on item 79,latentmas,MISSING,MISSING,,NOT_APPLICABLE,NOT_APPLICABLE,no_selection_step,false,false
MedQA,LatentMAS,79,A,C,sender A on item 79,latentmas,MISSING,MISSING,,NOT_APPLICABLE,NOT_APPLICABLE,no_selection_step,false,false
MedQA,LatentMAS,79,B,A,sender B on item 79,latentmas,MISSING,MISSING,,NOT_APPLICABLE,NOT_APPLICABLE,no_selection_step,false,false
MedQA,LatentMAS,79,C,A,sender C on item 79,latentmas,MISSING,MISSING,,NOT_APPLICABLE,NOT_APPLICABLE,no_selection_step,false,false
MedQA,LatentMAS,84,A,B,sender A on item 84,latentmas,MISSING,MISSING,,NOT_APPLICABLE,NOT_APPLICABLE,no_selection_step,false,false
MedQA,LatentMAS,84,B,A,sender B on item 84,latentmas,MISSING,MISSING,,NOT_APPLICABLE,NOT_APPLICABLE,no_selection_step,false,false
MedQA,LatentMAS,84,B,C,sender B on item 84,latentmas,MISSING,MISSING,,NOT_APPLICABLE,NOT_APPLICABLE,no_selection_step,false,false
MedQA,LatentMAS,84,C,B,sender C on item 84,latentmas,MISSING,MISSING,,NOT_APPLICABLE,NOT_APPLICABLE,no_selection_step,false,false
MedQA,LatentMAS,89,A,B,sender A on item 89,latentmas,MISSING,MISSING,,NOT_APPLICABLE,NOT_APPLICABLE,no_selection_step,false,false
MedQA,LatentMAS,89,A,C,sender A on item 89,latentmas,MISSING,MISSING,,NOT_APPLICABLE,NOT_APPLICABLE,no_selection_step,false,false
MedQA,LatentMAS,89,B,A,sender B on item 89,latentmas,MISSING,MISSING,,NOT_APPLICABLE,NOT_APPLICABLE,no_selection_step,false,false
MedQA,LatentMAS,89,C,A,sender C on item 89,latentmas,MISSING,MISSING,,NOT_APPLICABLE,NOT_APPLICABLE,no_selection_step,false,false
MedQA,LatentMAS,92,A,B,sender A on item 92,latentmas,MISSING,MISSING,,NOT_APPLICABLE,NOT_APPLICABLE,no_selection_step,false,false
MedQA,LatentMAS,92,A,C,sender A on item 92,latentmas,MISSING,MISSING,,NOT_APPLICABLE,NOT_APPLICABLE,no_selection_step,false,false
MedQA,LatentMAS,92,B,A,sender B on item 92,latentmas,MISSING,MISSING,,NOT_APPLICABLE,NOT_APPLICABLE,no_selection_step,false,false
MedQA,LatentMAS,92,C,A,sender C on item 92,latentmas,MISSING,MISSING,,NOT_APPLICABLE,NOT_APPLICABLE,no_selection_step,false,false
MedQA,LatentMAS,94,A,B,sender A on item 94,latentmas,MISSING,MISSING,,NOT_APPLICABLE,NOT_APPLICABLE,no_selection_step,false,false
MedQA,LatentMAS,94,A,C,sender A on item 94,latentmas,MISSING,MISSING,,NOT_APPLICABLE,NOT_APPLICABLE,no_selection_step,false,false
MedQA,LatentMAS,94,B,A,sender B on item 94,latentmas,MISSING,MISSING,,NOT_APPLICABLE,NOT_APPLICABLE,no_selection_step,false,false
MedQA,LatentMAS,94,C,A,sender C on item 94,latentmas,MISSING,MISSING,,NOT_APPLICABLE,NOT_APPLICABLE,no_selection_step,false,false
MedQA,LatentMAS,97,A,B,sender A on item 97,latentmas,MISSING,MISSING,,NOT_APPLICABLE,NOT_APPLICABLE,no_selection_step,false,false
MedQA,LatentMAS,97,A,C,sender A on item 97,latentmas,MISSING,MISSING,,NOT_APPLICABLE,NOT_APPLICABLE,no_selection_step,false,false
MedQA,LatentMAS,97,B,A,sender B on item 97,latentmas,MISSING,MISSING,,NOT_APPLICABLE,NOT_APPLICABLE,no_selection_step,false,false
MedQA,LatentMAS,97,C,A,sender C on item 97,latentmas,MISSING,MISSING,,NOT_APPLICABLE,NOT_APPLICABLE,no_selection_step,false,false
MedQA,LatentMAS,102,A,C,sender A on item 102,latentmas,MISSING,MISSING,,NOT_APPLICABLE,NOT_APPLICABLE,no_selection_step,false,false
MedQA,LatentMAS,102,B,C,sender B on item 102,latentmas,MISSING,MISSING,,NOT_APPLICABLE,NOT_APPLICABLE,no_selection_step,false,false
MedQA,LatentMAS,102,C,A,sender C on item 102,latentmas,MISSING,MISSING,,NOT_APPLICABLE,NOT_APPLICABLE,no_selection_step,false,false
MedQA,LatentMAS,102,C,B,sender C on item 102,latentmas,MISSING,MISSING,,NOT_APPLICABLE,NOT_APPLICABLE,no_selection_step,false,false
MedQA,LatentMAS,103,A,B,sender A on item 103,latentmas,MISSING,MISSING,,NOT_APPLICABLE,NOT_APPLICABLE,no_selection_step,false,false
MedQA,LatentMAS,103,A,C,sender A on item 103,latentmas,MISSING,MISSING,,NOT_APPLICABLE,NOT_APPLICABLE,no_selection_step,false,false
MedQA,LatentMAS,103,B,A,sender B on item 103,latentmas,MISSING,MISSING,,NOT_APPLICABLE,NOT_APPLICABLE,no_selection_step,false,false
MedQA,LatentMAS,103,C,A,sender C on item 103,latentmas,MISSING,MISSING,,NOT_APPLICABLE,NOT_APPLICABLE,no_selection_step,false,false
MedQA,LatentMAS,106,A,C,sender A on item 106,latentmas,MISSING,MISSING,,NOT_APPLICABLE,NOT_APPLICABLE,no_selection_step,false,false
MedQA,LatentMAS,106,B,C,sender B on item 106,latentmas,MISSING,MISSING,,NOT_APPLICABLE,NOT_APPLICABLE,no_selection_step,false,false
MedQA,LatentMAS,106,C,A,sender C on item 106,latentmas,MISSING,MISSING,,NOT_APPLICABLE,NOT_APPLICABLE,no_selection_step,false,false
MedQA,LatentMAS,106,C,B,sender C on item 106,latentmas,MISSING,MISSING,,NOT_APPLICABLE,NOT_APPLICABLE,no_selection_step,false,false
MedQA,LatentMAS,110,A,B,sender A on item 110,latentmas,MISSING,MISSING,,NOT_APPLICABLE,NOT_APPLICABLE,no_selection_step,false,false
MedQA,LatentMAS,110,B,A,sender B on item 110,latentmas,MISSING,MISSING,,NOT_APPLICABLE,NOT_APPLICABLE,no_selection_step,false,false
MedQA,LatentMAS,110,B,C,sender B on item 110,latentmas,MISSING,MISSING,,NOT_APPLICABLE,NOT_APPLICABLE,no_selection_step,false,false
MedQA,LatentMAS,110,C,B,sender C on item 110,latentmas,MISSING,MISSING,,NOT_APPLICABLE,NOT_APPLICABLE,no_selection_step,false,false
MedQA,LatentMAS,113,A,B,sender A on item 113,latentmas,MISSING,MISSING,,NOT_APPLICABLE,NOT_APPLICABLE,no_selection_step,false,false
MedQA,LatentMAS,113,B,A,sender B on item 113,latentmas,MISSING,MISSING,,NOT_APPLICABLE,NOT_APPLICABLE,no_selection_step,false,false
MedQA,LatentMAS,113,B,C,sender B on item 113,latentmas,MISSING,MISSING,,NOT_APPLICABLE,NOT_APPLICABLE,no_selection_step,false,false
MedQA,LatentMAS,113,C,B,sender C on item 113,latentmas,MISSING,MISSING,,NOT_APPLICABLE,NOT_APPLICABLE,no_selection_step,false,false
MedQA,LatentMAS,119,A,C,sender A on item 119,latentmas,MISSING,MISSING,,NOT_APPLICABLE,NOT_APPLICABLE,no_selection_step,false,false
MedQA,LatentMAS,119,B,C,sender B on item 119,latentmas,MISSING,MISSING,,NOT_APPLICABLE,NOT_APPLICABLE,no_selection_step,false,false
MedQA,LatentMAS,119,C,A,sender C on item 119,latentmas,MISSING,MISSING,,NOT_APPLICABLE,NOT_APPLICABLE,no_selection_step,false,false
MedQA,LatentMAS,119,C,B,sender C on item 119,latentmas,MISSING,MISSING,,NOT_APPLICABLE,NOT_APPLICABLE,no_selection_step,false,false
MedQA,LatentMAS,121,A,B,sender A on item 121,latentmas,MISSING,MISSING,,NOT_APPLICABLE,NOT_APPLICABLE,no_selection_step,false,false
MedQA,LatentMAS,121,B,A,sender B on item 121,latentmas,MISSING,MISSING,,NOT_APPLICABLE,NOT_APPLICABLE,no_selection_step,false,false
MedQA,LatentMAS,121,B,C,sender B on item 121,latentmas,MISSING,MISSING,,NOT_APPLICABLE,NOT_APPLICABLE,no_selection_step,false,false
MedQA,LatentMAS,121,C,B,sender C on item 121,latentmas,MISSING,MISSING,,NOT_APPLICABLE,NOT_APPLICABLE,no_selection_step,false,false
MedQA,LatentMAS,122,A,B,sender A on item 122,latentmas,MISSING,MISSING,,NOT_APPLICABLE,NOT_APPLICABLE,no_selection_step,false,false
MedQA,LatentMAS,122,B,A,sender B on item 122,latentmas,MISSING,MISSING,,NOT_APPLICABLE,NOT_APPLICABLE,no_selection_step,false,false
MedQA,LatentMAS,122,B,C,sender B on item 122,latentmas,MISSING,MISSING,,NOT_APPLICABLE,NOT_APPLICABLE,no_selection_step,false,false
MedQA,LatentMAS,122,C,B,sender C on item 122,latentmas,MISSING,MISSING,,NOT_APPLICABLE,NOT_APPLICABLE,no_selection_step,false,false
MedQA,LatentMAS,127,A,B,sender A on item 127,latentmas,MISSING,MISSING,,NOT_APPLICABLE,NOT_APPLICABLE,no_selection_step,false,false
MedQA,LatentMAS,127,A,C,sender A on item 127,latentmas,MISSING,MISSING,,NOT_APPLICABLE,NOT_APPLICABLE,no_selection_step,false,false
MedQA,LatentMAS,127,B,A,sender B on item 127,latentmas,MISSING,MISSING,,NOT_APPLICABLE,NOT_APPLICABLE,no_selection_step,false,false
MedQA,LatentMAS,127,C,A,sender C on item 127,latentmas,MISSING,MISSING,,NOT_APPLICABLE,NOT_APPLICABLE,no_selection_step,false,false
MedQA,LatentMAS,131,A,B,sender A on item 131,latentmas,MISSING,MISSING,,NOT_APPLICABLE,NOT_APPLICABLE,no_selection_step,false,false
MedQA,LatentMAS,131,B,A,sender B on item 131,latentmas,MISSING,MISSING,,NOT_APPLICABLE,NOT_APPLICABLE,no_selection_step,false,false
MedQA,LatentMAS,131,B,C,sender B on item 131,latentmas,MISSING,MISSING,,NOT_APPLICABLE,NOT_APPLICABLE,no_selection_step,false,false
MedQA,LatentMAS,131,C,B,sender C on item 131,latentmas,MISSING,MISSING,,NOT_APPLICABLE,NOT_APPLICABLE,no_selection_step,false,false
MedQA,LatentMAS,136,A,B,sender A on item 136,latentmas,MISSING,MISSING,,NOT_APPLICABLE,NOT_APPLICABLE,no_selection_step,false,false
MedQA,LatentMAS,136,A,C,sender A on item 136,latentmas,MISSING,MISSING,,NOT_APPLICABLE,NOT_APPLICABLE,no_selection_step,false,false
MedQA,LatentMAS,136,B,A,sender B on item 136,latentmas,MISSING,MISSING,,NOT_APPLICABLE,NOT_APPLICABLE,no_selection_step,false,false
MedQA,LatentMAS,136,C,A,sender C on item 136,latentmas,MISSING,MISSING,,NOT_APPLICABLE,NOT_APPLICABLE,no_selection_step,false,false
MedQA,LatentMAS,137,A,B,sender A on item 137,latentmas,MISSING,MISSING,,NOT_APPLICABLE,NOT_APPLICABLE,no_selection_step,false,false
MedQA,LatentMAS,137,B,A,sender B on item 137,latentmas,MISSING,MISSING,,NOT_APPLICABLE,NOT_APPLICABLE,no_selection_step,false,false
MedQA,LatentMAS,137,B,C,sender B on item 137,latentmas,MISSING,MISSING,,NOT_APPLICABLE,NOT_APPLICABLE,no_selection_step,false,false
MedQA,LatentMAS,137,C,B,sender C on item 137,latentmas,MISSING,MISSING,,NOT_APPLICABLE,NOT_APPLICABLE,no_selection_step,false,false
MedQA,LatentMAS,142,A,B,sender A on item 142,latentmas,MISSING,MISSING,,NOT_APPLICABLE,NOT_APPLICABLE,no_selection_step,false,false
MedQA,LatentMAS,142,A,C,sender A on item 142,latentmas,MISSING,MISSING,,NOT_APPLICABLE,NOT_APPLICABLE,no_selection_step,false,false
MedQA,LatentMAS,142,B,A,sender B on item 142,latentmas,MISSING,MISSING,,NOT_APPLICABLE,NOT_APPLICABLE,no_selection_step,false,false
MedQA,LatentMAS,142,C,A,sender C on item 142,latentmas,MISSING,MISSING,,NOT_APPLICABLE,NOT_APPLICABLE,no_selection_step,false,false
MedQA,LatentMAS,144,A,C,sender A on item 144,latentmas,MISSING,MISSING,,NOT_APPLICABLE,NOT_APPLICABLE,no_selection_step,false,false
MedQA,LatentMAS,144,B,C,sender B on item 144,latentmas,MISSING,MISSING,,NOT_APPLICABLE,NOT_APPLICABLE,no_selection_step,false,false
MedQA,LatentMAS,144,C,A,sender C on item 144,latentmas,MISSING,MISSING,,NOT_APPLICABLE,NOT_APPLICABLE,no_selection_step,false,false
MedQA,LatentMAS,144,C,B,sender C on item 144,latentmas,MISSING,MISSING,,NOT_APPLICABLE,NOT_APPLICABLE,no_selection_step,false,false
MedQA,LatentMAS,145,A,B,sender A on item 145,latentmas,MISSING,MISSING,,NOT_APPLICABLE,NOT_APPLICABLE,no_selection_step,false,false
MedQA,LatentMAS,145,B,A,sender B on item 145,latentmas,MISSING,MISSING,,NOT_APPLICABLE,NOT_APPLICABLE,no_selection_step,false,false
MedQA,LatentMAS,145,B,C,sender B on item 145,latentmas,MISSING,MISSING,,NOT_APPLICABLE,NOT_APPLICABLE,no_selection_step,false,false
MedQA,LatentMAS,145,C,B,sender C on item 145,latentmas,MISSING,MISSING,,NOT_APPLICABLE,NOT_APPLICABLE,no_selection_step,false,false
MedQA,LatentMAS,161,A,B,sender A on item 161,latentmas,MISSING,MISSING,,NOT_APPLICABLE,NOT_APPLICABLE,no_selection_step,false,false
MedQA,LatentMAS,161,A,C,sender A on item 161,latentmas,MISSING,MISSING,,NOT_APPLICABLE,NOT_APPLICABLE,no_selection_step,false,false
MedQA,LatentMAS,161,B,A,sender B on item 161,latentmas,MISSING,MISSING,,NOT_APPLICABLE,NOT_APPLICABLE,no_selection_step,false,false
MedQA,LatentMAS,161,C,A,sender C on item 161,latentmas,MISSING,MISSING,,NOT_APPLICABLE,NOT_APPLICABLE,no_selection_step,false,false
MedQA,LatentMAS,162,A,B,sender A on item 162,latentmas,MISSING,MISSING,,NOT_APPLICABLE,NOT_APPLICABLE,no_selection_step,false,false
MedQA,LatentMAS,162,A,C,sender A on item 162,latentmas,MISSING,MISSING,,NOT_APPLICABLE,NOT_APPLICABLE,no_selection_step,false,false
MedQA,LatentMAS,162,B,A,sender B on item 162,latentmas,MISSING,MISSING,,NOT_APPLICABLE,NOT_APPLICABLE,no_selection_step,false,false
MedQA,LatentMAS,162,C,A,sender C on item 162,latentmas,MISSING,MISSING,,NOT_APPLICABLE,NOT_APPLICABLE,no_selection_step,false,false
MedQA,LatentMAS,168,A,B,sender A on item 168,latentmas,MISSING,MISSING,,NOT_APPLICABLE,NOT_APPLICABLE,no_selection_step,false,false
MedQA,LatentMAS,168,A,C,sender A on item 168,latentmas,MISSING,MISSING,,NOT_APPLICABLE,NOT_APPLICABLE,no_selection_step,false,false
MedQA,LatentMAS,168,B,A,sender B on item 168,latentmas,MISSING,MISSING,,NOT_APPLICABLE,NOT_APPLICABLE,no_selection_step,false,false
MedQA,LatentMAS,168,C,A,sender C on item 168,latentmas,MISSING,MISSING,,NOT_APPLICABLE,NOT_APPLICABLE,no_selection_step,false,false
MedQA,LatentMAS,175,A,C,sender A on item 175,latentmas,MISSING,MISSING,,NOT_APPLICABLE,NOT_APPLICABLE,no_selection_step,false,false
MedQA,LatentMAS,175,B,C,sender B on item 175,latentmas,MISSING,MISSING,,NOT_APPLICABLE,NOT_APPLICABLE,no_selection_step,false,false
MedQA,LatentMAS,175,C,A,sender C on item 175,latentmas,MISSING,MISSING,,NOT_APPLICABLE,NOT_APPLICABLE,no_selection_step,false,false
MedQA,LatentMAS,175,C,B,sender C on item 175,latentmas,MISSING,MISSING,,NOT_APPLICABLE,NOT_APPLICABLE,no_selection_step,false,false
MedQA,LatentMAS,177,A,B,sender A on item 177,latentmas,MISSING,MISSING,,NOT_APPLICABLE,NOT_APPLICABLE,no_selection_step,false,false
MedQA,LatentMAS,177,A,C,sender A on item 177,latentmas,MISSING,MISSING,,NOT_APPLICABLE,NOT_APPLICABLE,no_selection_step,false,false
MedQA,LatentMAS,177,B,A,sender B on item 177,latentmas,MISSING,MISSING,,NOT_APPLICABLE,NOT_APPLICABLE,no_selection_step,false,false
MedQA,LatentMAS,177,C,A,sender C on item 177,latentmas,MISSING,MISSING,,NOT_APPLICABLE,NOT_APPLICABLE,no_selection_step,false,false
MedQA,LatentMAS,179,A,C,sender A on item 179,latentmas,MISSING,MISSING,,NOT_APPLICABLE,NOT_APPLICABLE,no_selection_step,false,false
MedQA,LatentMAS,179,B,C,sender B on item 179,latentmas,MISSING,MISSING,,NOT_APPLICABLE,NOT_APPLICABLE,no_selection_step,false,false
MedQA,LatentMAS,179,C,A,sender C on item 179,latentmas,MISSING,MISSING,,NOT_APPLICABLE,NOT_APPLICABLE,no_selection_step,false,false
MedQA,LatentMAS,179,C,B,sender C on item 179,latentmas,MISSING,MISSING,,NOT_APPLICABLE,NOT_APPLICABLE,no_selection_step,false,false
MedQA,LatentMAS,181,A,B,sender A on item 181,latentmas,MISSING,MISSING,,NOT_APPLICABLE,NOT_APPLICABLE,no_selection_step,false,false
MedQA,LatentMAS,181,B,A,sender B on item 181,latentmas,MISSING,MISSING,,NOT_APPLICABLE,NOT_APPLICABLE,no_selection_step,false,false
MedQA,LatentMAS,181,B,C,sender B on item 181,latentmas,MISSING,MISSING,,NOT_APPLICABLE,NOT_APPLICABLE,no_selection_step,false,false
MedQA,LatentMAS,181,C,B,sender C on item 181,latentmas,MISSING,MISSING,,NOT_APPLICABLE,NOT_APPLICABLE,no_selection_step,false,false
MedQA,LatentMAS,203,A,B,sender A on item 203,latentmas,MISSING,MISSING,,NOT_APPLICABLE,NOT_APPLICABLE,no_selection_step,false,false
MedQA,LatentMAS,203,B,A,sender B on item 203,latentmas,MISSING,MISSING,,NOT_APPLICABLE,NOT_APPLICABLE,no_selection_step,false,false
MedQA,LatentMAS,203,B,C,sender B on item 203,latentmas,MISSING,MISSING,,NOT_APPLICABLE,NOT_APPLICABLE,no_selection_step,false,false
MedQA,LatentMAS,203,C,B,sender C on item 203,latentmas,MISSING,MISSING,,NOT_APPLICABLE,NOT_APPLICABLE,no_selection_step,false,false
MedQA,LatentMAS,211,A,B,sender A on item 211,latentmas,MISSING,MISSING,,NOT_APPLICABLE,NOT_APPLICABLE,no_selection_step,false,false
MedQA,LatentMAS,211,B,A,sender B on item 211,latentmas,MISSING,MISSING,,NOT_APPLICABLE,NOT_APPLICABLE,no_selection_step,false,false
MedQA,LatentMAS,211,B,C,sender B on item 211,latentmas,MISSING,MISSING,,NOT_APPLICABLE,NOT_APPLICABLE,no_selection_step,false,false
MedQA,LatentMAS,211,C,B,sender C on item 211,latentmas,MISSING,MISSING,,NOT_APPLICABLE,NOT_APPLICABLE,no_selection_step,false,false
MedQA,LatentMAS,217,A,C,sender A on item 217,latentmas,MISSING,MISSING,,NOT_APPLICABLE,NOT_APPLICABLE,no_selection_step,false,false
MedQA,LatentMAS,217,B,C,sender B on item 217,latentmas,MISSING,MISSING,,NOT_APPLICABLE,NOT_APPLICABLE,no_selection_step,false,false
MedQA,LatentMAS,217,C,A,sender C on item 217,latentmas,MISSING,MISSING,,NOT_APPLICABLE,NOT_APPLICABLE,no_selection_step,false,false
MedQA,LatentMAS,217,C,B,sender C on item 217,latentmas,MISSING,MISSING,,NOT_APPLICABLE,NOT_APPLICABLE,no_selection_step,false,false
MedQA,LatentMAS,230,A,B,sender A on item 230,latentmas,MISSING,MISSING,,NOT_APPLICABLE,NOT_APPLICABLE,no_selection_step,false,false
MedQA,LatentMAS,230,A,C,sender A on item 230,latentmas,MISSING,MISSING,,NOT_APPLICABLE,NOT_APPLICABLE,no_selection_step,false,false
MedQA,LatentMAS,230,B,A,sender B on item 230,latentmas,MISSING,MISSING,,NOT_APPLICABLE,NOT_APPLICABLE,no_selection_step,false,false
MedQA,LatentMAS,230,C,A,sender C on item 230,latentmas,MISSING,MISSING,,NOT_APPLICABLE,NOT_APPLICABLE,no_selection_step,false,false
MedQA,LatentMAS,237,A,B,sender A on item 237,latentmas,MISSING,MISSING,,NOT_APPLICABLE,NOT_APPLICABLE,no_selection_step,false,false
MedQA,LatentMAS,237,A,C,sender A on item 237,latentmas,MISSING,MISSING,,NOT_APPLICABLE,NOT_APPLICABLE,no_selection_step,false,false
MedQA,LatentMAS,237,B,A,sender B on item 237,latentmas,MISSING,MISSING,,NOT_APPLICABLE,NOT_APPLICABLE,no_selection_step,false,false
MedQA,LatentMAS,237,C,A,sender C on item 237,latentmas,MISSING,MISSING,,NOT_APPLICABLE,NOT_APPLICABLE,no_selection_step,false,false
MedQA,LatentMAS,242,A,B,sender A on item 242,latentmas,MISSING,MISSING,,NOT_APPLICABLE,NOT_APPLICABLE,no_selection_step,false,false
MedQA,LatentMAS,242,B,A,sender B on item 242,latentmas,MISSING,MISSING,,NOT_APPLICABLE,NOT_APPLICABLE,no_selection_step,false,false
MedQA,LatentMAS,242,B,C,sender B on item 242,latentmas,MISSING,MISSING,,NOT_APPLICABLE,NOT_APPLICABLE,no_selection_step,false,false
MedQA,LatentMAS,242,C,B,sender C on item 242,latentmas,MISSING,MISSING,,NOT_APPLICABLE,NOT_APPLICABLE,no_selection_step,false,false
MedQA,LatentMAS,244,A,B,sender A on item 244,latentmas,MISSING,MISSING,,NOT_APPLICABLE,NOT_APPLICABLE,no_selection_step,false,false
MedQA,LatentMAS,244,B,A,sender B on item 244,latentmas,MISSING,MISSING,,NOT_APPLICABLE,NOT_APPLICABLE,no_selection_step,false,false
MedQA,LatentMAS,244,B,C,sender B on item 244,latentmas,MISSING,MISSING,,NOT_APPLICABLE,NOT_APPLICABLE,no_selection_step,false,false
MedQA,LatentMAS,244,C,B,sender C on item 244,latentmas,MISSING,MISSING,,NOT_APPLICABLE,NOT_APPLICABLE,no_selection_step,false,false
MedQA,LatentMAS,246,A,C,sender A on item 246,latentmas,MISSING,MISSING,,NOT_APPLICABLE,NOT_APPLICABLE,no_selection_step,false,false
MedQA,LatentMAS,246,B,C,sender B on item 246,latentmas,MISSING,MISSING,,NOT_APPLICABLE,NOT_APPLICABLE,no_selection_step,false,false
MedQA,LatentMAS,246,C,A,sender C on item 246,latentmas,MISSING,MISSING,,NOT_APPLICABLE,NOT_APPLICABLE,no_selection_step,false,false
MedQA,LatentMAS,246,C,B,sender C on item 246,latentmas,MISSING,MISSING,,NOT_APPLICABLE,NOT_APPLICABLE,no_selection_step,false,false
MedQA,LatentMAS,251,A,C,sender A on item 251,latentmas,MISSING,MISSING,,NOT_APPLICABLE,NOT_APPLICABLE,no_selection_step,false,false
MedQA,LatentMAS,251,B,C,sender B on item 251,latentmas,MISSING,MISSING,,NOT_APPLICABLE,NOT_APPLICABLE,no_selection_step,false,false
MedQA,LatentMAS,251,C,A,sender C on item 251,latentmas,MISSING,MISSING,,NOT_APPLICABLE,NOT_APPLICABLE,no_selection_step,false,false
MedQA,LatentMAS,251,C,B,sender C on item 251,latentmas,MISSING,MISSING,,NOT_APPLICABLE,NOT_APPLICABLE,no_selection_step,false,false
MedQA,LatentMAS,253,A,B,sender A on item 253,latentmas,MISSING,MISSING,,NOT_APPLICABLE,NOT_APPLICABLE,no_selection_step,false,false
MedQA,LatentMAS,253,A,C,sender A on item 253,latentmas,MISSING,MISSING,,NOT_APPLICABLE,NOT_APPLICABLE,no_selection_step,false,false
MedQA,LatentMAS,253,B,A,sender B on item 253,latentmas,MISSING,MISSING,,NOT_APPLICABLE,NOT_APPLICABLE,no_selection_step,false,false
MedQA,LatentMAS,253,C,A,sender C on item 253,latentmas,MISSING,MISSING,,NOT_APPLICABLE,NOT_APPLICABLE,no_selection_step,false,false
MedQA,LatentMAS,260,A,B,sender A on item 260,latentmas,MISSING,MISSING,,NOT_APPLICABLE,NOT_APPLICABLE,no_selection_step,false,false
MedQA,LatentMAS,260,A,C,sender A on item 260,latentmas,MISSING,MISSING,,NOT_APPLICABLE,NOT_APPLICABLE,no_selection_step,false,false
MedQA,LatentMAS,260,B,A,sender B on item 260,latentmas,MISSING,MISSING,,NOT_APPLICABLE,NOT_APPLICABLE,no_selection_step,false,false
MedQA,LatentMAS,260,C,A,sender C on item 260,latentmas,MISSING,MISSING,,NOT_APPLICABLE,NOT_APPLICABLE,no_selection_step,false,false
MedQA,LatentMAS,264,A,C,sender A on item 264,latentmas,MISSING,MISSING,,NOT_APPLICABLE,NOT_APPLICABLE,no_selection_step,false,false
MedQA,LatentMAS,264,B,C,sender B on item 264,latentmas,MISSING,MISSING,,NOT_APPLICABLE,NOT_APPLICABLE,no_selection_step,false,false
MedQA,LatentMAS,264,C,A,sender C on item 264,latentmas,MISSING,MISSING,,NOT_APPLICABLE,NOT_APPLICABLE,no_selection_step,false,false
MedQA,LatentMAS,264,C,B,sender C on item 264,latentmas,MISSING,MISSING,,NOT_APPLICABLE,NOT_APPLICABLE,no_selection_step,false,false
MedQA,LatentMAS,266,A,B,sender A on item 266,latentmas,MISSING,MISSING,,NOT_APPLICABLE,NOT_APPLICABLE,no_selection_step,false,false
MedQA,LatentMAS,266,A,C,sender A on item 266,latentmas,MISSING,MISSING,,NOT_APPLICABLE,NOT_APPLICABLE,no_selection_step,false,false
MedQA,LatentMAS,266,B,A,sender B on item 266,latentmas,MISSING,MISSING,,NOT_APPLICABLE,NOT_APPLICABLE,no_selection_step,false,false
MedQA,LatentMAS,266,C,A,sender C on item 266,latentmas,MISSING,MISSING,,NOT_APPLICABLE,NOT_APPLICABLE,no_selection_step,false,false
MedQA,LatentMAS,274,A,B,sender A on item 274,latentmas,MISSING,MISSING,,NOT_APPLICABLE,NOT_APPLICABLE,no_selection_step,false,false
MedQA,LatentMAS,274,B,A,sender B on item 274,latentmas,MISSING,MISSING,,NOT_APPLICABLE,NOT_APPLICABLE,no_selection_step,false,false
MedQA,LatentMAS,274,B,C,sender B on item 274,latentmas,MISSING,MISSING,,NOT_APPLICABLE,NOT_APPLICABLE,no_selection_step,false,false
MedQA,LatentMAS,274,C,B,sender C on item 274,latentmas,MISSING,MISSING,,NOT_APPLICABLE,NOT_APPLICABLE,no_selection_step,false,false
MedQA,LatentMAS,277,A,B,sender A on item 277,latentmas,MISSING,MISSING,,NOT_APPLICABLE,NOT_APPLICABLE,no_selection_step,false,false
MedQA,LatentMAS,277,B,A,sender B on item 277,latentmas,MISSING,MISSING,,NOT_APPLICABLE,NOT_APPLICABLE,no_selection_step,false,false
MedQA,LatentMAS,277,B,C,sender B on item 277,latentmas,MISSING,MISSING,,NOT_APPLICABLE,NOT_APPLICABLE,no_selection_step,false,false
MedQA,LatentMAS,277,C,B,sender C on item 277,latentmas,MISSING,MISSING,,NOT_APPLICABLE,NOT_APPLICABLE,no_selection_step,false,false
MedQA,LatentMAS,280,A,C,sender A on item 280,latentmas,MISSING,MISSING,,NOT_APPLICABLE,NOT_APPLICABLE,no_selection_step,false,false
MedQA,LatentMAS,280,B,C,sender B on item 280,latentmas,MISSING,MISSING,,NOT_APPLICABLE,NOT_APPLICABLE,no_selection_step,false,false
MedQA,LatentMAS,280,C,A,sender C on item 280,latentmas,MISSING,MISSING,,NOT_APPLICABLE,NOT_APPLICABLE,no_selection_step,false,false
MedQA,LatentMAS,280,C,B,sender C on item 280,latentmas,MISSING,MISSING,,NOT_APPLICABLE,NOT_APPLICABLE,no_selection_step,false,false
MedQA,LatentMAS,289,A,B,sender A on item 289,latentmas,MISSING,MISSING,,NOT_APPLICABLE,NOT_APPLICABLE,no_selection_step,false,false
MedQA,LatentMAS,289,B,A,sender B on item 289,latentmas,MISSING,MISSING,,NOT_APPLICABLE,NOT_APPLICABLE,no_selection_step,false,false
MedQA,LatentMAS,289,B,C,sender B on item 289,latentmas,MISSING,MISSING,,NOT_APPLICABLE,NOT_APPLICABLE,no_selection_step,false,false
MedQA,LatentMAS,289,C,B,sender C on item 289,latentmas,MISSING,MISSING,,NOT_APPLICABLE,NOT_APPLICABLE,no_selection_step,false,false
MedQA,LatentMAS,294,A,B,sender A on item 294,latentmas,MISSING,MISSING,,NOT_APPLICABLE,NOT_APPLICABLE,no_selection_step,false,false
MedQA,LatentMAS,294,B,A,sender B on item 294,latentmas,MISSING,MISSING,,NOT_APPLICABLE,NOT_APPLICABLE,no_selection_step,false,false
MedQA,LatentMAS,294,B,C,sender B on item 294,latentmas,MISSING,MISSING,,NOT_APPLICABLE,NOT_APPLICABLE,no_selection_step,false,false
MedQA,LatentMAS,294,C,B,sender C on item 294,latentmas,MISSING,MISSING,,NOT_APPLICABLE,NOT_APPLICABLE,no_selection_step,false,false
MedQA,LatentMAS,296,A,C,sender A on item 296,latentmas,MISSING,MISSING,,NOT_APPLICABLE,NOT_APPLICABLE,no_selection_step,false,false
MedQA,LatentMAS,296,B,C,sender B on item 296,latentmas,MISSING,MISSING,,NOT_APPLICABLE,NOT_APPLICABLE,no_selection_step,false,false
MedQA,LatentMAS,296,C,A,sender C on item 296,latentmas,MISSING,MISSING,,NOT_APPLICABLE,NOT_APPLICABLE,no_selection_step,false,false
MedQA,LatentMAS,296,C,B,sender C on item 296,latentmas,MISSING,MISSING,,NOT_APPLICABLE,NOT_APPLICABLE,no_selection_step,false,false
GPQA-D,No Message,0,A,B,sender None on item None,none,MISSING,MISSING,0,NOT_APPLICABLE,NOT_APPLICABLE,no_selection_step,false,false
GPQA-D,No Message,0,B,A,sender None on item None,none,MISSING,MISSING,0,NOT_APPLICABLE,NOT_APPLICABLE,no_selection_step,false,false
GPQA-D,No Message,0,B,C,sender None on item None,none,MISSING,MISSING,0,NOT_APPLICABLE,NOT_APPLICABLE,no_selection_step,false,false
GPQA-D,No Message,0,C,B,sender None on item None,none,MISSING,MISSING,0,NOT_APPLICABLE,NOT_APPLICABLE,no_selection_step,false,false
GPQA-D,No Message,6,A,B,sender None on item None,none,MISSING,MISSING,0,NOT_APPLICABLE,NOT_APPLICABLE,no_selection_step,false,false
GPQA-D,No Message,6,A,C,sender None on item None,none,MISSING,MISSING,0,NOT_APPLICABLE,NOT_APPLICABLE,no_selection_step,false,false
GPQA-D,No Message,6,B,A,sender None on item None,none,MISSING,MISSING,0,NOT_APPLICABLE,NOT_APPLICABLE,no_selection_step,false,false
GPQA-D,No Message,6,C,A,sender None on item None,none,MISSING,MISSING,0,NOT_APPLICABLE,NOT_APPLICABLE,no_selection_step,false,false
GPQA-D,No Message,7,A,B,sender None on item None,none,MISSING,MISSING,0,NOT_APPLICABLE,NOT_APPLICABLE,no_selection_step,false,false
GPQA-D,No Message,7,A,C,sender None on item None,none,MISSING,MISSING,0,NOT_APPLICABLE,NOT_APPLICABLE,no_selection_step,false,false
GPQA-D,No Message,7,B,A,sender None on item None,none,MISSING,MISSING,0,NOT_APPLICABLE,NOT_APPLICABLE,no_selection_step,false,false
GPQA-D,No Message,7,C,A,sender None on item None,none,MISSING,MISSING,0,NOT_APPLICABLE,NOT_APPLICABLE,no_selection_step,false,false
GPQA-D,No Message,8,A,B,sender None on item None,none,MISSING,MISSING,0,NOT_APPLICABLE,NOT_APPLICABLE,no_selection_step,false,false
GPQA-D,No Message,8,B,A,sender None on item None,none,MISSING,MISSING,0,NOT_APPLICABLE,NOT_APPLICABLE,no_selection_step,false,false
GPQA-D,No Message,8,B,C,sender None on item None,none,MISSING,MISSING,0,NOT_APPLICABLE,NOT_APPLICABLE,no_selection_step,false,false
GPQA-D,No Message,8,C,B,sender None on item None,none,MISSING,MISSING,0,NOT_APPLICABLE,NOT_APPLICABLE,no_selection_step,false,false
GPQA-D,No Message,10,A,B,sender None on item None,none,MISSING,MISSING,0,NOT_APPLICABLE,NOT_APPLICABLE,no_selection_step,false,false
GPQA-D,No Message,10,A,C,sender None on item None,none,MISSING,MISSING,0,NOT_APPLICABLE,NOT_APPLICABLE,no_selection_step,false,false
GPQA-D,No Message,10,B,A,sender None on item None,none,MISSING,MISSING,0,NOT_APPLICABLE,NOT_APPLICABLE,no_selection_step,false,false
GPQA-D,No Message,10,C,A,sender None on item None,none,MISSING,MISSING,0,NOT_APPLICABLE,NOT_APPLICABLE,no_selection_step,false,false
GPQA-D,No Message,12,A,B,sender None on item None,none,MISSING,MISSING,0,NOT_APPLICABLE,NOT_APPLICABLE,no_selection_step,false,false
GPQA-D,No Message,12,B,A,sender None on item None,none,MISSING,MISSING,0,NOT_APPLICABLE,NOT_APPLICABLE,no_selection_step,false,false
GPQA-D,No Message,12,B,C,sender None on item None,none,MISSING,MISSING,0,NOT_APPLICABLE,NOT_APPLICABLE,no_selection_step,false,false
GPQA-D,No Message,12,C,B,sender None on item None,none,MISSING,MISSING,0,NOT_APPLICABLE,NOT_APPLICABLE,no_selection_step,false,false
GPQA-D,No Message,15,A,B,sender None on item None,none,MISSING,MISSING,0,NOT_APPLICABLE,NOT_APPLICABLE,no_selection_step,false,false
GPQA-D,No Message,15,B,A,sender None on item None,none,MISSING,MISSING,0,NOT_APPLICABLE,NOT_APPLICABLE,no_selection_step,false,false
GPQA-D,No Message,15,B,C,sender None on item None,none,MISSING,MISSING,0,NOT_APPLICABLE,NOT_APPLICABLE,no_selection_step,false,false
GPQA-D,No Message,15,C,B,sender None on item None,none,MISSING,MISSING,0,NOT_APPLICABLE,NOT_APPLICABLE,no_selection_step,false,false
GPQA-D,No Message,16,A,B,sender None on item None,none,MISSING,MISSING,0,NOT_APPLICABLE,NOT_APPLICABLE,no_selection_step,false,false
GPQA-D,No Message,16,B,A,sender None on item None,none,MISSING,MISSING,0,NOT_APPLICABLE,NOT_APPLICABLE,no_selection_step,false,false
GPQA-D,No Message,16,B,C,sender None on item None,none,MISSING,MISSING,0,NOT_APPLICABLE,NOT_APPLICABLE,no_selection_step,false,false
GPQA-D,No Message,16,C,B,sender None on item None,none,MISSING,MISSING,0,NOT_APPLICABLE,NOT_APPLICABLE,no_selection_step,false,false
GPQA-D,No Message,21,A,C,sender None on item None,none,MISSING,MISSING,0,NOT_APPLICABLE,NOT_APPLICABLE,no_selection_step,false,false
GPQA-D,No Message,21,B,C,sender None on item None,none,MISSING,MISSING,0,NOT_APPLICABLE,NOT_APPLICABLE,no_selection_step,false,false
GPQA-D,No Message,21,C,A,sender None on item None,none,MISSING,MISSING,0,NOT_APPLICABLE,NOT_APPLICABLE,no_selection_step,false,false
GPQA-D,No Message,21,C,B,sender None on item None,none,MISSING,MISSING,0,NOT_APPLICABLE,NOT_APPLICABLE,no_selection_step,false,false
GPQA-D,No Message,22,A,B,sender None on item None,none,MISSING,MISSING,0,NOT_APPLICABLE,NOT_APPLICABLE,no_selection_step,false,false
GPQA-D,No Message,22,A,C,sender None on item None,none,MISSING,MISSING,0,NOT_APPLICABLE,NOT_APPLICABLE,no_selection_step,false,false
GPQA-D,No Message,22,B,A,sender None on item None,none,MISSING,MISSING,0,NOT_APPLICABLE,NOT_APPLICABLE,no_selection_step,false,false
GPQA-D,No Message,22,C,A,sender None on item None,none,MISSING,MISSING,0,NOT_APPLICABLE,NOT_APPLICABLE,no_selection_step,false,false
GPQA-D,No Message,30,A,B,sender None on item None,none,MISSING,MISSING,0,NOT_APPLICABLE,NOT_APPLICABLE,no_selection_step,false,false
GPQA-D,No Message,30,B,A,sender None on item None,none,MISSING,MISSING,0,NOT_APPLICABLE,NOT_APPLICABLE,no_selection_step,false,false
GPQA-D,No Message,30,B,C,sender None on item None,none,MISSING,MISSING,0,NOT_APPLICABLE,NOT_APPLICABLE,no_selection_step,false,false
GPQA-D,No Message,30,C,B,sender None on item None,none,MISSING,MISSING,0,NOT_APPLICABLE,NOT_APPLICABLE,no_selection_step,false,false
GPQA-D,No Message,31,A,B,sender None on item None,none,MISSING,MISSING,0,NOT_APPLICABLE,NOT_APPLICABLE,no_selection_step,false,false
GPQA-D,No Message,31,A,C,sender None on item None,none,MISSING,MISSING,0,NOT_APPLICABLE,NOT_APPLICABLE,no_selection_step,false,false
GPQA-D,No Message,31,B,A,sender None on item None,none,MISSING,MISSING,0,NOT_APPLICABLE,NOT_APPLICABLE,no_selection_step,false,false
GPQA-D,No Message,31,C,A,sender None on item None,none,MISSING,MISSING,0,NOT_APPLICABLE,NOT_APPLICABLE,no_selection_step,false,false
GPQA-D,No Message,35,A,B,sender None on item None,none,MISSING,MISSING,0,NOT_APPLICABLE,NOT_APPLICABLE,no_selection_step,false,false
GPQA-D,No Message,35,A,C,sender None on item None,none,MISSING,MISSING,0,NOT_APPLICABLE,NOT_APPLICABLE,no_selection_step,false,false
GPQA-D,No Message,35,B,A,sender None on item None,none,MISSING,MISSING,0,NOT_APPLICABLE,NOT_APPLICABLE,no_selection_step,false,false
GPQA-D,No Message,35,C,A,sender None on item None,none,MISSING,MISSING,0,NOT_APPLICABLE,NOT_APPLICABLE,no_selection_step,false,false
GPQA-D,No Message,42,A,C,sender None on item None,none,MISSING,MISSING,0,NOT_APPLICABLE,NOT_APPLICABLE,no_selection_step,false,false
GPQA-D,No Message,42,B,C,sender None on item None,none,MISSING,MISSING,0,NOT_APPLICABLE,NOT_APPLICABLE,no_selection_step,false,false
GPQA-D,No Message,42,C,A,sender None on item None,none,MISSING,MISSING,0,NOT_APPLICABLE,NOT_APPLICABLE,no_selection_step,false,false
GPQA-D,No Message,42,C,B,sender None on item None,none,MISSING,MISSING,0,NOT_APPLICABLE,NOT_APPLICABLE,no_selection_step,false,false
GPQA-D,No Message,43,A,B,sender None on item None,none,MISSING,MISSING,0,NOT_APPLICABLE,NOT_APPLICABLE,no_selection_step,false,false
GPQA-D,No Message,43,B,A,sender None on item None,none,MISSING,MISSING,0,NOT_APPLICABLE,NOT_APPLICABLE,no_selection_step,false,false
GPQA-D,No Message,43,B,C,sender None on item None,none,MISSING,MISSING,0,NOT_APPLICABLE,NOT_APPLICABLE,no_selection_step,false,false
GPQA-D,No Message,43,C,B,sender None on item None,none,MISSING,MISSING,0,NOT_APPLICABLE,NOT_APPLICABLE,no_selection_step,false,false
GPQA-D,No Message,44,A,B,sender None on item None,none,MISSING,MISSING,0,NOT_APPLICABLE,NOT_APPLICABLE,no_selection_step,false,false
GPQA-D,No Message,44,B,A,sender None on item None,none,MISSING,MISSING,0,NOT_APPLICABLE,NOT_APPLICABLE,no_selection_step,false,false
GPQA-D,No Message,44,B,C,sender None on item None,none,MISSING,MISSING,0,NOT_APPLICABLE,NOT_APPLICABLE,no_selection_step,false,false
GPQA-D,No Message,44,C,B,sender None on item None,none,MISSING,MISSING,0,NOT_APPLICABLE,NOT_APPLICABLE,no_selection_step,false,false
GPQA-D,No Message,55,A,B,sender None on item None,none,MISSING,MISSING,0,NOT_APPLICABLE,NOT_APPLICABLE,no_selection_step,false,false
GPQA-D,No Message,55,A,C,sender None on item None,none,MISSING,MISSING,0,NOT_APPLICABLE,NOT_APPLICABLE,no_selection_step,false,false
GPQA-D,No Message,55,B,A,sender None on item None,none,MISSING,MISSING,0,NOT_APPLICABLE,NOT_APPLICABLE,no_selection_step,false,false
GPQA-D,No Message,55,C,A,sender None on item None,none,MISSING,MISSING,0,NOT_APPLICABLE,NOT_APPLICABLE,no_selection_step,false,false
GPQA-D,No Message,56,A,B,sender None on item None,none,MISSING,MISSING,0,NOT_APPLICABLE,NOT_APPLICABLE,no_selection_step,false,false
GPQA-D,No Message,56,B,A,sender None on item None,none,MISSING,MISSING,0,NOT_APPLICABLE,NOT_APPLICABLE,no_selection_step,false,false
GPQA-D,No Message,56,B,C,sender None on item None,none,MISSING,MISSING,0,NOT_APPLICABLE,NOT_APPLICABLE,no_selection_step,false,false
GPQA-D,No Message,56,C,B,sender None on item None,none,MISSING,MISSING,0,NOT_APPLICABLE,NOT_APPLICABLE,no_selection_step,false,false
GPQA-D,No Message,58,A,B,sender None on item None,none,MISSING,MISSING,0,NOT_APPLICABLE,NOT_APPLICABLE,no_selection_step,false,false
GPQA-D,No Message,58,B,A,sender None on item None,none,MISSING,MISSING,0,NOT_APPLICABLE,NOT_APPLICABLE,no_selection_step,false,false
GPQA-D,No Message,58,B,C,sender None on item None,none,MISSING,MISSING,0,NOT_APPLICABLE,NOT_APPLICABLE,no_selection_step,false,false
GPQA-D,No Message,58,C,B,sender None on item None,none,MISSING,MISSING,0,NOT_APPLICABLE,NOT_APPLICABLE,no_selection_step,false,false
GPQA-D,No Message,62,A,B,sender None on item None,none,MISSING,MISSING,0,NOT_APPLICABLE,NOT_APPLICABLE,no_selection_step,false,false
GPQA-D,No Message,62,A,C,sender None on item None,none,MISSING,MISSING,0,NOT_APPLICABLE,NOT_APPLICABLE,no_selection_step,false,false
GPQA-D,No Message,62,B,A,sender None on item None,none,MISSING,MISSING,0,NOT_APPLICABLE,NOT_APPLICABLE,no_selection_step,false,false
GPQA-D,No Message,62,C,A,sender None on item None,none,MISSING,MISSING,0,NOT_APPLICABLE,NOT_APPLICABLE,no_selection_step,false,false
GPQA-D,No Message,63,A,B,sender None on item None,none,MISSING,MISSING,0,NOT_APPLICABLE,NOT_APPLICABLE,no_selection_step,false,false
GPQA-D,No Message,63,B,A,sender None on item None,none,MISSING,MISSING,0,NOT_APPLICABLE,NOT_APPLICABLE,no_selection_step,false,false
GPQA-D,No Message,63,B,C,sender None on item None,none,MISSING,MISSING,0,NOT_APPLICABLE,NOT_APPLICABLE,no_selection_step,false,false
GPQA-D,No Message,63,C,B,sender None on item None,none,MISSING,MISSING,0,NOT_APPLICABLE,NOT_APPLICABLE,no_selection_step,false,false
GPQA-D,No Message,65,A,B,sender None on item None,none,MISSING,MISSING,0,NOT_APPLICABLE,NOT_APPLICABLE,no_selection_step,false,false
GPQA-D,No Message,65,B,A,sender None on item None,none,MISSING,MISSING,0,NOT_APPLICABLE,NOT_APPLICABLE,no_selection_step,false,false
GPQA-D,No Message,65,B,C,sender None on item None,none,MISSING,MISSING,0,NOT_APPLICABLE,NOT_APPLICABLE,no_selection_step,false,false
GPQA-D,No Message,65,C,B,sender None on item None,none,MISSING,MISSING,0,NOT_APPLICABLE,NOT_APPLICABLE,no_selection_step,false,false
GPQA-D,No Message,71,A,C,sender None on item None,none,MISSING,MISSING,0,NOT_APPLICABLE,NOT_APPLICABLE,no_selection_step,false,false
GPQA-D,No Message,71,B,C,sender None on item None,none,MISSING,MISSING,0,NOT_APPLICABLE,NOT_APPLICABLE,no_selection_step,false,false
GPQA-D,No Message,71,C,A,sender None on item None,none,MISSING,MISSING,0,NOT_APPLICABLE,NOT_APPLICABLE,no_selection_step,false,false
GPQA-D,No Message,71,C,B,sender None on item None,none,MISSING,MISSING,0,NOT_APPLICABLE,NOT_APPLICABLE,no_selection_step,false,false
GPQA-D,No Message,75,A,B,sender None on item None,none,MISSING,MISSING,0,NOT_APPLICABLE,NOT_APPLICABLE,no_selection_step,false,false
GPQA-D,No Message,75,A,C,sender None on item None,none,MISSING,MISSING,0,NOT_APPLICABLE,NOT_APPLICABLE,no_selection_step,false,false
GPQA-D,No Message,75,B,A,sender None on item None,none,MISSING,MISSING,0,NOT_APPLICABLE,NOT_APPLICABLE,no_selection_step,false,false
GPQA-D,No Message,75,C,A,sender None on item None,none,MISSING,MISSING,0,NOT_APPLICABLE,NOT_APPLICABLE,no_selection_step,false,false
GPQA-D,No Message,82,A,B,sender None on item None,none,MISSING,MISSING,0,NOT_APPLICABLE,NOT_APPLICABLE,no_selection_step,false,false
GPQA-D,No Message,82,A,C,sender None on item None,none,MISSING,MISSING,0,NOT_APPLICABLE,NOT_APPLICABLE,no_selection_step,false,false
GPQA-D,No Message,82,B,A,sender None on item None,none,MISSING,MISSING,0,NOT_APPLICABLE,NOT_APPLICABLE,no_selection_step,false,false
GPQA-D,No Message,82,C,A,sender None on item None,none,MISSING,MISSING,0,NOT_APPLICABLE,NOT_APPLICABLE,no_selection_step,false,false
GPQA-D,No Message,91,A,B,sender None on item None,none,MISSING,MISSING,0,NOT_APPLICABLE,NOT_APPLICABLE,no_selection_step,false,false
GPQA-D,No Message,91,A,C,sender None on item None,none,MISSING,MISSING,0,NOT_APPLICABLE,NOT_APPLICABLE,no_selection_step,false,false
GPQA-D,No Message,91,B,A,sender None on item None,none,MISSING,MISSING,0,NOT_APPLICABLE,NOT_APPLICABLE,no_selection_step,false,false
GPQA-D,No Message,91,C,A,sender None on item None,none,MISSING,MISSING,0,NOT_APPLICABLE,NOT_APPLICABLE,no_selection_step,false,false
GPQA-D,No Message,93,A,B,sender None on item None,none,MISSING,MISSING,0,NOT_APPLICABLE,NOT_APPLICABLE,no_selection_step,false,false
GPQA-D,No Message,93,B,A,sender None on item None,none,MISSING,MISSING,0,NOT_APPLICABLE,NOT_APPLICABLE,no_selection_step,false,false
GPQA-D,No Message,93,B,C,sender None on item None,none,MISSING,MISSING,0,NOT_APPLICABLE,NOT_APPLICABLE,no_selection_step,false,false
GPQA-D,No Message,93,C,B,sender None on item None,none,MISSING,MISSING,0,NOT_APPLICABLE,NOT_APPLICABLE,no_selection_step,false,false
GPQA-D,No Message,94,A,B,sender None on item None,none,MISSING,MISSING,0,NOT_APPLICABLE,NOT_APPLICABLE,no_selection_step,false,false
GPQA-D,No Message,94,B,A,sender None on item None,none,MISSING,MISSING,0,NOT_APPLICABLE,NOT_APPLICABLE,no_selection_step,false,false
GPQA-D,No Message,94,B,C,sender None on item None,none,MISSING,MISSING,0,NOT_APPLICABLE,NOT_APPLICABLE,no_selection_step,false,false
GPQA-D,No Message,94,C,B,sender None on item None,none,MISSING,MISSING,0,NOT_APPLICABLE,NOT_APPLICABLE,no_selection_step,false,false
GPQA-D,No Message,95,A,B,sender None on item None,none,MISSING,MISSING,0,NOT_APPLICABLE,NOT_APPLICABLE,no_selection_step,false,false
GPQA-D,No Message,95,A,C,sender None on item None,none,MISSING,MISSING,0,NOT_APPLICABLE,NOT_APPLICABLE,no_selection_step,false,false
GPQA-D,No Message,95,B,A,sender None on item None,none,MISSING,MISSING,0,NOT_APPLICABLE,NOT_APPLICABLE,no_selection_step,false,false
GPQA-D,No Message,95,C,A,sender None on item None,none,MISSING,MISSING,0,NOT_APPLICABLE,NOT_APPLICABLE,no_selection_step,false,false
GPQA-D,No Message,96,A,B,sender None on item None,none,MISSING,MISSING,0,NOT_APPLICABLE,NOT_APPLICABLE,no_selection_step,false,false
GPQA-D,No Message,96,B,A,sender None on item None,none,MISSING,MISSING,0,NOT_APPLICABLE,NOT_APPLICABLE,no_selection_step,false,false
GPQA-D,No Message,96,B,C,sender None on item None,none,MISSING,MISSING,0,NOT_APPLICABLE,NOT_APPLICABLE,no_selection_step,false,false
GPQA-D,No Message,96,C,B,sender None on item None,none,MISSING,MISSING,0,NOT_APPLICABLE,NOT_APPLICABLE,no_selection_step,false,false
GPQA-D,No Message,99,A,C,sender None on item None,none,MISSING,MISSING,0,NOT_APPLICABLE,NOT_APPLICABLE,no_selection_step,false,false
GPQA-D,No Message,99,B,C,sender None on item None,none,MISSING,MISSING,0,NOT_APPLICABLE,NOT_APPLICABLE,no_selection_step,false,false
GPQA-D,No Message,99,C,A,sender None on item None,none,MISSING,MISSING,0,NOT_APPLICABLE,NOT_APPLICABLE,no_selection_step,false,false
GPQA-D,No Message,99,C,B,sender None on item None,none,MISSING,MISSING,0,NOT_APPLICABLE,NOT_APPLICABLE,no_selection_step,false,false
GPQA-D,No Message,102,A,B,sender None on item None,none,MISSING,MISSING,0,NOT_APPLICABLE,NOT_APPLICABLE,no_selection_step,false,false
GPQA-D,No Message,102,B,A,sender None on item None,none,MISSING,MISSING,0,NOT_APPLICABLE,NOT_APPLICABLE,no_selection_step,false,false
GPQA-D,No Message,102,B,C,sender None on item None,none,MISSING,MISSING,0,NOT_APPLICABLE,NOT_APPLICABLE,no_selection_step,false,false
GPQA-D,No Message,102,C,B,sender None on item None,none,MISSING,MISSING,0,NOT_APPLICABLE,NOT_APPLICABLE,no_selection_step,false,false
GPQA-D,No Message,104,A,B,sender None on item None,none,MISSING,MISSING,0,NOT_APPLICABLE,NOT_APPLICABLE,no_selection_step,false,false
GPQA-D,No Message,104,B,A,sender None on item None,none,MISSING,MISSING,0,NOT_APPLICABLE,NOT_APPLICABLE,no_selection_step,false,false
GPQA-D,No Message,104,B,C,sender None on item None,none,MISSING,MISSING,0,NOT_APPLICABLE,NOT_APPLICABLE,no_selection_step,false,false
GPQA-D,No Message,104,C,B,sender None on item None,none,MISSING,MISSING,0,NOT_APPLICABLE,NOT_APPLICABLE,no_selection_step,false,false
GPQA-D,No Message,105,A,B,sender None on item None,none,MISSING,MISSING,0,NOT_APPLICABLE,NOT_APPLICABLE,no_selection_step,false,false
GPQA-D,No Message,105,B,A,sender None on item None,none,MISSING,MISSING,0,NOT_APPLICABLE,NOT_APPLICABLE,no_selection_step,false,false
GPQA-D,No Message,105,B,C,sender None on item None,none,MISSING,MISSING,0,NOT_APPLICABLE,NOT_APPLICABLE,no_selection_step,false,false
GPQA-D,No Message,105,C,B,sender None on item None,none,MISSING,MISSING,0,NOT_APPLICABLE,NOT_APPLICABLE,no_selection_step,false,false
GPQA-D,No Message,108,A,B,sender None on item None,none,MISSING,MISSING,0,NOT_APPLICABLE,NOT_APPLICABLE,no_selection_step,false,false
GPQA-D,No Message,108,B,A,sender None on item None,none,MISSING,MISSING,0,NOT_APPLICABLE,NOT_APPLICABLE,no_selection_step,false,false
GPQA-D,No Message,108,B,C,sender None on item None,none,MISSING,MISSING,0,NOT_APPLICABLE,NOT_APPLICABLE,no_selection_step,false,false
GPQA-D,No Message,108,C,B,sender None on item None,none,MISSING,MISSING,0,NOT_APPLICABLE,NOT_APPLICABLE,no_selection_step,false,false
GPQA-D,No Message,112,A,B,sender None on item None,none,MISSING,MISSING,0,NOT_APPLICABLE,NOT_APPLICABLE,no_selection_step,false,false
GPQA-D,No Message,112,B,A,sender None on item None,none,MISSING,MISSING,0,NOT_APPLICABLE,NOT_APPLICABLE,no_selection_step,false,false
GPQA-D,No Message,112,B,C,sender None on item None,none,MISSING,MISSING,0,NOT_APPLICABLE,NOT_APPLICABLE,no_selection_step,false,false
GPQA-D,No Message,112,C,B,sender None on item None,none,MISSING,MISSING,0,NOT_APPLICABLE,NOT_APPLICABLE,no_selection_step,false,false
GPQA-D,No Message,114,A,C,sender None on item None,none,MISSING,MISSING,0,NOT_APPLICABLE,NOT_APPLICABLE,no_selection_step,false,false
GPQA-D,No Message,114,B,C,sender None on item None,none,MISSING,MISSING,0,NOT_APPLICABLE,NOT_APPLICABLE,no_selection_step,false,false
GPQA-D,No Message,114,C,A,sender None on item None,none,MISSING,MISSING,0,NOT_APPLICABLE,NOT_APPLICABLE,no_selection_step,false,false
GPQA-D,No Message,114,C,B,sender None on item None,none,MISSING,MISSING,0,NOT_APPLICABLE,NOT_APPLICABLE,no_selection_step,false,false
GPQA-D,No Message,119,A,B,sender None on item None,none,MISSING,MISSING,0,NOT_APPLICABLE,NOT_APPLICABLE,no_selection_step,false,false
GPQA-D,No Message,119,A,C,sender None on item None,none,MISSING,MISSING,0,NOT_APPLICABLE,NOT_APPLICABLE,no_selection_step,false,false
GPQA-D,No Message,119,B,A,sender None on item None,none,MISSING,MISSING,0,NOT_APPLICABLE,NOT_APPLICABLE,no_selection_step,false,false
GPQA-D,No Message,119,C,A,sender None on item None,none,MISSING,MISSING,0,NOT_APPLICABLE,NOT_APPLICABLE,no_selection_step,false,false
GPQA-D,No Message,124,A,B,sender None on item None,none,MISSING,MISSING,0,NOT_APPLICABLE,NOT_APPLICABLE,no_selection_step,false,false
GPQA-D,No Message,124,B,A,sender None on item None,none,MISSING,MISSING,0,NOT_APPLICABLE,NOT_APPLICABLE,no_selection_step,false,false
GPQA-D,No Message,124,B,C,sender None on item None,none,MISSING,MISSING,0,NOT_APPLICABLE,NOT_APPLICABLE,no_selection_step,false,false
GPQA-D,No Message,124,C,B,sender None on item None,none,MISSING,MISSING,0,NOT_APPLICABLE,NOT_APPLICABLE,no_selection_step,false,false
GPQA-D,No Message,130,A,C,sender None on item None,none,MISSING,MISSING,0,NOT_APPLICABLE,NOT_APPLICABLE,no_selection_step,false,false
GPQA-D,No Message,130,B,C,sender None on item None,none,MISSING,MISSING,0,NOT_APPLICABLE,NOT_APPLICABLE,no_selection_step,false,false
GPQA-D,No Message,130,C,A,sender None on item None,none,MISSING,MISSING,0,NOT_APPLICABLE,NOT_APPLICABLE,no_selection_step,false,false
GPQA-D,No Message,130,C,B,sender None on item None,none,MISSING,MISSING,0,NOT_APPLICABLE,NOT_APPLICABLE,no_selection_step,false,false
GPQA-D,No Message,131,A,C,sender None on item None,none,MISSING,MISSING,0,NOT_APPLICABLE,NOT_APPLICABLE,no_selection_step,false,false
GPQA-D,No Message,131,B,C,sender None on item None,none,MISSING,MISSING,0,NOT_APPLICABLE,NOT_APPLICABLE,no_selection_step,false,false
GPQA-D,No Message,131,C,A,sender None on item None,none,MISSING,MISSING,0,NOT_APPLICABLE,NOT_APPLICABLE,no_selection_step,false,false
GPQA-D,No Message,131,C,B,sender None on item None,none,MISSING,MISSING,0,NOT_APPLICABLE,NOT_APPLICABLE,no_selection_step,false,false
GPQA-D,No Message,136,A,C,sender None on item None,none,MISSING,MISSING,0,NOT_APPLICABLE,NOT_APPLICABLE,no_selection_step,false,false
GPQA-D,No Message,136,B,C,sender None on item None,none,MISSING,MISSING,0,NOT_APPLICABLE,NOT_APPLICABLE,no_selection_step,false,false
GPQA-D,No Message,136,C,A,sender None on item None,none,MISSING,MISSING,0,NOT_APPLICABLE,NOT_APPLICABLE,no_selection_step,false,false
GPQA-D,No Message,136,C,B,sender None on item None,none,MISSING,MISSING,0,NOT_APPLICABLE,NOT_APPLICABLE,no_selection_step,false,false
GPQA-D,No Message,139,A,B,sender None on item None,none,MISSING,MISSING,0,NOT_APPLICABLE,NOT_APPLICABLE,no_selection_step,false,false
GPQA-D,No Message,139,B,A,sender None on item None,none,MISSING,MISSING,0,NOT_APPLICABLE,NOT_APPLICABLE,no_selection_step,false,false
GPQA-D,No Message,139,B,C,sender None on item None,none,MISSING,MISSING,0,NOT_APPLICABLE,NOT_APPLICABLE,no_selection_step,false,false
GPQA-D,No Message,139,C,B,sender None on item None,none,MISSING,MISSING,0,NOT_APPLICABLE,NOT_APPLICABLE,no_selection_step,false,false
GPQA-D,No Message,140,A,B,sender None on item None,none,MISSING,MISSING,0,NOT_APPLICABLE,NOT_APPLICABLE,no_selection_step,false,false
GPQA-D,No Message,140,A,C,sender None on item None,none,MISSING,MISSING,0,NOT_APPLICABLE,NOT_APPLICABLE,no_selection_step,false,false
GPQA-D,No Message,140,B,A,sender None on item None,none,MISSING,MISSING,0,NOT_APPLICABLE,NOT_APPLICABLE,no_selection_step,false,false
GPQA-D,No Message,140,C,A,sender None on item None,none,MISSING,MISSING,0,NOT_APPLICABLE,NOT_APPLICABLE,no_selection_step,false,false
GPQA-D,No Message,141,A,C,sender None on item None,none,MISSING,MISSING,0,NOT_APPLICABLE,NOT_APPLICABLE,no_selection_step,false,false
GPQA-D,No Message,141,B,C,sender None on item None,none,MISSING,MISSING,0,NOT_APPLICABLE,NOT_APPLICABLE,no_selection_step,false,false
GPQA-D,No Message,141,C,A,sender None on item None,none,MISSING,MISSING,0,NOT_APPLICABLE,NOT_APPLICABLE,no_selection_step,false,false
GPQA-D,No Message,141,C,B,sender None on item None,none,MISSING,MISSING,0,NOT_APPLICABLE,NOT_APPLICABLE,no_selection_step,false,false
GPQA-D,No Message,142,A,C,sender None on item None,none,MISSING,MISSING,0,NOT_APPLICABLE,NOT_APPLICABLE,no_selection_step,false,false
GPQA-D,No Message,142,B,C,sender None on item None,none,MISSING,MISSING,0,NOT_APPLICABLE,NOT_APPLICABLE,no_selection_step,false,false
GPQA-D,No Message,142,C,A,sender None on item None,none,MISSING,MISSING,0,NOT_APPLICABLE,NOT_APPLICABLE,no_selection_step,false,false
GPQA-D,No Message,142,C,B,sender None on item None,none,MISSING,MISSING,0,NOT_APPLICABLE,NOT_APPLICABLE,no_selection_step,false,false
GPQA-D,No Message,144,A,C,sender None on item None,none,MISSING,MISSING,0,NOT_APPLICABLE,NOT_APPLICABLE,no_selection_step,false,false
GPQA-D,No Message,144,B,C,sender None on item None,none,MISSING,MISSING,0,NOT_APPLICABLE,NOT_APPLICABLE,no_selection_step,false,false
GPQA-D,No Message,144,C,A,sender None on item None,none,MISSING,MISSING,0,NOT_APPLICABLE,NOT_APPLICABLE,no_selection_step,false,false
GPQA-D,No Message,144,C,B,sender None on item None,none,MISSING,MISSING,0,NOT_APPLICABLE,NOT_APPLICABLE,no_selection_step,false,false
GPQA-D,No Message,154,A,C,sender None on item None,none,MISSING,MISSING,0,NOT_APPLICABLE,NOT_APPLICABLE,no_selection_step,false,false
GPQA-D,No Message,154,B,C,sender None on item None,none,MISSING,MISSING,0,NOT_APPLICABLE,NOT_APPLICABLE,no_selection_step,false,false
GPQA-D,No Message,154,C,A,sender None on item None,none,MISSING,MISSING,0,NOT_APPLICABLE,NOT_APPLICABLE,no_selection_step,false,false
GPQA-D,No Message,154,C,B,sender None on item None,none,MISSING,MISSING,0,NOT_APPLICABLE,NOT_APPLICABLE,no_selection_step,false,false
GPQA-D,No Message,155,A,B,sender None on item None,none,MISSING,MISSING,0,NOT_APPLICABLE,NOT_APPLICABLE,no_selection_step,false,false
GPQA-D,No Message,155,B,A,sender None on item None,none,MISSING,MISSING,0,NOT_APPLICABLE,NOT_APPLICABLE,no_selection_step,false,false
GPQA-D,No Message,155,B,C,sender None on item None,none,MISSING,MISSING,0,NOT_APPLICABLE,NOT_APPLICABLE,no_selection_step,false,false
GPQA-D,No Message,155,C,B,sender None on item None,none,MISSING,MISSING,0,NOT_APPLICABLE,NOT_APPLICABLE,no_selection_step,false,false
GPQA-D,No Message,160,A,C,sender None on item None,none,MISSING,MISSING,0,NOT_APPLICABLE,NOT_APPLICABLE,no_selection_step,false,false
GPQA-D,No Message,160,B,C,sender None on item None,none,MISSING,MISSING,0,NOT_APPLICABLE,NOT_APPLICABLE,no_selection_step,false,false
GPQA-D,No Message,160,C,A,sender None on item None,none,MISSING,MISSING,0,NOT_APPLICABLE,NOT_APPLICABLE,no_selection_step,false,false
GPQA-D,No Message,160,C,B,sender None on item None,none,MISSING,MISSING,0,NOT_APPLICABLE,NOT_APPLICABLE,no_selection_step,false,false
GPQA-D,No Message,162,A,B,sender None on item None,none,MISSING,MISSING,0,NOT_APPLICABLE,NOT_APPLICABLE,no_selection_step,false,false
GPQA-D,No Message,162,B,A,sender None on item None,none,MISSING,MISSING,0,NOT_APPLICABLE,NOT_APPLICABLE,no_selection_step,false,false
GPQA-D,No Message,162,B,C,sender None on item None,none,MISSING,MISSING,0,NOT_APPLICABLE,NOT_APPLICABLE,no_selection_step,false,false
GPQA-D,No Message,162,C,B,sender None on item None,none,MISSING,MISSING,0,NOT_APPLICABLE,NOT_APPLICABLE,no_selection_step,false,false
GPQA-D,No Message,163,A,B,sender None on item None,none,MISSING,MISSING,0,NOT_APPLICABLE,NOT_APPLICABLE,no_selection_step,false,false
GPQA-D,No Message,163,A,C,sender None on item None,none,MISSING,MISSING,0,NOT_APPLICABLE,NOT_APPLICABLE,no_selection_step,false,false
GPQA-D,No Message,163,B,A,sender None on item None,none,MISSING,MISSING,0,NOT_APPLICABLE,NOT_APPLICABLE,no_selection_step,false,false
GPQA-D,No Message,163,C,A,sender None on item None,none,MISSING,MISSING,0,NOT_APPLICABLE,NOT_APPLICABLE,no_selection_step,false,false
GPQA-D,No Message,171,A,B,sender None on item None,none,MISSING,MISSING,0,NOT_APPLICABLE,NOT_APPLICABLE,no_selection_step,false,false
GPQA-D,No Message,171,A,C,sender None on item None,none,MISSING,MISSING,0,NOT_APPLICABLE,NOT_APPLICABLE,no_selection_step,false,false
GPQA-D,No Message,171,B,A,sender None on item None,none,MISSING,MISSING,0,NOT_APPLICABLE,NOT_APPLICABLE,no_selection_step,false,false
GPQA-D,No Message,171,C,A,sender None on item None,none,MISSING,MISSING,0,NOT_APPLICABLE,NOT_APPLICABLE,no_selection_step,false,false
GPQA-D,No Message,173,A,C,sender None on item None,none,MISSING,MISSING,0,NOT_APPLICABLE,NOT_APPLICABLE,no_selection_step,false,false
GPQA-D,No Message,173,B,C,sender None on item None,none,MISSING,MISSING,0,NOT_APPLICABLE,NOT_APPLICABLE,no_selection_step,false,false
GPQA-D,No Message,173,C,A,sender None on item None,none,MISSING,MISSING,0,NOT_APPLICABLE,NOT_APPLICABLE,no_selection_step,false,false
GPQA-D,No Message,173,C,B,sender None on item None,none,MISSING,MISSING,0,NOT_APPLICABLE,NOT_APPLICABLE,no_selection_step,false,false
GPQA-D,No Message,174,A,C,sender None on item None,none,MISSING,MISSING,0,NOT_APPLICABLE,NOT_APPLICABLE,no_selection_step,false,false
GPQA-D,No Message,174,B,C,sender None on item None,none,MISSING,MISSING,0,NOT_APPLICABLE,NOT_APPLICABLE,no_selection_step,false,false
GPQA-D,No Message,174,C,A,sender None on item None,none,MISSING,MISSING,0,NOT_APPLICABLE,NOT_APPLICABLE,no_selection_step,false,false
GPQA-D,No Message,174,C,B,sender None on item None,none,MISSING,MISSING,0,NOT_APPLICABLE,NOT_APPLICABLE,no_selection_step,false,false
GPQA-D,No Message,185,A,B,sender None on item None,none,MISSING,MISSING,0,NOT_APPLICABLE,NOT_APPLICABLE,no_selection_step,false,false
GPQA-D,No Message,185,B,A,sender None on item None,none,MISSING,MISSING,0,NOT_APPLICABLE,NOT_APPLICABLE,no_selection_step,false,false
GPQA-D,No Message,185,B,C,sender None on item None,none,MISSING,MISSING,0,NOT_APPLICABLE,NOT_APPLICABLE,no_selection_step,false,false
GPQA-D,No Message,185,C,B,sender None on item None,none,MISSING,MISSING,0,NOT_APPLICABLE,NOT_APPLICABLE,no_selection_step,false,false
GPQA-D,No Message,194,A,B,sender None on item None,none,MISSING,MISSING,0,NOT_APPLICABLE,NOT_APPLICABLE,no_selection_step,false,false
GPQA-D,No Message,194,A,C,sender None on item None,none,MISSING,MISSING,0,NOT_APPLICABLE,NOT_APPLICABLE,no_selection_step,false,false
GPQA-D,No Message,194,B,A,sender None on item None,none,MISSING,MISSING,0,NOT_APPLICABLE,NOT_APPLICABLE,no_selection_step,false,false
GPQA-D,No Message,194,C,A,sender None on item None,none,MISSING,MISSING,0,NOT_APPLICABLE,NOT_APPLICABLE,no_selection_step,false,false
GPQA-D,Answer Only,154,C,A,sender C on item 154,answer_only,1,1,1,NOT_APPLICABLE,NOT_APPLICABLE,no_selection_step,false,false
GPQA-D,Answer Only,15,B,C,sender B on item 15,answer_only,1,1,1,NOT_APPLICABLE,NOT_APPLICABLE,no_selection_step,false,false
GPQA-D,Answer Only,162,B,C,sender B on item 162,answer_only,1,1,1,NOT_APPLICABLE,NOT_APPLICABLE,no_selection_step,false,false
GPQA-D,Answer Only,16,C,B,sender C on item 16,answer_only,1,1,1,NOT_APPLICABLE,NOT_APPLICABLE,no_selection_step,false,false
GPQA-D,Answer Only,173,A,C,sender A on item 173,answer_only,1,1,1,NOT_APPLICABLE,NOT_APPLICABLE,no_selection_step,false,false
GPQA-D,Answer Only,22,A,C,sender A on item 22,answer_only,1,1,1,NOT_APPLICABLE,NOT_APPLICABLE,no_selection_step,false,false
GPQA-D,Answer Only,174,C,A,sender C on item 174,answer_only,1,1,1,NOT_APPLICABLE,NOT_APPLICABLE,no_selection_step,false,false
GPQA-D,Answer Only,31,A,C,sender A on item 31,answer_only,1,1,1,NOT_APPLICABLE,NOT_APPLICABLE,no_selection_step,false,false
GPQA-D,Answer Only,194,A,B,sender A on item 194,answer_only,1,1,1,NOT_APPLICABLE,NOT_APPLICABLE,no_selection_step,false,false
GPQA-D,Answer Only,42,C,B,sender C on item 42,answer_only,1,1,1,NOT_APPLICABLE,NOT_APPLICABLE,no_selection_step,false,false
GPQA-D,Answer Only,55,A,C,sender A on item 55,answer_only,1,1,1,NOT_APPLICABLE,NOT_APPLICABLE,no_selection_step,false,false
GPQA-D,Answer Only,56,B,C,sender B on item 56,answer_only,1,1,1,NOT_APPLICABLE,NOT_APPLICABLE,no_selection_step,false,false
GPQA-D,Answer Only,58,C,B,sender C on item 58,answer_only,11,3,11,NOT_APPLICABLE,NOT_APPLICABLE,no_selection_step,true,false
GPQA-D,Answer Only,62,A,C,sender A on item 62,answer_only,1,1,1,NOT_APPLICABLE,NOT_APPLICABLE,no_selection_step,false,false
GPQA-D,Answer Only,63,B,C,sender B on item 63,answer_only,11,3,11,NOT_APPLICABLE,NOT_APPLICABLE,no_selection_step,true,false
GPQA-D,Answer Only,71,B,C,sender B on item 71,answer_only,1,1,1,NOT_APPLICABLE,NOT_APPLICABLE,no_selection_step,false,false
GPQA-D,Answer Only,82,A,C,sender A on item 82,answer_only,1,1,1,NOT_APPLICABLE,NOT_APPLICABLE,no_selection_step,false,false
GPQA-D,Answer Only,93,C,B,sender C on item 93,answer_only,1,1,1,NOT_APPLICABLE,NOT_APPLICABLE,no_selection_step,false,false
GPQA-D,Answer Only,95,A,C,sender A on item 95,answer_only,1,1,1,NOT_APPLICABLE,NOT_APPLICABLE,no_selection_step,false,false
GPQA-D,Answer Only,96,B,C,sender B on item 96,answer_only,1,1,1,NOT_APPLICABLE,NOT_APPLICABLE,no_selection_step,false,false
GPQA-D,Answer Only,99,A,C,sender A on item 99,answer_only,1,1,1,NOT_APPLICABLE,NOT_APPLICABLE,no_selection_step,false,false
GPQA-D,Answer Only,102,C,B,sender C on item 102,answer_only,1,1,1,NOT_APPLICABLE,NOT_APPLICABLE,no_selection_step,false,false
GPQA-D,Answer Only,105,B,C,sender B on item 105,answer_only,1,1,1,NOT_APPLICABLE,NOT_APPLICABLE,no_selection_step,false,false
GPQA-D,Answer Only,114,B,C,sender B on item 114,answer_only,1,1,1,NOT_APPLICABLE,NOT_APPLICABLE,no_selection_step,false,false
GPQA-D,Answer Only,124,C,B,sender C on item 124,answer_only,1,1,1,NOT_APPLICABLE,NOT_APPLICABLE,no_selection_step,false,false
GPQA-D,Answer Only,131,A,C,sender A on item 131,answer_only,1,1,1,NOT_APPLICABLE,NOT_APPLICABLE,no_selection_step,false,false
GPQA-D,Answer Only,139,B,C,sender B on item 139,answer_only,1,1,1,NOT_APPLICABLE,NOT_APPLICABLE,no_selection_step,false,false
GPQA-D,Answer Only,142,A,C,sender A on item 142,answer_only,1,1,1,NOT_APPLICABLE,NOT_APPLICABLE,no_selection_step,false,false
GPQA-D,Answer Only,144,C,B,sender C on item 144,answer_only,1,1,1,NOT_APPLICABLE,NOT_APPLICABLE,no_selection_step,false,false
GPQA-D,Answer Only,160,C,B,sender C on item 160,answer_only,1,1,1,NOT_APPLICABLE,NOT_APPLICABLE,no_selection_step,false,false
GPQA-D,Answer Only,174,A,C,sender A on item 174,answer_only,1,1,1,NOT_APPLICABLE,NOT_APPLICABLE,no_selection_step,false,false
GPQA-D,Answer Only,104,B,A,sender B on item 104,answer_only,1,1,1,NOT_APPLICABLE,NOT_APPLICABLE,no_selection_step,false,false
GPQA-D,Answer Only,108,B,A,sender B on item 108,answer_only,1,1,1,NOT_APPLICABLE,NOT_APPLICABLE,no_selection_step,false,false
GPQA-D,Answer Only,124,A,B,sender A on item 124,answer_only,1,1,1,NOT_APPLICABLE,NOT_APPLICABLE,no_selection_step,false,false
GPQA-D,Answer Only,130,C,B,sender C on item 130,answer_only,1,1,1,NOT_APPLICABLE,NOT_APPLICABLE,no_selection_step,false,false
GPQA-D,Answer Only,140,A,B,sender A on item 140,answer_only,1,1,1,NOT_APPLICABLE,NOT_APPLICABLE,no_selection_step,false,false
GPQA-D,Answer Only,141,B,C,sender B on item 141,answer_only,1,1,1,NOT_APPLICABLE,NOT_APPLICABLE,no_selection_step,false,false
GPQA-D,Answer Only,0,B,A,sender B on item 0,answer_only,1,1,1,NOT_APPLICABLE,NOT_APPLICABLE,no_selection_step,false,false
GPQA-D,Answer Only,7,A,B,sender A on item 7,answer_only,1,1,1,NOT_APPLICABLE,NOT_APPLICABLE,no_selection_step,false,false
GPQA-D,Answer Only,8,B,A,sender B on item 8,answer_only,1,1,1,NOT_APPLICABLE,NOT_APPLICABLE,no_selection_step,false,false
GPQA-D,Answer Only,12,B,A,sender B on item 12,answer_only,1,1,1,NOT_APPLICABLE,NOT_APPLICABLE,no_selection_step,false,false
GPQA-D,Answer Only,16,A,B,sender A on item 16,answer_only,1,1,1,NOT_APPLICABLE,NOT_APPLICABLE,no_selection_step,false,false
GPQA-D,Answer Only,22,C,A,sender C on item 22,answer_only,1,1,1,NOT_APPLICABLE,NOT_APPLICABLE,no_selection_step,false,false
GPQA-D,Answer Only,30,B,A,sender B on item 30,answer_only,1,1,1,NOT_APPLICABLE,NOT_APPLICABLE,no_selection_step,false,false
GPQA-D,Answer Only,31,C,A,sender C on item 31,answer_only,1,1,1,NOT_APPLICABLE,NOT_APPLICABLE,no_selection_step,false,false
GPQA-D,Answer Only,35,B,A,sender B on item 35,answer_only,1,1,1,NOT_APPLICABLE,NOT_APPLICABLE,no_selection_step,false,false
GPQA-D,Answer Only,43,B,A,sender B on item 43,answer_only,1,1,1,NOT_APPLICABLE,NOT_APPLICABLE,no_selection_step,false,false
GPQA-D,Answer Only,55,C,A,sender C on item 55,answer_only,1,1,1,NOT_APPLICABLE,NOT_APPLICABLE,no_selection_step,false,false
GPQA-D,Answer Only,58,A,B,sender A on item 58,answer_only,11,3,11,NOT_APPLICABLE,NOT_APPLICABLE,no_selection_step,true,false
GPQA-D,Answer Only,62,C,A,sender C on item 62,answer_only,1,1,1,NOT_APPLICABLE,NOT_APPLICABLE,no_selection_step,false,false
GPQA-D,Answer Only,65,B,A,sender B on item 65,answer_only,1,1,1,NOT_APPLICABLE,NOT_APPLICABLE,no_selection_step,false,false
GPQA-D,Answer Only,75,A,B,sender A on item 75,answer_only,1,1,1,NOT_APPLICABLE,NOT_APPLICABLE,no_selection_step,false,false
GPQA-D,Answer Only,82,C,A,sender C on item 82,answer_only,1,1,1,NOT_APPLICABLE,NOT_APPLICABLE,no_selection_step,false,false
GPQA-D,Answer Only,93,A,B,sender A on item 93,answer_only,1,1,1,NOT_APPLICABLE,NOT_APPLICABLE,no_selection_step,false,false
GPQA-D,Answer Only,94,B,A,sender B on item 94,answer_only,1,1,1,NOT_APPLICABLE,NOT_APPLICABLE,no_selection_step,false,false
GPQA-D,Answer Only,95,C,A,sender C on item 95,answer_only,1,1,1,NOT_APPLICABLE,NOT_APPLICABLE,no_selection_step,false,false
GPQA-D,Answer Only,102,A,B,sender A on item 102,answer_only,1,1,1,NOT_APPLICABLE,NOT_APPLICABLE,no_selection_step,false,false
GPQA-D,Answer Only,105,A,B,sender A on item 105,answer_only,1,1,1,NOT_APPLICABLE,NOT_APPLICABLE,no_selection_step,false,false
GPQA-D,Answer Only,112,A,B,sender A on item 112,answer_only,1,1,1,NOT_APPLICABLE,NOT_APPLICABLE,no_selection_step,false,false
GPQA-D,Answer Only,119,A,B,sender A on item 119,answer_only,1,1,1,NOT_APPLICABLE,NOT_APPLICABLE,no_selection_step,false,false
GPQA-D,Answer Only,131,B,C,sender B on item 131,answer_only,1,1,1,NOT_APPLICABLE,NOT_APPLICABLE,no_selection_step,false,false
GPQA-D,Answer Only,136,C,B,sender C on item 136,answer_only,1,1,1,NOT_APPLICABLE,NOT_APPLICABLE,no_selection_step,false,false
GPQA-D,Answer Only,144,B,C,sender B on item 144,answer_only,1,1,1,NOT_APPLICABLE,NOT_APPLICABLE,no_selection_step,false,false
GPQA-D,Answer Only,160,B,C,sender B on item 160,answer_only,1,1,1,NOT_APPLICABLE,NOT_APPLICABLE,no_selection_step,false,false
GPQA-D,Answer Only,163,A,B,sender A on item 163,answer_only,1,1,1,NOT_APPLICABLE,NOT_APPLICABLE,no_selection_step,false,false
GPQA-D,Answer Only,171,B,A,sender B on item 171,answer_only,1,1,1,NOT_APPLICABLE,NOT_APPLICABLE,no_selection_step,false,false
GPQA-D,Answer Only,173,C,A,sender C on item 173,answer_only,1,1,1,NOT_APPLICABLE,NOT_APPLICABLE,no_selection_step,false,false
GPQA-D,Answer Only,0,C,B,sender C on item 0,answer_only,1,1,1,NOT_APPLICABLE,NOT_APPLICABLE,no_selection_step,false,false
GPQA-D,Answer Only,6,A,C,sender A on item 6,answer_only,1,1,1,NOT_APPLICABLE,NOT_APPLICABLE,no_selection_step,false,false
GPQA-D,Answer Only,8,C,B,sender C on item 8,answer_only,1,1,1,NOT_APPLICABLE,NOT_APPLICABLE,no_selection_step,false,false
GPQA-D,Answer Only,10,A,C,sender A on item 10,answer_only,1,1,1,NOT_APPLICABLE,NOT_APPLICABLE,no_selection_step,false,false
GPQA-D,Answer Only,12,C,B,sender C on item 12,answer_only,1,1,1,NOT_APPLICABLE,NOT_APPLICABLE,no_selection_step,false,false
GPQA-D,Answer Only,16,B,C,sender B on item 16,answer_only,1,1,1,NOT_APPLICABLE,NOT_APPLICABLE,no_selection_step,false,false
GPQA-D,Answer Only,21,C,B,sender C on item 21,answer_only,11,3,11,NOT_APPLICABLE,NOT_APPLICABLE,no_selection_step,true,false
GPQA-D,Answer Only,30,C,B,sender C on item 30,answer_only,1,1,1,NOT_APPLICABLE,NOT_APPLICABLE,no_selection_step,false,false
GPQA-D,Answer Only,42,B,C,sender B on item 42,answer_only,1,1,1,NOT_APPLICABLE,NOT_APPLICABLE,no_selection_step,false,false
GPQA-D,Answer Only,43,C,B,sender C on item 43,answer_only,1,1,1,NOT_APPLICABLE,NOT_APPLICABLE,no_selection_step,false,false
GPQA-D,Answer Only,58,B,C,sender B on item 58,answer_only,1,1,1,NOT_APPLICABLE,NOT_APPLICABLE,no_selection_step,false,false
GPQA-D,Answer Only,65,C,B,sender C on item 65,answer_only,11,3,11,NOT_APPLICABLE,NOT_APPLICABLE,no_selection_step,true,false
GPQA-D,Answer Only,71,A,C,sender A on item 71,answer_only,1,1,1,NOT_APPLICABLE,NOT_APPLICABLE,no_selection_step,false,false
GPQA-D,Answer Only,91,A,C,sender A on item 91,answer_only,1,1,1,NOT_APPLICABLE,NOT_APPLICABLE,no_selection_step,false,false
GPQA-D,Answer Only,93,B,C,sender B on item 93,answer_only,1,1,1,NOT_APPLICABLE,NOT_APPLICABLE,no_selection_step,false,false
GPQA-D,Answer Only,94,C,B,sender C on item 94,answer_only,1,1,1,NOT_APPLICABLE,NOT_APPLICABLE,no_selection_step,false,false
GPQA-D,Answer Only,102,B,C,sender B on item 102,answer_only,1,1,1,NOT_APPLICABLE,NOT_APPLICABLE,no_selection_step,false,false
GPQA-D,Answer Only,108,C,B,sender C on item 108,answer_only,1,1,1,NOT_APPLICABLE,NOT_APPLICABLE,no_selection_step,false,false
GPQA-D,Answer Only,112,C,B,sender C on item 112,answer_only,1,1,1,NOT_APPLICABLE,NOT_APPLICABLE,no_selection_step,false,false
GPQA-D,Answer Only,114,A,C,sender A on item 114,answer_only,1,1,1,NOT_APPLICABLE,NOT_APPLICABLE,no_selection_step,false,false
GPQA-D,Answer Only,124,B,C,sender B on item 124,answer_only,1,1,1,NOT_APPLICABLE,NOT_APPLICABLE,no_selection_step,false,false
GPQA-D,Answer Only,108,A,B,sender A on item 108,answer_only,1,1,1,NOT_APPLICABLE,NOT_APPLICABLE,no_selection_step,false,false
GPQA-D,Answer Only,112,B,C,sender B on item 112,answer_only,1,1,1,NOT_APPLICABLE,NOT_APPLICABLE,no_selection_step,false,false
GPQA-D,Answer Only,130,B,C,sender B on item 130,answer_only,1,1,1,NOT_APPLICABLE,NOT_APPLICABLE,no_selection_step,false,false
GPQA-D,Answer Only,141,A,C,sender A on item 141,answer_only,1,1,1,NOT_APPLICABLE,NOT_APPLICABLE,no_selection_step,false,false
GPQA-D,Answer Only,142,C,A,sender C on item 142,answer_only,1,1,1,NOT_APPLICABLE,NOT_APPLICABLE,no_selection_step,false,false
GPQA-D,Answer Only,0,B,C,sender B on item 0,answer_only,1,1,1,NOT_APPLICABLE,NOT_APPLICABLE,no_selection_step,false,false
GPQA-D,Answer Only,7,A,C,sender A on item 7,answer_only,1,1,1,NOT_APPLICABLE,NOT_APPLICABLE,no_selection_step,false,false
GPQA-D,Answer Only,8,B,C,sender B on item 8,answer_only,1,1,1,NOT_APPLICABLE,NOT_APPLICABLE,no_selection_step,false,false
GPQA-D,Answer Only,12,B,C,sender B on item 12,answer_only,1,1,1,NOT_APPLICABLE,NOT_APPLICABLE,no_selection_step,false,false
GPQA-D,Answer Only,21,B,C,sender B on item 21,answer_only,1,1,1,NOT_APPLICABLE,NOT_APPLICABLE,no_selection_step,false,false
GPQA-D,Answer Only,30,B,C,sender B on item 30,answer_only,1,1,1,NOT_APPLICABLE,NOT_APPLICABLE,no_selection_step,false,false
GPQA-D,Answer Only,42,A,C,sender A on item 42,answer_only,1,1,1,NOT_APPLICABLE,NOT_APPLICABLE,no_selection_step,false,false
GPQA-D,Answer Only,43,B,C,sender B on item 43,answer_only,1,1,1,NOT_APPLICABLE,NOT_APPLICABLE,no_selection_step,false,false
GPQA-D,Answer Only,44,C,B,sender C on item 44,answer_only,1,1,1,NOT_APPLICABLE,NOT_APPLICABLE,no_selection_step,false,false
GPQA-D,Answer Only,65,B,C,sender B on item 65,answer_only,1,1,1,NOT_APPLICABLE,NOT_APPLICABLE,no_selection_step,false,false
GPQA-D,Answer Only,75,A,C,sender A on item 75,answer_only,1,1,1,NOT_APPLICABLE,NOT_APPLICABLE,no_selection_step,false,false
GPQA-D,Answer Only,94,B,C,sender B on item 94,answer_only,1,1,1,NOT_APPLICABLE,NOT_APPLICABLE,no_selection_step,false,false
GPQA-D,Answer Only,99,C,B,sender C on item 99,answer_only,1,1,1,NOT_APPLICABLE,NOT_APPLICABLE,no_selection_step,false,false
GPQA-D,Answer Only,119,A,C,sender A on item 119,answer_only,1,1,1,NOT_APPLICABLE,NOT_APPLICABLE,no_selection_step,false,false
GPQA-D,Answer Only,131,C,A,sender C on item 131,answer_only,1,1,1,NOT_APPLICABLE,NOT_APPLICABLE,no_selection_step,false,false
GPQA-D,Answer Only,139,A,B,sender A on item 139,answer_only,1,1,1,NOT_APPLICABLE,NOT_APPLICABLE,no_selection_step,false,false
GPQA-D,Answer Only,155,B,A,sender B on item 155,answer_only,1,1,1,NOT_APPLICABLE,NOT_APPLICABLE,no_selection_step,false,false
GPQA-D,Answer Only,160,C,A,sender C on item 160,answer_only,1,1,1,NOT_APPLICABLE,NOT_APPLICABLE,no_selection_step,false,false
GPQA-D,Answer Only,163,A,C,sender A on item 163,answer_only,1,1,1,NOT_APPLICABLE,NOT_APPLICABLE,no_selection_step,false,false
GPQA-D,Answer Only,173,C,B,sender C on item 173,answer_only,1,1,1,NOT_APPLICABLE,NOT_APPLICABLE,no_selection_step,false,false
GPQA-D,Answer Only,185,B,A,sender B on item 185,answer_only,1,1,1,NOT_APPLICABLE,NOT_APPLICABLE,no_selection_step,false,false
GPQA-D,Answer Only,194,C,A,sender C on item 194,answer_only,1,1,1,NOT_APPLICABLE,NOT_APPLICABLE,no_selection_step,false,false
GPQA-D,Answer Only,6,A,B,sender A on item 6,answer_only,1,1,1,NOT_APPLICABLE,NOT_APPLICABLE,no_selection_step,false,false
GPQA-D,Answer Only,7,B,A,sender B on item 7,answer_only,1,1,1,NOT_APPLICABLE,NOT_APPLICABLE,no_selection_step,false,false
GPQA-D,Answer Only,10,A,B,sender A on item 10,answer_only,1,1,1,NOT_APPLICABLE,NOT_APPLICABLE,no_selection_step,false,false
GPQA-D,Answer Only,15,A,B,sender A on item 15,answer_only,1,1,1,NOT_APPLICABLE,NOT_APPLICABLE,no_selection_step,false,false
GPQA-D,Answer Only,16,B,A,sender B on item 16,answer_only,1,1,1,NOT_APPLICABLE,NOT_APPLICABLE,no_selection_step,false,false
GPQA-D,Answer Only,21,C,A,sender C on item 21,answer_only,11,3,11,NOT_APPLICABLE,NOT_APPLICABLE,no_selection_step,true,false
GPQA-D,Answer Only,35,C,A,sender C on item 35,answer_only,1,1,1,NOT_APPLICABLE,NOT_APPLICABLE,no_selection_step,false,false
GPQA-D,Answer Only,56,A,B,sender A on item 56,answer_only,1,1,1,NOT_APPLICABLE,NOT_APPLICABLE,no_selection_step,false,false
GPQA-D,Answer Only,58,B,A,sender B on item 58,answer_only,1,1,1,NOT_APPLICABLE,NOT_APPLICABLE,no_selection_step,false,false
GPQA-D,Answer Only,63,A,B,sender A on item 63,answer_only,1,1,1,NOT_APPLICABLE,NOT_APPLICABLE,no_selection_step,false,false
GPQA-D,Answer Only,75,B,A,sender B on item 75,answer_only,1,1,1,NOT_APPLICABLE,NOT_APPLICABLE,no_selection_step,false,false
GPQA-D,Answer Only,91,A,B,sender A on item 91,answer_only,1,1,1,NOT_APPLICABLE,NOT_APPLICABLE,no_selection_step,false,false
GPQA-D,Answer Only,93,B,A,sender B on item 93,answer_only,1,1,1,NOT_APPLICABLE,NOT_APPLICABLE,no_selection_step,false,false
GPQA-D,Answer Only,96,A,B,sender A on item 96,answer_only,1,1,1,NOT_APPLICABLE,NOT_APPLICABLE,no_selection_step,false,false
GPQA-D,Answer Only,102,B,A,sender B on item 102,answer_only,1,1,1,NOT_APPLICABLE,NOT_APPLICABLE,no_selection_step,false,false
GPQA-D,Answer Only,112,B,A,sender B on item 112,answer_only,1,1,1,NOT_APPLICABLE,NOT_APPLICABLE,no_selection_step,false,false
GPQA-D,Answer Only,119,B,A,sender B on item 119,answer_only,1,1,1,NOT_APPLICABLE,NOT_APPLICABLE,no_selection_step,false,false
GPQA-D,Answer Only,131,C,B,sender C on item 131,answer_only,1,1,1,NOT_APPLICABLE,NOT_APPLICABLE,no_selection_step,false,false
GPQA-D,Answer Only,142,B,C,sender B on item 142,answer_only,1,1,1,NOT_APPLICABLE,NOT_APPLICABLE,no_selection_step,false,false
GPQA-D,Answer Only,154,A,C,sender A on item 154,answer_only,1,1,1,NOT_APPLICABLE,NOT_APPLICABLE,no_selection_step,false,false
GPQA-D,Answer Only,155,B,C,sender B on item 155,answer_only,1,1,1,NOT_APPLICABLE,NOT_APPLICABLE,no_selection_step,false,false
GPQA-D,Answer Only,162,A,B,sender A on item 162,answer_only,11,3,11,NOT_APPLICABLE,NOT_APPLICABLE,no_selection_step,true,false
GPQA-D,Answer Only,163,B,A,sender B on item 163,answer_only,1,1,1,NOT_APPLICABLE,NOT_APPLICABLE,no_selection_step,false,false
GPQA-D,Answer Only,171,C,A,sender C on item 171,answer_only,1,1,1,NOT_APPLICABLE,NOT_APPLICABLE,no_selection_step,false,false
GPQA-D,Answer Only,185,B,C,sender B on item 185,answer_only,1,1,1,NOT_APPLICABLE,NOT_APPLICABLE,no_selection_step,false,false
GPQA-D,Answer Only,0,A,B,sender A on item 0,answer_only,1,1,1,NOT_APPLICABLE,NOT_APPLICABLE,no_selection_step,false,false
GPQA-D,Answer Only,6,C,A,sender C on item 6,answer_only,1,1,1,NOT_APPLICABLE,NOT_APPLICABLE,no_selection_step,false,false
GPQA-D,Answer Only,8,A,B,sender A on item 8,answer_only,1,1,1,NOT_APPLICABLE,NOT_APPLICABLE,no_selection_step,false,false
GPQA-D,Answer Only,10,C,A,sender C on item 10,answer_only,1,1,1,NOT_APPLICABLE,NOT_APPLICABLE,no_selection_step,false,false
GPQA-D,Answer Only,12,A,B,sender A on item 12,answer_only,1,1,1,NOT_APPLICABLE,NOT_APPLICABLE,no_selection_step,false,false
GPQA-D,Answer Only,22,B,A,sender B on item 22,answer_only,1,1,1,NOT_APPLICABLE,NOT_APPLICABLE,no_selection_step,false,false
GPQA-D,Answer Only,30,A,B,sender A on item 30,answer_only,1,1,1,NOT_APPLICABLE,NOT_APPLICABLE,no_selection_step,false,false
GPQA-D,Answer Only,31,B,A,sender B on item 31,answer_only,1,1,1,NOT_APPLICABLE,NOT_APPLICABLE,no_selection_step,false,false
GPQA-D,Answer Only,35,A,B,sender A on item 35,answer_only,1,1,1,NOT_APPLICABLE,NOT_APPLICABLE,no_selection_step,false,false
GPQA-D,Answer Only,43,A,B,sender A on item 43,answer_only,1,1,1,NOT_APPLICABLE,NOT_APPLICABLE,no_selection_step,false,false
GPQA-D,Answer Only,44,B,A,sender B on item 44,answer_only,11,3,11,NOT_APPLICABLE,NOT_APPLICABLE,no_selection_step,true,false
GPQA-D,Answer Only,55,B,A,sender B on item 55,answer_only,1,1,1,NOT_APPLICABLE,NOT_APPLICABLE,no_selection_step,false,false
GPQA-D,Answer Only,62,B,A,sender B on item 62,answer_only,1,1,1,NOT_APPLICABLE,NOT_APPLICABLE,no_selection_step,false,false
GPQA-D,Answer Only,65,A,B,sender A on item 65,answer_only,1,1,1,NOT_APPLICABLE,NOT_APPLICABLE,no_selection_step,false,false
GPQA-D,Answer Only,71,C,A,sender C on item 71,answer_only,1,1,1,NOT_APPLICABLE,NOT_APPLICABLE,no_selection_step,false,false
GPQA-D,Answer Only,82,B,A,sender B on item 82,answer_only,1,1,1,NOT_APPLICABLE,NOT_APPLICABLE,no_selection_step,false,false
GPQA-D,Answer Only,91,C,A,sender C on item 91,answer_only,1,1,1,NOT_APPLICABLE,NOT_APPLICABLE,no_selection_step,false,false
GPQA-D,Answer Only,108,B,C,sender B on item 108,answer_only,1,1,1,NOT_APPLICABLE,NOT_APPLICABLE,no_selection_step,false,false
GPQA-D,Answer Only,136,B,C,sender B on item 136,answer_only,1,1,1,NOT_APPLICABLE,NOT_APPLICABLE,no_selection_step,false,false
GPQA-D,Answer Only,140,A,C,sender A on item 140,answer_only,1,1,1,NOT_APPLICABLE,NOT_APPLICABLE,no_selection_step,false,false
GPQA-D,Answer Only,141,C,A,sender C on item 141,answer_only,1,1,1,NOT_APPLICABLE,NOT_APPLICABLE,no_selection_step,false,false
GPQA-D,Answer Only,144,A,C,sender A on item 144,answer_only,1,1,1,NOT_APPLICABLE,NOT_APPLICABLE,no_selection_step,false,false
GPQA-D,Answer Only,154,C,B,sender C on item 154,answer_only,1,1,1,NOT_APPLICABLE,NOT_APPLICABLE,no_selection_step,false,false
GPQA-D,Answer Only,160,A,C,sender A on item 160,answer_only,1,1,1,NOT_APPLICABLE,NOT_APPLICABLE,no_selection_step,false,false
GPQA-D,Answer Only,171,A,B,sender A on item 171,answer_only,1,1,1,NOT_APPLICABLE,NOT_APPLICABLE,no_selection_step,false,false
GPQA-D,Answer Only,174,C,B,sender C on item 174,answer_only,1,1,1,NOT_APPLICABLE,NOT_APPLICABLE,no_selection_step,false,false
GPQA-D,Answer Only,194,A,C,sender A on item 194,answer_only,1,1,1,NOT_APPLICABLE,NOT_APPLICABLE,no_selection_step,false,false
GPQA-D,Answer Only,174,B,C,sender B on item 174,answer_only,1,1,1,NOT_APPLICABLE,NOT_APPLICABLE,no_selection_step,false,false
GPQA-D,Answer Only,6,B,A,sender B on item 6,answer_only,1,1,1,NOT_APPLICABLE,NOT_APPLICABLE,no_selection_step,false,false
GPQA-D,Answer Only,185,C,B,sender C on item 185,answer_only,1,1,1,NOT_APPLICABLE,NOT_APPLICABLE,no_selection_step,false,false
GPQA-D,Answer Only,7,C,A,sender C on item 7,answer_only,1,1,1,NOT_APPLICABLE,NOT_APPLICABLE,no_selection_step,false,false
GPQA-D,Answer Only,10,B,A,sender B on item 10,answer_only,1,1,1,NOT_APPLICABLE,NOT_APPLICABLE,no_selection_step,false,false
GPQA-D,Answer Only,15,B,A,sender B on item 15,answer_only,1,1,1,NOT_APPLICABLE,NOT_APPLICABLE,no_selection_step,false,false
GPQA-D,Answer Only,22,A,B,sender A on item 22,answer_only,1,1,1,NOT_APPLICABLE,NOT_APPLICABLE,no_selection_step,false,false
GPQA-D,Answer Only,31,A,B,sender A on item 31,answer_only,1,1,1,NOT_APPLICABLE,NOT_APPLICABLE,no_selection_step,false,false
GPQA-D,Answer Only,42,C,A,sender C on item 42,answer_only,1,1,1,NOT_APPLICABLE,NOT_APPLICABLE,no_selection_step,false,false
GPQA-D,Answer Only,44,A,B,sender A on item 44,answer_only,1,1,1,NOT_APPLICABLE,NOT_APPLICABLE,no_selection_step,false,false
GPQA-D,Answer Only,55,A,B,sender A on item 55,answer_only,1,1,1,NOT_APPLICABLE,NOT_APPLICABLE,no_selection_step,false,false
GPQA-D,Answer Only,56,B,A,sender B on item 56,answer_only,1,1,1,NOT_APPLICABLE,NOT_APPLICABLE,no_selection_step,false,false
GPQA-D,Answer Only,62,A,B,sender A on item 62,answer_only,1,1,1,NOT_APPLICABLE,NOT_APPLICABLE,no_selection_step,false,false
GPQA-D,Answer Only,63,B,A,sender B on item 63,answer_only,11,3,11,NOT_APPLICABLE,NOT_APPLICABLE,no_selection_step,true,false
GPQA-D,Answer Only,75,C,A,sender C on item 75,answer_only,1,1,1,NOT_APPLICABLE,NOT_APPLICABLE,no_selection_step,false,false
GPQA-D,Answer Only,82,A,B,sender A on item 82,answer_only,1,1,1,NOT_APPLICABLE,NOT_APPLICABLE,no_selection_step,false,false
GPQA-D,Answer Only,91,B,A,sender B on item 91,answer_only,1,1,1,NOT_APPLICABLE,NOT_APPLICABLE,no_selection_step,false,false
GPQA-D,Answer Only,95,A,B,sender A on item 95,answer_only,1,1,1,NOT_APPLICABLE,NOT_APPLICABLE,no_selection_step,false,false
GPQA-D,Answer Only,96,B,A,sender B on item 96,answer_only,1,1,1,NOT_APPLICABLE,NOT_APPLICABLE,no_selection_step,false,false
GPQA-D,Answer Only,104,A,B,sender A on item 104,answer_only,1,1,1,NOT_APPLICABLE,NOT_APPLICABLE,no_selection_step,false,false
GPQA-D,Answer Only,105,B,A,sender B on item 105,answer_only,1,1,1,NOT_APPLICABLE,NOT_APPLICABLE,no_selection_step,false,false
GPQA-D,Answer Only,119,C,A,sender C on item 119,answer_only,1,1,1,NOT_APPLICABLE,NOT_APPLICABLE,no_selection_step,false,false
GPQA-D,Answer Only,139,B,A,sender B on item 139,answer_only,1,1,1,NOT_APPLICABLE,NOT_APPLICABLE,no_selection_step,false,false
GPQA-D,Answer Only,140,C,A,sender C on item 140,answer_only,1,1,1,NOT_APPLICABLE,NOT_APPLICABLE,no_selection_step,false,false
GPQA-D,Answer Only,144,C,A,sender C on item 144,answer_only,1,1,1,NOT_APPLICABLE,NOT_APPLICABLE,no_selection_step,false,false
GPQA-D,Answer Only,94,A,B,sender A on item 94,answer_only,1,1,1,NOT_APPLICABLE,NOT_APPLICABLE,no_selection_step,false,false
GPQA-D,Answer Only,130,C,A,sender C on item 130,answer_only,1,1,1,NOT_APPLICABLE,NOT_APPLICABLE,no_selection_step,false,false
GPQA-D,Answer Only,136,A,C,sender A on item 136,answer_only,1,1,1,NOT_APPLICABLE,NOT_APPLICABLE,no_selection_step,false,false
GPQA-D,Answer Only,139,C,B,sender C on item 139,answer_only,1,1,1,NOT_APPLICABLE,NOT_APPLICABLE,no_selection_step,false,false
GPQA-D,Answer Only,142,C,B,sender C on item 142,answer_only,1,1,1,NOT_APPLICABLE,NOT_APPLICABLE,no_selection_step,false,false
GPQA-D,Answer Only,154,B,C,sender B on item 154,answer_only,11,3,11,NOT_APPLICABLE,NOT_APPLICABLE,no_selection_step,true,false
GPQA-D,Answer Only,155,C,B,sender C on item 155,answer_only,1,1,1,NOT_APPLICABLE,NOT_APPLICABLE,no_selection_step,false,false
GPQA-D,Answer Only,162,B,A,sender B on item 162,answer_only,1,1,1,NOT_APPLICABLE,NOT_APPLICABLE,no_selection_step,false,false
GPQA-D,Answer Only,163,C,A,sender C on item 163,answer_only,1,1,1,NOT_APPLICABLE,NOT_APPLICABLE,no_selection_step,false,false
GPQA-D,Answer Only,15,C,B,sender C on item 15,answer_only,1,1,1,NOT_APPLICABLE,NOT_APPLICABLE,no_selection_step,false,false
GPQA-D,Answer Only,21,A,C,sender A on item 21,answer_only,1,1,1,NOT_APPLICABLE,NOT_APPLICABLE,no_selection_step,false,false
GPQA-D,Answer Only,35,A,C,sender A on item 35,answer_only,1,1,1,NOT_APPLICABLE,NOT_APPLICABLE,no_selection_step,false,false
GPQA-D,Answer Only,44,B,C,sender B on item 44,answer_only,11,3,11,NOT_APPLICABLE,NOT_APPLICABLE,no_selection_step,true,false
GPQA-D,Answer Only,56,C,B,sender C on item 56,answer_only,1,1,1,NOT_APPLICABLE,NOT_APPLICABLE,no_selection_step,false,false
GPQA-D,Answer Only,63,C,B,sender C on item 63,answer_only,1,1,1,NOT_APPLICABLE,NOT_APPLICABLE,no_selection_step,false,false
GPQA-D,Answer Only,71,C,B,sender C on item 71,answer_only,1,1,1,NOT_APPLICABLE,NOT_APPLICABLE,no_selection_step,false,false
GPQA-D,Answer Only,96,C,B,sender C on item 96,answer_only,1,1,1,NOT_APPLICABLE,NOT_APPLICABLE,no_selection_step,false,false
GPQA-D,Answer Only,99,B,C,sender B on item 99,answer_only,1,1,1,NOT_APPLICABLE,NOT_APPLICABLE,no_selection_step,false,false
GPQA-D,Answer Only,104,B,C,sender B on item 104,answer_only,1,1,1,NOT_APPLICABLE,NOT_APPLICABLE,no_selection_step,false,false
GPQA-D,Answer Only,105,C,B,sender C on item 105,answer_only,1,1,1,NOT_APPLICABLE,NOT_APPLICABLE,no_selection_step,false,false
GPQA-D,Answer Only,114,C,B,sender C on item 114,answer_only,1,1,1,NOT_APPLICABLE,NOT_APPLICABLE,no_selection_step,false,false
GPQA-D,Answer Only,130,A,C,sender A on item 130,answer_only,1,1,1,NOT_APPLICABLE,NOT_APPLICABLE,no_selection_step,false,false
GPQA-D,Answer Only,95,B,A,sender B on item 95,answer_only,1,1,1,NOT_APPLICABLE,NOT_APPLICABLE,no_selection_step,false,false
GPQA-D,Answer Only,99,C,A,sender C on item 99,answer_only,1,1,1,NOT_APPLICABLE,NOT_APPLICABLE,no_selection_step,false,false
GPQA-D,Answer Only,104,C,B,sender C on item 104,answer_only,1,1,1,NOT_APPLICABLE,NOT_APPLICABLE,no_selection_step,false,false
GPQA-D,Answer Only,114,C,A,sender C on item 114,answer_only,1,1,1,NOT_APPLICABLE,NOT_APPLICABLE,no_selection_step,false,false
GPQA-D,Answer Only,124,B,A,sender B on item 124,answer_only,1,1,1,NOT_APPLICABLE,NOT_APPLICABLE,no_selection_step,false,false
GPQA-D,Answer Only,136,C,A,sender C on item 136,answer_only,1,1,1,NOT_APPLICABLE,NOT_APPLICABLE,no_selection_step,false,false
GPQA-D,Answer Only,140,B,A,sender B on item 140,answer_only,1,1,1,NOT_APPLICABLE,NOT_APPLICABLE,no_selection_step,false,false
GPQA-D,Answer Only,141,C,B,sender C on item 141,answer_only,1,1,1,NOT_APPLICABLE,NOT_APPLICABLE,no_selection_step,false,false
GPQA-D,Answer Only,155,A,B,sender A on item 155,answer_only,1,1,1,NOT_APPLICABLE,NOT_APPLICABLE,no_selection_step,false,false
GPQA-D,Answer Only,162,C,B,sender C on item 162,answer_only,11,3,11,NOT_APPLICABLE,NOT_APPLICABLE,no_selection_step,true,false
GPQA-D,Answer Only,171,A,C,sender A on item 171,answer_only,1,1,1,NOT_APPLICABLE,NOT_APPLICABLE,no_selection_step,false,false
GPQA-D,Answer Only,173,B,C,sender B on item 173,answer_only,1,1,1,NOT_APPLICABLE,NOT_APPLICABLE,no_selection_step,false,false
GPQA-D,Answer Only,185,A,B,sender A on item 185,answer_only,1,1,1,NOT_APPLICABLE,NOT_APPLICABLE,no_selection_step,false,false
GPQA-D,Answer Only,194,B,A,sender B on item 194,answer_only,1,1,1,NOT_APPLICABLE,NOT_APPLICABLE,no_selection_step,false,false
GPQA-D,Full Text,0,A,B,sender A on item 0,text,2130,515,2134,NOT_APPLICABLE,NOT_APPLICABLE,no_selection_step,false,false
GPQA-D,Full Text,0,B,A,sender B on item 0,text,2262,610,2284,NOT_APPLICABLE,NOT_APPLICABLE,no_selection_step,false,false
GPQA-D,Full Text,0,B,C,sender B on item 0,text,2262,610,2284,NOT_APPLICABLE,NOT_APPLICABLE,no_selection_step,false,false
GPQA-D,Full Text,0,C,B,sender C on item 0,text,2468,702,2495,NOT_APPLICABLE,NOT_APPLICABLE,no_selection_step,false,false
GPQA-D,Full Text,6,A,B,sender A on item 6,text,1804,589,1821,NOT_APPLICABLE,NOT_APPLICABLE,no_selection_step,false,false
GPQA-D,Full Text,6,A,C,sender A on item 6,text,1804,589,1821,NOT_APPLICABLE,NOT_APPLICABLE,no_selection_step,false,false
GPQA-D,Full Text,6,B,A,sender B on item 6,text,2700,907,2730,NOT_APPLICABLE,NOT_APPLICABLE,no_selection_step,false,false
GPQA-D,Full Text,6,C,A,sender C on item 6,text,2905,1085,2965,NOT_APPLICABLE,NOT_APPLICABLE,no_selection_step,false,false
GPQA-D,Full Text,7,A,B,sender A on item 7,text,2418,770,2418,NOT_APPLICABLE,NOT_APPLICABLE,no_selection_step,false,false
GPQA-D,Full Text,7,A,C,sender A on item 7,text,2418,770,2418,NOT_APPLICABLE,NOT_APPLICABLE,no_selection_step,false,false
GPQA-D,Full Text,7,B,A,sender B on item 7,text,2485,784,2487,NOT_APPLICABLE,NOT_APPLICABLE,no_selection_step,false,false
GPQA-D,Full Text,7,C,A,sender C on item 7,text,1670,519,1670,NOT_APPLICABLE,NOT_APPLICABLE,no_selection_step,false,false
GPQA-D,Full Text,8,A,B,sender A on item 8,text,1681,639,1687,NOT_APPLICABLE,NOT_APPLICABLE,no_selection_step,false,false
GPQA-D,Full Text,8,B,A,sender B on item 8,text,2618,1101,2618,NOT_APPLICABLE,NOT_APPLICABLE,no_selection_step,false,false
GPQA-D,Full Text,8,B,C,sender B on item 8,text,2618,1101,2618,NOT_APPLICABLE,NOT_APPLICABLE,no_selection_step,false,false
GPQA-D,Full Text,8,C,B,sender C on item 8,text,3746,1346,3748,NOT_APPLICABLE,NOT_APPLICABLE,no_selection_step,false,false
GPQA-D,Full Text,10,A,B,sender A on item 10,text,1903,613,1925,NOT_APPLICABLE,NOT_APPLICABLE,no_selection_step,false,false
GPQA-D,Full Text,10,A,C,sender A on item 10,text,1903,613,1925,NOT_APPLICABLE,NOT_APPLICABLE,no_selection_step,false,false
GPQA-D,Full Text,10,B,A,sender B on item 10,text,2322,826,2354,NOT_APPLICABLE,NOT_APPLICABLE,no_selection_step,false,false
GPQA-D,Full Text,10,C,A,sender C on item 10,text,2496,812,2508,NOT_APPLICABLE,NOT_APPLICABLE,no_selection_step,false,false
GPQA-D,Full Text,12,A,B,sender A on item 12,text,2744,683,2754,NOT_APPLICABLE,NOT_APPLICABLE,no_selection_step,false,false
GPQA-D,Full Text,12,B,A,sender B on item 12,text,2607,633,2609,NOT_APPLICABLE,NOT_APPLICABLE,no_selection_step,false,false
GPQA-D,Full Text,12,B,C,sender B on item 12,text,2607,633,2609,NOT_APPLICABLE,NOT_APPLICABLE,no_selection_step,false,false
GPQA-D,Full Text,12,C,B,sender C on item 12,text,3267,848,3273,NOT_APPLICABLE,NOT_APPLICABLE,no_selection_step,false,false
GPQA-D,Full Text,15,A,B,sender A on item 15,text,2160,709,2260,NOT_APPLICABLE,NOT_APPLICABLE,no_selection_step,false,false
GPQA-D,Full Text,15,B,A,sender B on item 15,text,2245,718,2318,NOT_APPLICABLE,NOT_APPLICABLE,no_selection_step,false,false
GPQA-D,Full Text,15,B,C,sender B on item 15,text,2245,718,2318,NOT_APPLICABLE,NOT_APPLICABLE,no_selection_step,false,false
GPQA-D,Full Text,15,C,B,sender C on item 15,text,2186,628,2222,NOT_APPLICABLE,NOT_APPLICABLE,no_selection_step,false,false
GPQA-D,Full Text,16,A,B,sender A on item 16,text,2965,826,2967,NOT_APPLICABLE,NOT_APPLICABLE,no_selection_step,false,false
GPQA-D,Full Text,16,B,A,sender B on item 16,text,3344,939,3350,NOT_APPLICABLE,NOT_APPLICABLE,no_selection_step,false,false
GPQA-D,Full Text,16,B,C,sender B on item 16,text,3344,939,3350,NOT_APPLICABLE,NOT_APPLICABLE,no_selection_step,false,false
GPQA-D,Full Text,16,C,B,sender C on item 16,text,3065,879,3093,NOT_APPLICABLE,NOT_APPLICABLE,no_selection_step,false,false
GPQA-D,Full Text,21,A,C,sender A on item 21,text,1686,647,1724,NOT_APPLICABLE,NOT_APPLICABLE,no_selection_step,false,false
GPQA-D,Full Text,21,B,C,sender B on item 21,text,2281,802,2283,NOT_APPLICABLE,NOT_APPLICABLE,no_selection_step,false,false
GPQA-D,Full Text,21,C,A,sender C on item 21,text,187,49,195,NOT_APPLICABLE,NOT_APPLICABLE,no_selection_step,false,false
GPQA-D,Full Text,21,C,B,sender C on item 21,text,187,49,195,NOT_APPLICABLE,NOT_APPLICABLE,no_selection_step,false,false
GPQA-D,Full Text,22,A,B,sender A on item 22,text,2675,738,2747,NOT_APPLICABLE,NOT_APPLICABLE,no_selection_step,false,false
GPQA-D,Full Text,22,A,C,sender A on item 22,text,2675,738,2747,NOT_APPLICABLE,NOT_APPLICABLE,no_selection_step,false,false
GPQA-D,Full Text,22,B,A,sender B on item 22,text,2970,807,3042,NOT_APPLICABLE,NOT_APPLICABLE,no_selection_step,false,false
GPQA-D,Full Text,22,C,A,sender C on item 22,text,2840,772,2922,NOT_APPLICABLE,NOT_APPLICABLE,no_selection_step,false,false
GPQA-D,Full Text,30,A,B,sender A on item 30,text,1903,733,1944,NOT_APPLICABLE,NOT_APPLICABLE,no_selection_step,false,false
GPQA-D,Full Text,30,B,A,sender B on item 30,text,2566,1061,2607,NOT_APPLICABLE,NOT_APPLICABLE,no_selection_step,false,false
GPQA-D,Full Text,30,B,C,sender B on item 30,text,2566,1061,2607,NOT_APPLICABLE,NOT_APPLICABLE,no_selection_step,false,false
GPQA-D,Full Text,30,C,B,sender C on item 30,text,2121,817,2156,NOT_APPLICABLE,NOT_APPLICABLE,no_selection_step,false,false
GPQA-D,Full Text,31,A,B,sender A on item 31,text,2429,497,2431,NOT_APPLICABLE,NOT_APPLICABLE,no_selection_step,false,false
GPQA-D,Full Text,31,A,C,sender A on item 31,text,2429,497,2431,NOT_APPLICABLE,NOT_APPLICABLE,no_selection_step,false,false
GPQA-D,Full Text,31,B,A,sender B on item 31,text,2344,495,2344,NOT_APPLICABLE,NOT_APPLICABLE,no_selection_step,false,false
GPQA-D,Full Text,31,C,A,sender C on item 31,text,2746,573,2748,NOT_APPLICABLE,NOT_APPLICABLE,no_selection_step,false,false
GPQA-D,Full Text,35,A,B,sender A on item 35,text,2495,682,2495,NOT_APPLICABLE,NOT_APPLICABLE,no_selection_step,false,false
GPQA-D,Full Text,35,A,C,sender A on item 35,text,2495,682,2495,NOT_APPLICABLE,NOT_APPLICABLE,no_selection_step,false,false
GPQA-D,Full Text,35,B,A,sender B on item 35,text,1879,514,1879,NOT_APPLICABLE,NOT_APPLICABLE,no_selection_step,false,false
GPQA-D,Full Text,35,C,A,sender C on item 35,text,1811,577,1811,NOT_APPLICABLE,NOT_APPLICABLE,no_selection_step,false,false
GPQA-D,Full Text,42,A,C,sender A on item 42,text,2644,608,2644,NOT_APPLICABLE,NOT_APPLICABLE,no_selection_step,false,false
GPQA-D,Full Text,42,B,C,sender B on item 42,text,3002,649,3010,NOT_APPLICABLE,NOT_APPLICABLE,no_selection_step,false,false
GPQA-D,Full Text,42,C,A,sender C on item 42,text,3124,669,3124,NOT_APPLICABLE,NOT_APPLICABLE,no_selection_step,false,false
GPQA-D,Full Text,42,C,B,sender C on item 42,text,3124,669,3124,NOT_APPLICABLE,NOT_APPLICABLE,no_selection_step,false,false
GPQA-D,Full Text,43,A,B,sender A on item 43,text,2786,626,2786,NOT_APPLICABLE,NOT_APPLICABLE,no_selection_step,false,false
GPQA-D,Full Text,43,B,A,sender B on item 43,text,2338,479,2338,NOT_APPLICABLE,NOT_APPLICABLE,no_selection_step,false,false
GPQA-D,Full Text,43,B,C,sender B on item 43,text,2338,479,2338,NOT_APPLICABLE,NOT_APPLICABLE,no_selection_step,false,false
GPQA-D,Full Text,43,C,B,sender C on item 43,text,1812,395,1812,NOT_APPLICABLE,NOT_APPLICABLE,no_selection_step,false,false
GPQA-D,Full Text,44,A,B,sender A on item 44,text,2502,696,2502,NOT_APPLICABLE,NOT_APPLICABLE,no_selection_step,false,false
GPQA-D,Full Text,44,B,A,sender B on item 44,text,46238,16383,46383,NOT_APPLICABLE,NOT_APPLICABLE,no_selection_step,false,false
GPQA-D,Full Text,44,B,C,sender B on item 44,text,46238,16383,46383,NOT_APPLICABLE,NOT_APPLICABLE,no_selection_step,false,false
GPQA-D,Full Text,44,C,B,sender C on item 44,text,2123,579,2123,NOT_APPLICABLE,NOT_APPLICABLE,no_selection_step,false,false
GPQA-D,Full Text,55,A,B,sender A on item 55,text,2745,748,2749,NOT_APPLICABLE,NOT_APPLICABLE,no_selection_step,false,false
GPQA-D,Full Text,55,A,C,sender A on item 55,text,2745,748,2749,NOT_APPLICABLE,NOT_APPLICABLE,no_selection_step,false,false
GPQA-D,Full Text,55,B,A,sender B on item 55,text,1498,408,1498,NOT_APPLICABLE,NOT_APPLICABLE,no_selection_step,false,false
GPQA-D,Full Text,55,C,A,sender C on item 55,text,3104,896,3104,NOT_APPLICABLE,NOT_APPLICABLE,no_selection_step,false,false
GPQA-D,Full Text,56,A,B,sender A on item 56,text,3280,1062,3284,NOT_APPLICABLE,NOT_APPLICABLE,no_selection_step,false,false
GPQA-D,Full Text,56,B,A,sender B on item 56,text,3061,925,3069,NOT_APPLICABLE,NOT_APPLICABLE,no_selection_step,false,false
GPQA-D,Full Text,56,B,C,sender B on item 56,text,3061,925,3069,NOT_APPLICABLE,NOT_APPLICABLE,no_selection_step,false,false
GPQA-D,Full Text,56,C,B,sender C on item 56,text,3534,1108,3534,NOT_APPLICABLE,NOT_APPLICABLE,no_selection_step,false,false
GPQA-D,Full Text,58,A,B,sender A on item 58,text,1172,501,1212,NOT_APPLICABLE,NOT_APPLICABLE,no_selection_step,false,false
GPQA-D,Full Text,58,B,A,sender B on item 58,text,3245,1105,3270,NOT_APPLICABLE,NOT_APPLICABLE,no_selection_step,false,false
GPQA-D,Full Text,58,B,C,sender B on item 58,text,3245,1105,3270,NOT_APPLICABLE,NOT_APPLICABLE,no_selection_step,false,false
GPQA-D,Full Text,58,C,B,sender C on item 58,text,52007,16383,52046,NOT_APPLICABLE,NOT_APPLICABLE,no_selection_step,false,false
GPQA-D,Full Text,62,A,B,sender A on item 62,text,2630,565,2632,NOT_APPLICABLE,NOT_APPLICABLE,no_selection_step,false,false
GPQA-D,Full Text,62,A,C,sender A on item 62,text,2630,565,2632,NOT_APPLICABLE,NOT_APPLICABLE,no_selection_step,false,false
GPQA-D,Full Text,62,B,A,sender B on item 62,text,2823,605,2832,NOT_APPLICABLE,NOT_APPLICABLE,no_selection_step,false,false
GPQA-D,Full Text,62,C,A,sender C on item 62,text,2300,486,2308,NOT_APPLICABLE,NOT_APPLICABLE,no_selection_step,false,false
GPQA-D,Full Text,63,A,B,sender A on item 63,text,911,193,911,NOT_APPLICABLE,NOT_APPLICABLE,no_selection_step,false,false
GPQA-D,Full Text,63,B,A,sender B on item 63,text,29683,16382,29683,NOT_APPLICABLE,NOT_APPLICABLE,no_selection_step,false,false
GPQA-D,Full Text,63,B,C,sender B on item 63,text,29683,16382,29683,NOT_APPLICABLE,NOT_APPLICABLE,no_selection_step,false,false
GPQA-D,Full Text,63,C,B,sender C on item 63,text,1863,457,1863,NOT_APPLICABLE,NOT_APPLICABLE,no_selection_step,false,false
GPQA-D,Full Text,65,A,B,sender A on item 65,text,2572,872,2609,NOT_APPLICABLE,NOT_APPLICABLE,no_selection_step,false,false
GPQA-D,Full Text,65,B,A,sender B on item 65,text,2992,1251,3050,NOT_APPLICABLE,NOT_APPLICABLE,no_selection_step,false,false
GPQA-D,Full Text,65,B,C,sender B on item 65,text,2992,1251,3050,NOT_APPLICABLE,NOT_APPLICABLE,no_selection_step,false,false
GPQA-D,Full Text,65,C,B,sender C on item 65,text,42161,16383,42283,NOT_APPLICABLE,NOT_APPLICABLE,no_selection_step,false,false
GPQA-D,Full Text,71,A,C,sender A on item 71,text,1536,352,1536,NOT_APPLICABLE,NOT_APPLICABLE,no_selection_step,false,false
GPQA-D,Full Text,71,B,C,sender B on item 71,text,1998,479,1998,NOT_APPLICABLE,NOT_APPLICABLE,no_selection_step,false,false
GPQA-D,Full Text,71,C,A,sender C on item 71,text,1334,334,1334,NOT_APPLICABLE,NOT_APPLICABLE,no_selection_step,false,false
GPQA-D,Full Text,71,C,B,sender C on item 71,text,1334,334,1334,NOT_APPLICABLE,NOT_APPLICABLE,no_selection_step,false,false
GPQA-D,Full Text,75,A,B,sender A on item 75,text,1478,440,1490,NOT_APPLICABLE,NOT_APPLICABLE,no_selection_step,false,false
GPQA-D,Full Text,75,A,C,sender A on item 75,text,1478,440,1490,NOT_APPLICABLE,NOT_APPLICABLE,no_selection_step,false,false
GPQA-D,Full Text,75,B,A,sender B on item 75,text,1870,542,1884,NOT_APPLICABLE,NOT_APPLICABLE,no_selection_step,false,false
GPQA-D,Full Text,75,C,A,sender C on item 75,text,1989,592,2031,NOT_APPLICABLE,NOT_APPLICABLE,no_selection_step,false,false
GPQA-D,Full Text,82,A,B,sender A on item 82,text,2958,790,2996,NOT_APPLICABLE,NOT_APPLICABLE,no_selection_step,false,false
GPQA-D,Full Text,82,A,C,sender A on item 82,text,2958,790,2996,NOT_APPLICABLE,NOT_APPLICABLE,no_selection_step,false,false
GPQA-D,Full Text,82,B,A,sender B on item 82,text,3447,927,3493,NOT_APPLICABLE,NOT_APPLICABLE,no_selection_step,false,false
GPQA-D,Full Text,82,C,A,sender C on item 82,text,3746,1117,3810,NOT_APPLICABLE,NOT_APPLICABLE,no_selection_step,false,false
GPQA-D,Full Text,91,A,B,sender A on item 91,text,2428,715,2458,NOT_APPLICABLE,NOT_APPLICABLE,no_selection_step,false,false
GPQA-D,Full Text,91,A,C,sender A on item 91,text,2428,715,2458,NOT_APPLICABLE,NOT_APPLICABLE,no_selection_step,false,false
GPQA-D,Full Text,91,B,A,sender B on item 91,text,1921,545,1938,NOT_APPLICABLE,NOT_APPLICABLE,no_selection_step,false,false
GPQA-D,Full Text,91,C,A,sender C on item 91,text,2377,647,2405,NOT_APPLICABLE,NOT_APPLICABLE,no_selection_step,false,false
GPQA-D,Full Text,93,A,B,sender A on item 93,text,2721,823,2743,NOT_APPLICABLE,NOT_APPLICABLE,no_selection_step,false,false
GPQA-D,Full Text,93,B,A,sender B on item 93,text,2866,852,2904,NOT_APPLICABLE,NOT_APPLICABLE,no_selection_step,false,false
GPQA-D,Full Text,93,B,C,sender B on item 93,text,2866,852,2904,NOT_APPLICABLE,NOT_APPLICABLE,no_selection_step,false,false
GPQA-D,Full Text,93,C,B,sender C on item 93,text,1724,528,1746,NOT_APPLICABLE,NOT_APPLICABLE,no_selection_step,false,false
GPQA-D,Full Text,94,A,B,sender A on item 94,text,2433,622,2453,NOT_APPLICABLE,NOT_APPLICABLE,no_selection_step,false,false
GPQA-D,Full Text,94,B,A,sender B on item 94,text,2207,593,2212,NOT_APPLICABLE,NOT_APPLICABLE,no_selection_step,false,false
GPQA-D,Full Text,94,B,C,sender B on item 94,text,2207,593,2212,NOT_APPLICABLE,NOT_APPLICABLE,no_selection_step,false,false
GPQA-D,Full Text,94,C,B,sender C on item 94,text,2140,551,2172,NOT_APPLICABLE,NOT_APPLICABLE,no_selection_step,false,false
GPQA-D,Full Text,95,A,B,sender A on item 95,text,2289,789,2378,NOT_APPLICABLE,NOT_APPLICABLE,no_selection_step,false,false
GPQA-D,Full Text,95,A,C,sender A on item 95,text,2289,789,2378,NOT_APPLICABLE,NOT_APPLICABLE,no_selection_step,false,false
GPQA-D,Full Text,95,B,A,sender B on item 95,text,2417,790,2494,NOT_APPLICABLE,NOT_APPLICABLE,no_selection_step,false,false
GPQA-D,Full Text,95,C,A,sender C on item 95,text,1865,624,1917,NOT_APPLICABLE,NOT_APPLICABLE,no_selection_step,false,false
GPQA-D,Full Text,96,A,B,sender A on item 96,text,2891,819,2909,NOT_APPLICABLE,NOT_APPLICABLE,no_selection_step,false,false
GPQA-D,Full Text,96,B,A,sender B on item 96,text,2480,709,2496,NOT_APPLICABLE,NOT_APPLICABLE,no_selection_step,false,false
GPQA-D,Full Text,96,B,C,sender B on item 96,text,2480,709,2496,NOT_APPLICABLE,NOT_APPLICABLE,no_selection_step,false,false
GPQA-D,Full Text,96,C,B,sender C on item 96,text,2252,596,2268,NOT_APPLICABLE,NOT_APPLICABLE,no_selection_step,false,false
GPQA-D,Full Text,99,A,C,sender A on item 99,text,3089,854,3123,NOT_APPLICABLE,NOT_APPLICABLE,no_selection_step,false,false
GPQA-D,Full Text,99,B,C,sender B on item 99,text,2352,673,2376,NOT_APPLICABLE,NOT_APPLICABLE,no_selection_step,false,false
GPQA-D,Full Text,99,C,A,sender C on item 99,text,1927,555,1949,NOT_APPLICABLE,NOT_APPLICABLE,no_selection_step,false,false
GPQA-D,Full Text,99,C,B,sender C on item 99,text,1927,555,1949,NOT_APPLICABLE,NOT_APPLICABLE,no_selection_step,false,false
GPQA-D,Full Text,102,A,B,sender A on item 102,text,2486,642,2493,NOT_APPLICABLE,NOT_APPLICABLE,no_selection_step,false,false
GPQA-D,Full Text,102,B,A,sender B on item 102,text,2662,662,2667,NOT_APPLICABLE,NOT_APPLICABLE,no_selection_step,false,false
GPQA-D,Full Text,102,B,C,sender B on item 102,text,2662,662,2667,NOT_APPLICABLE,NOT_APPLICABLE,no_selection_step,false,false
GPQA-D,Full Text,102,C,B,sender C on item 102,text,2854,777,2859,NOT_APPLICABLE,NOT_APPLICABLE,no_selection_step,false,false
GPQA-D,Full Text,104,A,B,sender A on item 104,text,3505,1180,3536,NOT_APPLICABLE,NOT_APPLICABLE,no_selection_step,false,false
GPQA-D,Full Text,104,B,A,sender B on item 104,text,2976,992,2998,NOT_APPLICABLE,NOT_APPLICABLE,no_selection_step,false,false
GPQA-D,Full Text,104,B,C,sender B on item 104,text,2976,992,2998,NOT_APPLICABLE,NOT_APPLICABLE,no_selection_step,false,false
GPQA-D,Full Text,104,C,B,sender C on item 104,text,3272,1092,3298,NOT_APPLICABLE,NOT_APPLICABLE,no_selection_step,false,false
GPQA-D,Full Text,105,A,B,sender A on item 105,text,3257,923,3287,NOT_APPLICABLE,NOT_APPLICABLE,no_selection_step,false,false
GPQA-D,Full Text,105,B,A,sender B on item 105,text,3663,971,3719,NOT_APPLICABLE,NOT_APPLICABLE,no_selection_step,false,false
GPQA-D,Full Text,105,B,C,sender B on item 105,text,3663,971,3719,NOT_APPLICABLE,NOT_APPLICABLE,no_selection_step,false,false
GPQA-D,Full Text,105,C,B,sender C on item 105,text,3242,952,3284,NOT_APPLICABLE,NOT_APPLICABLE,no_selection_step,false,false
GPQA-D,Full Text,108,A,B,sender A on item 108,text,2825,740,2858,NOT_APPLICABLE,NOT_APPLICABLE,no_selection_step,false,false
GPQA-D,Full Text,108,B,A,sender B on item 108,text,2586,731,2607,NOT_APPLICABLE,NOT_APPLICABLE,no_selection_step,false,false
GPQA-D,Full Text,108,B,C,sender B on item 108,text,2586,731,2607,NOT_APPLICABLE,NOT_APPLICABLE,no_selection_step,false,false
GPQA-D,Full Text,108,C,B,sender C on item 108,text,2494,731,2503,NOT_APPLICABLE,NOT_APPLICABLE,no_selection_step,false,false
GPQA-D,Full Text,112,A,B,sender A on item 112,text,2925,763,2933,NOT_APPLICABLE,NOT_APPLICABLE,no_selection_step,false,false
GPQA-D,Full Text,112,B,A,sender B on item 112,text,3377,912,3387,NOT_APPLICABLE,NOT_APPLICABLE,no_selection_step,false,false
GPQA-D,Full Text,112,B,C,sender B on item 112,text,3377,912,3387,NOT_APPLICABLE,NOT_APPLICABLE,no_selection_step,false,false
GPQA-D,Full Text,112,C,B,sender C on item 112,text,2063,583,2077,NOT_APPLICABLE,NOT_APPLICABLE,no_selection_step,false,false
GPQA-D,Full Text,114,A,C,sender A on item 114,text,2755,835,2837,NOT_APPLICABLE,NOT_APPLICABLE,no_selection_step,false,false
GPQA-D,Full Text,114,B,C,sender B on item 114,text,2678,730,2718,NOT_APPLICABLE,NOT_APPLICABLE,no_selection_step,false,false
GPQA-D,Full Text,114,C,A,sender C on item 114,text,2520,713,2578,NOT_APPLICABLE,NOT_APPLICABLE,no_selection_step,false,false
GPQA-D,Full Text,114,C,B,sender C on item 114,text,2520,713,2578,NOT_APPLICABLE,NOT_APPLICABLE,no_selection_step,false,false
GPQA-D,Full Text,119,A,B,sender A on item 119,text,1950,554,1972,NOT_APPLICABLE,NOT_APPLICABLE,no_selection_step,false,false
GPQA-D,Full Text,119,A,C,sender A on item 119,text,1950,554,1972,NOT_APPLICABLE,NOT_APPLICABLE,no_selection_step,false,false
GPQA-D,Full Text,119,B,A,sender B on item 119,text,2101,612,2123,NOT_APPLICABLE,NOT_APPLICABLE,no_selection_step,false,false
GPQA-D,Full Text,119,C,A,sender C on item 119,text,2259,649,2281,NOT_APPLICABLE,NOT_APPLICABLE,no_selection_step,false,false
GPQA-D,Full Text,124,A,B,sender A on item 124,text,2672,783,2682,NOT_APPLICABLE,NOT_APPLICABLE,no_selection_step,false,false
GPQA-D,Full Text,124,B,A,sender B on item 124,text,2743,791,2763,NOT_APPLICABLE,NOT_APPLICABLE,no_selection_step,false,false
GPQA-D,Full Text,124,B,C,sender B on item 124,text,2743,791,2763,NOT_APPLICABLE,NOT_APPLICABLE,no_selection_step,false,false
GPQA-D,Full Text,124,C,B,sender C on item 124,text,2646,725,2652,NOT_APPLICABLE,NOT_APPLICABLE,no_selection_step,false,false
GPQA-D,Full Text,130,A,C,sender A on item 130,text,3119,912,3139,NOT_APPLICABLE,NOT_APPLICABLE,no_selection_step,false,false
GPQA-D,Full Text,130,B,C,sender B on item 130,text,3030,917,3066,NOT_APPLICABLE,NOT_APPLICABLE,no_selection_step,false,false
GPQA-D,Full Text,130,C,A,sender C on item 130,text,3174,870,3190,NOT_APPLICABLE,NOT_APPLICABLE,no_selection_step,false,false
GPQA-D,Full Text,130,C,B,sender C on item 130,text,3174,870,3190,NOT_APPLICABLE,NOT_APPLICABLE,no_selection_step,false,false
GPQA-D,Full Text,131,A,C,sender A on item 131,text,3331,856,3341,NOT_APPLICABLE,NOT_APPLICABLE,no_selection_step,false,false
GPQA-D,Full Text,131,B,C,sender B on item 131,text,3089,855,3093,NOT_APPLICABLE,NOT_APPLICABLE,no_selection_step,false,false
GPQA-D,Full Text,131,C,A,sender C on item 131,text,2659,731,2680,NOT_APPLICABLE,NOT_APPLICABLE,no_selection_step,false,false
GPQA-D,Full Text,131,C,B,sender C on item 131,text,2659,731,2680,NOT_APPLICABLE,NOT_APPLICABLE,no_selection_step,false,false
GPQA-D,Full Text,136,A,C,sender A on item 136,text,2891,873,2932,NOT_APPLICABLE,NOT_APPLICABLE,no_selection_step,false,false
GPQA-D,Full Text,136,B,C,sender B on item 136,text,3307,1011,3329,NOT_APPLICABLE,NOT_APPLICABLE,no_selection_step,false,false
GPQA-D,Full Text,136,C,A,sender C on item 136,text,2798,821,2846,NOT_APPLICABLE,NOT_APPLICABLE,no_selection_step,false,false
GPQA-D,Full Text,136,C,B,sender C on item 136,text,2798,821,2846,NOT_APPLICABLE,NOT_APPLICABLE,no_selection_step,false,false
GPQA-D,Full Text,139,A,B,sender A on item 139,text,1948,512,1948,NOT_APPLICABLE,NOT_APPLICABLE,no_selection_step,false,false
GPQA-D,Full Text,139,B,A,sender B on item 139,text,2178,580,2178,NOT_APPLICABLE,NOT_APPLICABLE,no_selection_step,false,false
GPQA-D,Full Text,139,B,C,sender B on item 139,text,2178,580,2178,NOT_APPLICABLE,NOT_APPLICABLE,no_selection_step,false,false
GPQA-D,Full Text,139,C,B,sender C on item 139,text,2596,721,2598,NOT_APPLICABLE,NOT_APPLICABLE,no_selection_step,false,false
GPQA-D,Full Text,140,A,B,sender A on item 140,text,2053,599,2111,NOT_APPLICABLE,NOT_APPLICABLE,no_selection_step,false,false
GPQA-D,Full Text,140,A,C,sender A on item 140,text,2053,599,2111,NOT_APPLICABLE,NOT_APPLICABLE,no_selection_step,false,false
GPQA-D,Full Text,140,B,A,sender B on item 140,text,2759,889,2829,NOT_APPLICABLE,NOT_APPLICABLE,no_selection_step,false,false
GPQA-D,Full Text,140,C,A,sender C on item 140,text,2785,866,2851,NOT_APPLICABLE,NOT_APPLICABLE,no_selection_step,false,false
GPQA-D,Full Text,141,A,C,sender A on item 141,text,1995,576,2019,NOT_APPLICABLE,NOT_APPLICABLE,no_selection_step,false,false
GPQA-D,Full Text,141,B,C,sender B on item 141,text,2717,754,2741,NOT_APPLICABLE,NOT_APPLICABLE,no_selection_step,false,false
GPQA-D,Full Text,141,C,A,sender C on item 141,text,2132,637,2162,NOT_APPLICABLE,NOT_APPLICABLE,no_selection_step,false,false
GPQA-D,Full Text,141,C,B,sender C on item 141,text,2132,637,2162,NOT_APPLICABLE,NOT_APPLICABLE,no_selection_step,false,false
GPQA-D,Full Text,142,A,C,sender A on item 142,text,2055,601,2123,NOT_APPLICABLE,NOT_APPLICABLE,no_selection_step,false,false
GPQA-D,Full Text,142,B,C,sender B on item 142,text,2617,712,2643,NOT_APPLICABLE,NOT_APPLICABLE,no_selection_step,false,false
GPQA-D,Full Text,142,C,A,sender C on item 142,text,2585,697,2613,NOT_APPLICABLE,NOT_APPLICABLE,no_selection_step,false,false
GPQA-D,Full Text,142,C,B,sender C on item 142,text,2585,697,2613,NOT_APPLICABLE,NOT_APPLICABLE,no_selection_step,false,false
GPQA-D,Full Text,144,A,C,sender A on item 144,text,1893,533,1913,NOT_APPLICABLE,NOT_APPLICABLE,no_selection_step,false,false
GPQA-D,Full Text,144,B,C,sender B on item 144,text,1951,531,1953,NOT_APPLICABLE,NOT_APPLICABLE,no_selection_step,false,false
GPQA-D,Full Text,144,C,A,sender C on item 144,text,2375,738,2383,NOT_APPLICABLE,NOT_APPLICABLE,no_selection_step,false,false
GPQA-D,Full Text,144,C,B,sender C on item 144,text,2375,738,2383,NOT_APPLICABLE,NOT_APPLICABLE,no_selection_step,false,false
GPQA-D,Full Text,154,A,C,sender A on item 154,text,2273,929,2273,NOT_APPLICABLE,NOT_APPLICABLE,no_selection_step,false,false
GPQA-D,Full Text,154,B,C,sender B on item 154,text,38941,16383,39502,NOT_APPLICABLE,NOT_APPLICABLE,no_selection_step,false,false
GPQA-D,Full Text,154,C,A,sender C on item 154,text,2312,991,2312,NOT_APPLICABLE,NOT_APPLICABLE,no_selection_step,false,false
GPQA-D,Full Text,154,C,B,sender C on item 154,text,2312,991,2312,NOT_APPLICABLE,NOT_APPLICABLE,no_selection_step,false,false
GPQA-D,Full Text,155,A,B,sender A on item 155,text,1474,495,1476,NOT_APPLICABLE,NOT_APPLICABLE,no_selection_step,false,false
GPQA-D,Full Text,155,B,A,sender B on item 155,text,2097,626,2099,NOT_APPLICABLE,NOT_APPLICABLE,no_selection_step,false,false
GPQA-D,Full Text,155,B,C,sender B on item 155,text,2097,626,2099,NOT_APPLICABLE,NOT_APPLICABLE,no_selection_step,false,false
GPQA-D,Full Text,155,C,B,sender C on item 155,text,1892,655,1892,NOT_APPLICABLE,NOT_APPLICABLE,no_selection_step,false,false
GPQA-D,Full Text,160,A,C,sender A on item 160,text,2663,930,2663,NOT_APPLICABLE,NOT_APPLICABLE,no_selection_step,false,false
GPQA-D,Full Text,160,B,C,sender B on item 160,text,3191,1298,3193,NOT_APPLICABLE,NOT_APPLICABLE,no_selection_step,false,false
GPQA-D,Full Text,160,C,A,sender C on item 160,text,2628,1181,2628,NOT_APPLICABLE,NOT_APPLICABLE,no_selection_step,false,false
GPQA-D,Full Text,160,C,B,sender C on item 160,text,2628,1181,2628,NOT_APPLICABLE,NOT_APPLICABLE,no_selection_step,false,false
GPQA-D,Full Text,162,A,B,sender A on item 162,text,43658,16383,44324,NOT_APPLICABLE,NOT_APPLICABLE,no_selection_step,false,false
GPQA-D,Full Text,162,B,A,sender B on item 162,text,2161,858,2161,NOT_APPLICABLE,NOT_APPLICABLE,no_selection_step,false,false
GPQA-D,Full Text,162,B,C,sender B on item 162,text,2161,858,2161,NOT_APPLICABLE,NOT_APPLICABLE,no_selection_step,false,false
GPQA-D,Full Text,162,C,B,sender C on item 162,text,44737,16383,45316,NOT_APPLICABLE,NOT_APPLICABLE,no_selection_step,false,false
GPQA-D,Full Text,163,A,B,sender A on item 163,text,2820,1017,2826,NOT_APPLICABLE,NOT_APPLICABLE,no_selection_step,false,false
GPQA-D,Full Text,163,A,C,sender A on item 163,text,2820,1017,2826,NOT_APPLICABLE,NOT_APPLICABLE,no_selection_step,false,false
GPQA-D,Full Text,163,B,A,sender B on item 163,text,2408,858,2414,NOT_APPLICABLE,NOT_APPLICABLE,no_selection_step,false,false
GPQA-D,Full Text,163,C,A,sender C on item 163,text,3326,1268,3334,NOT_APPLICABLE,NOT_APPLICABLE,no_selection_step,false,false
GPQA-D,Full Text,171,A,B,sender A on item 171,text,2458,729,2466,NOT_APPLICABLE,NOT_APPLICABLE,no_selection_step,false,false
GPQA-D,Full Text,171,A,C,sender A on item 171,text,2458,729,2466,NOT_APPLICABLE,NOT_APPLICABLE,no_selection_step,false,false
GPQA-D,Full Text,171,B,A,sender B on item 171,text,2738,848,2740,NOT_APPLICABLE,NOT_APPLICABLE,no_selection_step,false,false
GPQA-D,Full Text,171,C,A,sender C on item 171,text,2449,792,2451,NOT_APPLICABLE,NOT_APPLICABLE,no_selection_step,false,false
GPQA-D,Full Text,173,A,C,sender A on item 173,text,2041,851,2041,NOT_APPLICABLE,NOT_APPLICABLE,no_selection_step,false,false
GPQA-D,Full Text,173,B,C,sender B on item 173,text,1992,787,1993,NOT_APPLICABLE,NOT_APPLICABLE,no_selection_step,false,false
GPQA-D,Full Text,173,C,A,sender C on item 173,text,2474,1004,2475,NOT_APPLICABLE,NOT_APPLICABLE,no_selection_step,false,false
GPQA-D,Full Text,173,C,B,sender C on item 173,text,2474,1004,2475,NOT_APPLICABLE,NOT_APPLICABLE,no_selection_step,false,false
GPQA-D,Full Text,174,A,C,sender A on item 174,text,2383,740,2387,NOT_APPLICABLE,NOT_APPLICABLE,no_selection_step,false,false
GPQA-D,Full Text,174,B,C,sender B on item 174,text,2927,1031,2928,NOT_APPLICABLE,NOT_APPLICABLE,no_selection_step,false,false
GPQA-D,Full Text,174,C,A,sender C on item 174,text,2244,700,2248,NOT_APPLICABLE,NOT_APPLICABLE,no_selection_step,false,false
GPQA-D,Full Text,174,C,B,sender C on item 174,text,2244,700,2248,NOT_APPLICABLE,NOT_APPLICABLE,no_selection_step,false,false
GPQA-D,Full Text,185,A,B,sender A on item 185,text,2058,468,2058,NOT_APPLICABLE,NOT_APPLICABLE,no_selection_step,false,false
GPQA-D,Full Text,185,B,A,sender B on item 185,text,2468,555,2472,NOT_APPLICABLE,NOT_APPLICABLE,no_selection_step,false,false
GPQA-D,Full Text,185,B,C,sender B on item 185,text,2468,555,2472,NOT_APPLICABLE,NOT_APPLICABLE,no_selection_step,false,false
GPQA-D,Full Text,185,C,B,sender C on item 185,text,2702,593,2702,NOT_APPLICABLE,NOT_APPLICABLE,no_selection_step,false,false
GPQA-D,Full Text,194,A,B,sender A on item 194,text,1472,420,1472,NOT_APPLICABLE,NOT_APPLICABLE,no_selection_step,false,false
GPQA-D,Full Text,194,A,C,sender A on item 194,text,1472,420,1472,NOT_APPLICABLE,NOT_APPLICABLE,no_selection_step,false,false
GPQA-D,Full Text,194,B,A,sender B on item 194,text,1921,652,1923,NOT_APPLICABLE,NOT_APPLICABLE,no_selection_step,false,false
GPQA-D,Full Text,194,C,A,sender C on item 194,text,1694,597,1695,NOT_APPLICABLE,NOT_APPLICABLE,no_selection_step,false,false
GPQA-D,StateBridge,0,A,B,sender A on item 0,statebridge,MISSING,MISSING,327680,NOT_APPLICABLE,NOT_APPLICABLE,no_selection_step,false,false
GPQA-D,StateBridge,0,B,A,sender B on item 0,statebridge,MISSING,MISSING,327680,NOT_APPLICABLE,NOT_APPLICABLE,no_selection_step,false,false
GPQA-D,StateBridge,0,B,C,sender B on item 0,statebridge,MISSING,MISSING,327680,NOT_APPLICABLE,NOT_APPLICABLE,no_selection_step,false,false
GPQA-D,StateBridge,0,C,B,sender C on item 0,statebridge,MISSING,MISSING,327680,NOT_APPLICABLE,NOT_APPLICABLE,no_selection_step,false,false
GPQA-D,StateBridge,6,A,B,sender A on item 6,statebridge,MISSING,MISSING,327680,NOT_APPLICABLE,NOT_APPLICABLE,no_selection_step,false,false
GPQA-D,StateBridge,6,A,C,sender A on item 6,statebridge,MISSING,MISSING,327680,NOT_APPLICABLE,NOT_APPLICABLE,no_selection_step,false,false
GPQA-D,StateBridge,6,B,A,sender B on item 6,statebridge,MISSING,MISSING,327680,NOT_APPLICABLE,NOT_APPLICABLE,no_selection_step,false,false
GPQA-D,StateBridge,6,C,A,sender C on item 6,statebridge,MISSING,MISSING,327680,NOT_APPLICABLE,NOT_APPLICABLE,no_selection_step,false,false
GPQA-D,StateBridge,7,A,B,sender A on item 7,statebridge,MISSING,MISSING,327680,NOT_APPLICABLE,NOT_APPLICABLE,no_selection_step,false,false
GPQA-D,StateBridge,7,A,C,sender A on item 7,statebridge,MISSING,MISSING,327680,NOT_APPLICABLE,NOT_APPLICABLE,no_selection_step,false,false
GPQA-D,StateBridge,7,B,A,sender B on item 7,statebridge,MISSING,MISSING,327680,NOT_APPLICABLE,NOT_APPLICABLE,no_selection_step,false,false
GPQA-D,StateBridge,7,C,A,sender C on item 7,statebridge,MISSING,MISSING,327680,NOT_APPLICABLE,NOT_APPLICABLE,no_selection_step,false,false
GPQA-D,StateBridge,8,A,B,sender A on item 8,statebridge,MISSING,MISSING,327680,NOT_APPLICABLE,NOT_APPLICABLE,no_selection_step,false,false
GPQA-D,StateBridge,8,B,A,sender B on item 8,statebridge,MISSING,MISSING,327680,NOT_APPLICABLE,NOT_APPLICABLE,no_selection_step,false,false
GPQA-D,StateBridge,8,B,C,sender B on item 8,statebridge,MISSING,MISSING,327680,NOT_APPLICABLE,NOT_APPLICABLE,no_selection_step,false,false
GPQA-D,StateBridge,8,C,B,sender C on item 8,statebridge,MISSING,MISSING,327680,NOT_APPLICABLE,NOT_APPLICABLE,no_selection_step,false,false
GPQA-D,StateBridge,10,A,B,sender A on item 10,statebridge,MISSING,MISSING,327680,NOT_APPLICABLE,NOT_APPLICABLE,no_selection_step,false,false
GPQA-D,StateBridge,10,A,C,sender A on item 10,statebridge,MISSING,MISSING,327680,NOT_APPLICABLE,NOT_APPLICABLE,no_selection_step,false,false
GPQA-D,StateBridge,10,B,A,sender B on item 10,statebridge,MISSING,MISSING,327680,NOT_APPLICABLE,NOT_APPLICABLE,no_selection_step,false,false
GPQA-D,StateBridge,10,C,A,sender C on item 10,statebridge,MISSING,MISSING,327680,NOT_APPLICABLE,NOT_APPLICABLE,no_selection_step,false,false
GPQA-D,StateBridge,12,A,B,sender A on item 12,statebridge,MISSING,MISSING,327680,NOT_APPLICABLE,NOT_APPLICABLE,no_selection_step,false,false
GPQA-D,StateBridge,12,B,A,sender B on item 12,statebridge,MISSING,MISSING,327680,NOT_APPLICABLE,NOT_APPLICABLE,no_selection_step,false,false
GPQA-D,StateBridge,12,B,C,sender B on item 12,statebridge,MISSING,MISSING,327680,NOT_APPLICABLE,NOT_APPLICABLE,no_selection_step,false,false
GPQA-D,StateBridge,12,C,B,sender C on item 12,statebridge,MISSING,MISSING,327680,NOT_APPLICABLE,NOT_APPLICABLE,no_selection_step,false,false
GPQA-D,StateBridge,15,A,B,sender A on item 15,statebridge,MISSING,MISSING,327680,NOT_APPLICABLE,NOT_APPLICABLE,no_selection_step,false,false
GPQA-D,StateBridge,15,B,A,sender B on item 15,statebridge,MISSING,MISSING,327680,NOT_APPLICABLE,NOT_APPLICABLE,no_selection_step,false,false
GPQA-D,StateBridge,15,B,C,sender B on item 15,statebridge,MISSING,MISSING,327680,NOT_APPLICABLE,NOT_APPLICABLE,no_selection_step,false,false
GPQA-D,StateBridge,15,C,B,sender C on item 15,statebridge,MISSING,MISSING,327680,NOT_APPLICABLE,NOT_APPLICABLE,no_selection_step,false,false
GPQA-D,StateBridge,16,A,B,sender A on item 16,statebridge,MISSING,MISSING,327680,NOT_APPLICABLE,NOT_APPLICABLE,no_selection_step,false,false
GPQA-D,StateBridge,16,B,A,sender B on item 16,statebridge,MISSING,MISSING,327680,NOT_APPLICABLE,NOT_APPLICABLE,no_selection_step,false,false
GPQA-D,StateBridge,16,B,C,sender B on item 16,statebridge,MISSING,MISSING,327680,NOT_APPLICABLE,NOT_APPLICABLE,no_selection_step,false,false
GPQA-D,StateBridge,16,C,B,sender C on item 16,statebridge,MISSING,MISSING,327680,NOT_APPLICABLE,NOT_APPLICABLE,no_selection_step,false,false
GPQA-D,StateBridge,21,A,C,sender A on item 21,statebridge,MISSING,MISSING,327680,NOT_APPLICABLE,NOT_APPLICABLE,no_selection_step,false,false
GPQA-D,StateBridge,21,B,C,sender B on item 21,statebridge,MISSING,MISSING,327680,NOT_APPLICABLE,NOT_APPLICABLE,no_selection_step,false,false
GPQA-D,StateBridge,21,C,A,sender C on item 21,statebridge,MISSING,MISSING,256000,NOT_APPLICABLE,NOT_APPLICABLE,no_selection_step,false,false
GPQA-D,StateBridge,21,C,B,sender C on item 21,statebridge,MISSING,MISSING,256000,NOT_APPLICABLE,NOT_APPLICABLE,no_selection_step,false,false
GPQA-D,StateBridge,22,A,B,sender A on item 22,statebridge,MISSING,MISSING,327680,NOT_APPLICABLE,NOT_APPLICABLE,no_selection_step,false,false
GPQA-D,StateBridge,22,A,C,sender A on item 22,statebridge,MISSING,MISSING,327680,NOT_APPLICABLE,NOT_APPLICABLE,no_selection_step,false,false
GPQA-D,StateBridge,22,B,A,sender B on item 22,statebridge,MISSING,MISSING,327680,NOT_APPLICABLE,NOT_APPLICABLE,no_selection_step,false,false
GPQA-D,StateBridge,22,C,A,sender C on item 22,statebridge,MISSING,MISSING,327680,NOT_APPLICABLE,NOT_APPLICABLE,no_selection_step,false,false
GPQA-D,StateBridge,30,A,B,sender A on item 30,statebridge,MISSING,MISSING,327680,NOT_APPLICABLE,NOT_APPLICABLE,no_selection_step,false,false
GPQA-D,StateBridge,30,B,A,sender B on item 30,statebridge,MISSING,MISSING,327680,NOT_APPLICABLE,NOT_APPLICABLE,no_selection_step,false,false
GPQA-D,StateBridge,30,B,C,sender B on item 30,statebridge,MISSING,MISSING,327680,NOT_APPLICABLE,NOT_APPLICABLE,no_selection_step,false,false
GPQA-D,StateBridge,30,C,B,sender C on item 30,statebridge,MISSING,MISSING,327680,NOT_APPLICABLE,NOT_APPLICABLE,no_selection_step,false,false
GPQA-D,StateBridge,31,A,B,sender A on item 31,statebridge,MISSING,MISSING,327680,NOT_APPLICABLE,NOT_APPLICABLE,no_selection_step,false,false
GPQA-D,StateBridge,31,A,C,sender A on item 31,statebridge,MISSING,MISSING,327680,NOT_APPLICABLE,NOT_APPLICABLE,no_selection_step,false,false
GPQA-D,StateBridge,31,B,A,sender B on item 31,statebridge,MISSING,MISSING,327680,NOT_APPLICABLE,NOT_APPLICABLE,no_selection_step,false,false
GPQA-D,StateBridge,31,C,A,sender C on item 31,statebridge,MISSING,MISSING,327680,NOT_APPLICABLE,NOT_APPLICABLE,no_selection_step,false,false
GPQA-D,StateBridge,35,A,B,sender A on item 35,statebridge,MISSING,MISSING,327680,NOT_APPLICABLE,NOT_APPLICABLE,no_selection_step,false,false
GPQA-D,StateBridge,35,A,C,sender A on item 35,statebridge,MISSING,MISSING,327680,NOT_APPLICABLE,NOT_APPLICABLE,no_selection_step,false,false
GPQA-D,StateBridge,35,B,A,sender B on item 35,statebridge,MISSING,MISSING,327680,NOT_APPLICABLE,NOT_APPLICABLE,no_selection_step,false,false
GPQA-D,StateBridge,35,C,A,sender C on item 35,statebridge,MISSING,MISSING,327680,NOT_APPLICABLE,NOT_APPLICABLE,no_selection_step,false,false
GPQA-D,StateBridge,42,A,C,sender A on item 42,statebridge,MISSING,MISSING,327680,NOT_APPLICABLE,NOT_APPLICABLE,no_selection_step,false,false
GPQA-D,StateBridge,42,B,C,sender B on item 42,statebridge,MISSING,MISSING,327680,NOT_APPLICABLE,NOT_APPLICABLE,no_selection_step,false,false
GPQA-D,StateBridge,42,C,A,sender C on item 42,statebridge,MISSING,MISSING,327680,NOT_APPLICABLE,NOT_APPLICABLE,no_selection_step,false,false
GPQA-D,StateBridge,42,C,B,sender C on item 42,statebridge,MISSING,MISSING,327680,NOT_APPLICABLE,NOT_APPLICABLE,no_selection_step,false,false
GPQA-D,StateBridge,43,A,B,sender A on item 43,statebridge,MISSING,MISSING,327680,NOT_APPLICABLE,NOT_APPLICABLE,no_selection_step,false,false
GPQA-D,StateBridge,43,B,A,sender B on item 43,statebridge,MISSING,MISSING,327680,NOT_APPLICABLE,NOT_APPLICABLE,no_selection_step,false,false
GPQA-D,StateBridge,43,B,C,sender B on item 43,statebridge,MISSING,MISSING,327680,NOT_APPLICABLE,NOT_APPLICABLE,no_selection_step,false,false
GPQA-D,StateBridge,43,C,B,sender C on item 43,statebridge,MISSING,MISSING,327680,NOT_APPLICABLE,NOT_APPLICABLE,no_selection_step,false,false
GPQA-D,StateBridge,44,A,B,sender A on item 44,statebridge,MISSING,MISSING,327680,NOT_APPLICABLE,NOT_APPLICABLE,no_selection_step,false,false
GPQA-D,StateBridge,44,B,A,sender B on item 44,statebridge,MISSING,MISSING,327680,NOT_APPLICABLE,NOT_APPLICABLE,no_selection_step,false,false
GPQA-D,StateBridge,44,B,C,sender B on item 44,statebridge,MISSING,MISSING,327680,NOT_APPLICABLE,NOT_APPLICABLE,no_selection_step,false,false
GPQA-D,StateBridge,44,C,B,sender C on item 44,statebridge,MISSING,MISSING,327680,NOT_APPLICABLE,NOT_APPLICABLE,no_selection_step,false,false
GPQA-D,StateBridge,55,A,B,sender A on item 55,statebridge,MISSING,MISSING,327680,NOT_APPLICABLE,NOT_APPLICABLE,no_selection_step,false,false
GPQA-D,StateBridge,55,A,C,sender A on item 55,statebridge,MISSING,MISSING,327680,NOT_APPLICABLE,NOT_APPLICABLE,no_selection_step,false,false
GPQA-D,StateBridge,55,B,A,sender B on item 55,statebridge,MISSING,MISSING,327680,NOT_APPLICABLE,NOT_APPLICABLE,no_selection_step,false,false
GPQA-D,StateBridge,55,C,A,sender C on item 55,statebridge,MISSING,MISSING,327680,NOT_APPLICABLE,NOT_APPLICABLE,no_selection_step,false,false
GPQA-D,StateBridge,56,A,B,sender A on item 56,statebridge,MISSING,MISSING,327680,NOT_APPLICABLE,NOT_APPLICABLE,no_selection_step,false,false
GPQA-D,StateBridge,56,B,A,sender B on item 56,statebridge,MISSING,MISSING,327680,NOT_APPLICABLE,NOT_APPLICABLE,no_selection_step,false,false
GPQA-D,StateBridge,56,B,C,sender B on item 56,statebridge,MISSING,MISSING,327680,NOT_APPLICABLE,NOT_APPLICABLE,no_selection_step,false,false
GPQA-D,StateBridge,56,C,B,sender C on item 56,statebridge,MISSING,MISSING,327680,NOT_APPLICABLE,NOT_APPLICABLE,no_selection_step,false,false
GPQA-D,StateBridge,58,A,B,sender A on item 58,statebridge,MISSING,MISSING,327680,NOT_APPLICABLE,NOT_APPLICABLE,no_selection_step,false,false
GPQA-D,StateBridge,58,B,A,sender B on item 58,statebridge,MISSING,MISSING,327680,NOT_APPLICABLE,NOT_APPLICABLE,no_selection_step,false,false
GPQA-D,StateBridge,58,B,C,sender B on item 58,statebridge,MISSING,MISSING,327680,NOT_APPLICABLE,NOT_APPLICABLE,no_selection_step,false,false
GPQA-D,StateBridge,58,C,B,sender C on item 58,statebridge,MISSING,MISSING,327680,NOT_APPLICABLE,NOT_APPLICABLE,no_selection_step,false,false
GPQA-D,StateBridge,62,A,B,sender A on item 62,statebridge,MISSING,MISSING,327680,NOT_APPLICABLE,NOT_APPLICABLE,no_selection_step,false,false
GPQA-D,StateBridge,62,A,C,sender A on item 62,statebridge,MISSING,MISSING,327680,NOT_APPLICABLE,NOT_APPLICABLE,no_selection_step,false,false
GPQA-D,StateBridge,62,B,A,sender B on item 62,statebridge,MISSING,MISSING,327680,NOT_APPLICABLE,NOT_APPLICABLE,no_selection_step,false,false
GPQA-D,StateBridge,62,C,A,sender C on item 62,statebridge,MISSING,MISSING,327680,NOT_APPLICABLE,NOT_APPLICABLE,no_selection_step,false,false
GPQA-D,StateBridge,63,A,B,sender A on item 63,statebridge,MISSING,MISSING,327680,NOT_APPLICABLE,NOT_APPLICABLE,no_selection_step,false,false
GPQA-D,StateBridge,63,B,A,sender B on item 63,statebridge,MISSING,MISSING,327680,NOT_APPLICABLE,NOT_APPLICABLE,no_selection_step,false,false
GPQA-D,StateBridge,63,B,C,sender B on item 63,statebridge,MISSING,MISSING,327680,NOT_APPLICABLE,NOT_APPLICABLE,no_selection_step,false,false
GPQA-D,StateBridge,63,C,B,sender C on item 63,statebridge,MISSING,MISSING,327680,NOT_APPLICABLE,NOT_APPLICABLE,no_selection_step,false,false
GPQA-D,StateBridge,65,A,B,sender A on item 65,statebridge,MISSING,MISSING,327680,NOT_APPLICABLE,NOT_APPLICABLE,no_selection_step,false,false
GPQA-D,StateBridge,65,B,A,sender B on item 65,statebridge,MISSING,MISSING,327680,NOT_APPLICABLE,NOT_APPLICABLE,no_selection_step,false,false
GPQA-D,StateBridge,65,B,C,sender B on item 65,statebridge,MISSING,MISSING,327680,NOT_APPLICABLE,NOT_APPLICABLE,no_selection_step,false,false
GPQA-D,StateBridge,65,C,B,sender C on item 65,statebridge,MISSING,MISSING,327680,NOT_APPLICABLE,NOT_APPLICABLE,no_selection_step,false,false
GPQA-D,StateBridge,71,A,C,sender A on item 71,statebridge,MISSING,MISSING,327680,NOT_APPLICABLE,NOT_APPLICABLE,no_selection_step,false,false
GPQA-D,StateBridge,71,B,C,sender B on item 71,statebridge,MISSING,MISSING,327680,NOT_APPLICABLE,NOT_APPLICABLE,no_selection_step,false,false
GPQA-D,StateBridge,71,C,A,sender C on item 71,statebridge,MISSING,MISSING,327680,NOT_APPLICABLE,NOT_APPLICABLE,no_selection_step,false,false
GPQA-D,StateBridge,71,C,B,sender C on item 71,statebridge,MISSING,MISSING,327680,NOT_APPLICABLE,NOT_APPLICABLE,no_selection_step,false,false
GPQA-D,StateBridge,75,A,B,sender A on item 75,statebridge,MISSING,MISSING,327680,NOT_APPLICABLE,NOT_APPLICABLE,no_selection_step,false,false
GPQA-D,StateBridge,75,A,C,sender A on item 75,statebridge,MISSING,MISSING,327680,NOT_APPLICABLE,NOT_APPLICABLE,no_selection_step,false,false
GPQA-D,StateBridge,75,B,A,sender B on item 75,statebridge,MISSING,MISSING,327680,NOT_APPLICABLE,NOT_APPLICABLE,no_selection_step,false,false
GPQA-D,StateBridge,75,C,A,sender C on item 75,statebridge,MISSING,MISSING,327680,NOT_APPLICABLE,NOT_APPLICABLE,no_selection_step,false,false
GPQA-D,StateBridge,82,A,B,sender A on item 82,statebridge,MISSING,MISSING,327680,NOT_APPLICABLE,NOT_APPLICABLE,no_selection_step,false,false
GPQA-D,StateBridge,82,A,C,sender A on item 82,statebridge,MISSING,MISSING,327680,NOT_APPLICABLE,NOT_APPLICABLE,no_selection_step,false,false
GPQA-D,StateBridge,82,B,A,sender B on item 82,statebridge,MISSING,MISSING,327680,NOT_APPLICABLE,NOT_APPLICABLE,no_selection_step,false,false
GPQA-D,StateBridge,82,C,A,sender C on item 82,statebridge,MISSING,MISSING,327680,NOT_APPLICABLE,NOT_APPLICABLE,no_selection_step,false,false
GPQA-D,StateBridge,91,A,B,sender A on item 91,statebridge,MISSING,MISSING,327680,NOT_APPLICABLE,NOT_APPLICABLE,no_selection_step,false,false
GPQA-D,StateBridge,91,A,C,sender A on item 91,statebridge,MISSING,MISSING,327680,NOT_APPLICABLE,NOT_APPLICABLE,no_selection_step,false,false
GPQA-D,StateBridge,91,B,A,sender B on item 91,statebridge,MISSING,MISSING,327680,NOT_APPLICABLE,NOT_APPLICABLE,no_selection_step,false,false
GPQA-D,StateBridge,91,C,A,sender C on item 91,statebridge,MISSING,MISSING,327680,NOT_APPLICABLE,NOT_APPLICABLE,no_selection_step,false,false
GPQA-D,StateBridge,93,A,B,sender A on item 93,statebridge,MISSING,MISSING,327680,NOT_APPLICABLE,NOT_APPLICABLE,no_selection_step,false,false
GPQA-D,StateBridge,93,B,A,sender B on item 93,statebridge,MISSING,MISSING,327680,NOT_APPLICABLE,NOT_APPLICABLE,no_selection_step,false,false
GPQA-D,StateBridge,93,B,C,sender B on item 93,statebridge,MISSING,MISSING,327680,NOT_APPLICABLE,NOT_APPLICABLE,no_selection_step,false,false
GPQA-D,StateBridge,93,C,B,sender C on item 93,statebridge,MISSING,MISSING,327680,NOT_APPLICABLE,NOT_APPLICABLE,no_selection_step,false,false
GPQA-D,StateBridge,94,A,B,sender A on item 94,statebridge,MISSING,MISSING,327680,NOT_APPLICABLE,NOT_APPLICABLE,no_selection_step,false,false
GPQA-D,StateBridge,94,B,A,sender B on item 94,statebridge,MISSING,MISSING,327680,NOT_APPLICABLE,NOT_APPLICABLE,no_selection_step,false,false
GPQA-D,StateBridge,94,B,C,sender B on item 94,statebridge,MISSING,MISSING,327680,NOT_APPLICABLE,NOT_APPLICABLE,no_selection_step,false,false
GPQA-D,StateBridge,94,C,B,sender C on item 94,statebridge,MISSING,MISSING,327680,NOT_APPLICABLE,NOT_APPLICABLE,no_selection_step,false,false
GPQA-D,StateBridge,95,A,B,sender A on item 95,statebridge,MISSING,MISSING,327680,NOT_APPLICABLE,NOT_APPLICABLE,no_selection_step,false,false
GPQA-D,StateBridge,95,A,C,sender A on item 95,statebridge,MISSING,MISSING,327680,NOT_APPLICABLE,NOT_APPLICABLE,no_selection_step,false,false
GPQA-D,StateBridge,95,B,A,sender B on item 95,statebridge,MISSING,MISSING,327680,NOT_APPLICABLE,NOT_APPLICABLE,no_selection_step,false,false
GPQA-D,StateBridge,95,C,A,sender C on item 95,statebridge,MISSING,MISSING,327680,NOT_APPLICABLE,NOT_APPLICABLE,no_selection_step,false,false
GPQA-D,StateBridge,96,A,B,sender A on item 96,statebridge,MISSING,MISSING,327680,NOT_APPLICABLE,NOT_APPLICABLE,no_selection_step,false,false
GPQA-D,StateBridge,96,B,A,sender B on item 96,statebridge,MISSING,MISSING,327680,NOT_APPLICABLE,NOT_APPLICABLE,no_selection_step,false,false
GPQA-D,StateBridge,96,B,C,sender B on item 96,statebridge,MISSING,MISSING,327680,NOT_APPLICABLE,NOT_APPLICABLE,no_selection_step,false,false
GPQA-D,StateBridge,96,C,B,sender C on item 96,statebridge,MISSING,MISSING,327680,NOT_APPLICABLE,NOT_APPLICABLE,no_selection_step,false,false
GPQA-D,StateBridge,99,A,C,sender A on item 99,statebridge,MISSING,MISSING,327680,NOT_APPLICABLE,NOT_APPLICABLE,no_selection_step,false,false
GPQA-D,StateBridge,99,B,C,sender B on item 99,statebridge,MISSING,MISSING,327680,NOT_APPLICABLE,NOT_APPLICABLE,no_selection_step,false,false
GPQA-D,StateBridge,99,C,A,sender C on item 99,statebridge,MISSING,MISSING,327680,NOT_APPLICABLE,NOT_APPLICABLE,no_selection_step,false,false
GPQA-D,StateBridge,99,C,B,sender C on item 99,statebridge,MISSING,MISSING,327680,NOT_APPLICABLE,NOT_APPLICABLE,no_selection_step,false,false
GPQA-D,StateBridge,102,A,B,sender A on item 102,statebridge,MISSING,MISSING,327680,NOT_APPLICABLE,NOT_APPLICABLE,no_selection_step,false,false
GPQA-D,StateBridge,102,B,A,sender B on item 102,statebridge,MISSING,MISSING,327680,NOT_APPLICABLE,NOT_APPLICABLE,no_selection_step,false,false
GPQA-D,StateBridge,102,B,C,sender B on item 102,statebridge,MISSING,MISSING,327680,NOT_APPLICABLE,NOT_APPLICABLE,no_selection_step,false,false
GPQA-D,StateBridge,102,C,B,sender C on item 102,statebridge,MISSING,MISSING,327680,NOT_APPLICABLE,NOT_APPLICABLE,no_selection_step,false,false
GPQA-D,StateBridge,104,A,B,sender A on item 104,statebridge,MISSING,MISSING,327680,NOT_APPLICABLE,NOT_APPLICABLE,no_selection_step,false,false
GPQA-D,StateBridge,104,B,A,sender B on item 104,statebridge,MISSING,MISSING,327680,NOT_APPLICABLE,NOT_APPLICABLE,no_selection_step,false,false
GPQA-D,StateBridge,104,B,C,sender B on item 104,statebridge,MISSING,MISSING,327680,NOT_APPLICABLE,NOT_APPLICABLE,no_selection_step,false,false
GPQA-D,StateBridge,104,C,B,sender C on item 104,statebridge,MISSING,MISSING,327680,NOT_APPLICABLE,NOT_APPLICABLE,no_selection_step,false,false
GPQA-D,StateBridge,105,A,B,sender A on item 105,statebridge,MISSING,MISSING,327680,NOT_APPLICABLE,NOT_APPLICABLE,no_selection_step,false,false
GPQA-D,StateBridge,105,B,A,sender B on item 105,statebridge,MISSING,MISSING,327680,NOT_APPLICABLE,NOT_APPLICABLE,no_selection_step,false,false
GPQA-D,StateBridge,105,B,C,sender B on item 105,statebridge,MISSING,MISSING,327680,NOT_APPLICABLE,NOT_APPLICABLE,no_selection_step,false,false
GPQA-D,StateBridge,105,C,B,sender C on item 105,statebridge,MISSING,MISSING,327680,NOT_APPLICABLE,NOT_APPLICABLE,no_selection_step,false,false
GPQA-D,StateBridge,108,A,B,sender A on item 108,statebridge,MISSING,MISSING,327680,NOT_APPLICABLE,NOT_APPLICABLE,no_selection_step,false,false
GPQA-D,StateBridge,108,B,A,sender B on item 108,statebridge,MISSING,MISSING,327680,NOT_APPLICABLE,NOT_APPLICABLE,no_selection_step,false,false
GPQA-D,StateBridge,108,B,C,sender B on item 108,statebridge,MISSING,MISSING,327680,NOT_APPLICABLE,NOT_APPLICABLE,no_selection_step,false,false
GPQA-D,StateBridge,108,C,B,sender C on item 108,statebridge,MISSING,MISSING,327680,NOT_APPLICABLE,NOT_APPLICABLE,no_selection_step,false,false
GPQA-D,StateBridge,112,A,B,sender A on item 112,statebridge,MISSING,MISSING,327680,NOT_APPLICABLE,NOT_APPLICABLE,no_selection_step,false,false
GPQA-D,StateBridge,112,B,A,sender B on item 112,statebridge,MISSING,MISSING,327680,NOT_APPLICABLE,NOT_APPLICABLE,no_selection_step,false,false
GPQA-D,StateBridge,112,B,C,sender B on item 112,statebridge,MISSING,MISSING,327680,NOT_APPLICABLE,NOT_APPLICABLE,no_selection_step,false,false
GPQA-D,StateBridge,112,C,B,sender C on item 112,statebridge,MISSING,MISSING,327680,NOT_APPLICABLE,NOT_APPLICABLE,no_selection_step,false,false
GPQA-D,StateBridge,114,A,C,sender A on item 114,statebridge,MISSING,MISSING,327680,NOT_APPLICABLE,NOT_APPLICABLE,no_selection_step,false,false
GPQA-D,StateBridge,114,B,C,sender B on item 114,statebridge,MISSING,MISSING,327680,NOT_APPLICABLE,NOT_APPLICABLE,no_selection_step,false,false
GPQA-D,StateBridge,114,C,A,sender C on item 114,statebridge,MISSING,MISSING,327680,NOT_APPLICABLE,NOT_APPLICABLE,no_selection_step,false,false
GPQA-D,StateBridge,114,C,B,sender C on item 114,statebridge,MISSING,MISSING,327680,NOT_APPLICABLE,NOT_APPLICABLE,no_selection_step,false,false
GPQA-D,StateBridge,119,A,B,sender A on item 119,statebridge,MISSING,MISSING,327680,NOT_APPLICABLE,NOT_APPLICABLE,no_selection_step,false,false
GPQA-D,StateBridge,119,A,C,sender A on item 119,statebridge,MISSING,MISSING,327680,NOT_APPLICABLE,NOT_APPLICABLE,no_selection_step,false,false
GPQA-D,StateBridge,119,B,A,sender B on item 119,statebridge,MISSING,MISSING,327680,NOT_APPLICABLE,NOT_APPLICABLE,no_selection_step,false,false
GPQA-D,StateBridge,119,C,A,sender C on item 119,statebridge,MISSING,MISSING,327680,NOT_APPLICABLE,NOT_APPLICABLE,no_selection_step,false,false
GPQA-D,StateBridge,124,A,B,sender A on item 124,statebridge,MISSING,MISSING,327680,NOT_APPLICABLE,NOT_APPLICABLE,no_selection_step,false,false
GPQA-D,StateBridge,124,B,A,sender B on item 124,statebridge,MISSING,MISSING,327680,NOT_APPLICABLE,NOT_APPLICABLE,no_selection_step,false,false
GPQA-D,StateBridge,124,B,C,sender B on item 124,statebridge,MISSING,MISSING,327680,NOT_APPLICABLE,NOT_APPLICABLE,no_selection_step,false,false
GPQA-D,StateBridge,124,C,B,sender C on item 124,statebridge,MISSING,MISSING,327680,NOT_APPLICABLE,NOT_APPLICABLE,no_selection_step,false,false
GPQA-D,StateBridge,130,A,C,sender A on item 130,statebridge,MISSING,MISSING,327680,NOT_APPLICABLE,NOT_APPLICABLE,no_selection_step,false,false
GPQA-D,StateBridge,130,B,C,sender B on item 130,statebridge,MISSING,MISSING,327680,NOT_APPLICABLE,NOT_APPLICABLE,no_selection_step,false,false
GPQA-D,StateBridge,130,C,A,sender C on item 130,statebridge,MISSING,MISSING,327680,NOT_APPLICABLE,NOT_APPLICABLE,no_selection_step,false,false
GPQA-D,StateBridge,130,C,B,sender C on item 130,statebridge,MISSING,MISSING,327680,NOT_APPLICABLE,NOT_APPLICABLE,no_selection_step,false,false
GPQA-D,StateBridge,131,A,C,sender A on item 131,statebridge,MISSING,MISSING,327680,NOT_APPLICABLE,NOT_APPLICABLE,no_selection_step,false,false
GPQA-D,StateBridge,131,B,C,sender B on item 131,statebridge,MISSING,MISSING,327680,NOT_APPLICABLE,NOT_APPLICABLE,no_selection_step,false,false
GPQA-D,StateBridge,131,C,A,sender C on item 131,statebridge,MISSING,MISSING,327680,NOT_APPLICABLE,NOT_APPLICABLE,no_selection_step,false,false
GPQA-D,StateBridge,131,C,B,sender C on item 131,statebridge,MISSING,MISSING,327680,NOT_APPLICABLE,NOT_APPLICABLE,no_selection_step,false,false
GPQA-D,StateBridge,136,A,C,sender A on item 136,statebridge,MISSING,MISSING,327680,NOT_APPLICABLE,NOT_APPLICABLE,no_selection_step,false,false
GPQA-D,StateBridge,136,B,C,sender B on item 136,statebridge,MISSING,MISSING,327680,NOT_APPLICABLE,NOT_APPLICABLE,no_selection_step,false,false
GPQA-D,StateBridge,136,C,A,sender C on item 136,statebridge,MISSING,MISSING,327680,NOT_APPLICABLE,NOT_APPLICABLE,no_selection_step,false,false
GPQA-D,StateBridge,136,C,B,sender C on item 136,statebridge,MISSING,MISSING,327680,NOT_APPLICABLE,NOT_APPLICABLE,no_selection_step,false,false
GPQA-D,StateBridge,139,A,B,sender A on item 139,statebridge,MISSING,MISSING,327680,NOT_APPLICABLE,NOT_APPLICABLE,no_selection_step,false,false
GPQA-D,StateBridge,139,B,A,sender B on item 139,statebridge,MISSING,MISSING,327680,NOT_APPLICABLE,NOT_APPLICABLE,no_selection_step,false,false
GPQA-D,StateBridge,139,B,C,sender B on item 139,statebridge,MISSING,MISSING,327680,NOT_APPLICABLE,NOT_APPLICABLE,no_selection_step,false,false
GPQA-D,StateBridge,139,C,B,sender C on item 139,statebridge,MISSING,MISSING,327680,NOT_APPLICABLE,NOT_APPLICABLE,no_selection_step,false,false
GPQA-D,StateBridge,140,A,B,sender A on item 140,statebridge,MISSING,MISSING,327680,NOT_APPLICABLE,NOT_APPLICABLE,no_selection_step,false,false
GPQA-D,StateBridge,140,A,C,sender A on item 140,statebridge,MISSING,MISSING,327680,NOT_APPLICABLE,NOT_APPLICABLE,no_selection_step,false,false
GPQA-D,StateBridge,140,B,A,sender B on item 140,statebridge,MISSING,MISSING,327680,NOT_APPLICABLE,NOT_APPLICABLE,no_selection_step,false,false
GPQA-D,StateBridge,140,C,A,sender C on item 140,statebridge,MISSING,MISSING,327680,NOT_APPLICABLE,NOT_APPLICABLE,no_selection_step,false,false
GPQA-D,StateBridge,141,A,C,sender A on item 141,statebridge,MISSING,MISSING,327680,NOT_APPLICABLE,NOT_APPLICABLE,no_selection_step,false,false
GPQA-D,StateBridge,141,B,C,sender B on item 141,statebridge,MISSING,MISSING,327680,NOT_APPLICABLE,NOT_APPLICABLE,no_selection_step,false,false
GPQA-D,StateBridge,141,C,A,sender C on item 141,statebridge,MISSING,MISSING,327680,NOT_APPLICABLE,NOT_APPLICABLE,no_selection_step,false,false
GPQA-D,StateBridge,141,C,B,sender C on item 141,statebridge,MISSING,MISSING,327680,NOT_APPLICABLE,NOT_APPLICABLE,no_selection_step,false,false
GPQA-D,StateBridge,142,A,C,sender A on item 142,statebridge,MISSING,MISSING,327680,NOT_APPLICABLE,NOT_APPLICABLE,no_selection_step,false,false
GPQA-D,StateBridge,142,B,C,sender B on item 142,statebridge,MISSING,MISSING,327680,NOT_APPLICABLE,NOT_APPLICABLE,no_selection_step,false,false
GPQA-D,StateBridge,142,C,A,sender C on item 142,statebridge,MISSING,MISSING,327680,NOT_APPLICABLE,NOT_APPLICABLE,no_selection_step,false,false
GPQA-D,StateBridge,142,C,B,sender C on item 142,statebridge,MISSING,MISSING,327680,NOT_APPLICABLE,NOT_APPLICABLE,no_selection_step,false,false
GPQA-D,StateBridge,144,A,C,sender A on item 144,statebridge,MISSING,MISSING,327680,NOT_APPLICABLE,NOT_APPLICABLE,no_selection_step,false,false
GPQA-D,StateBridge,144,B,C,sender B on item 144,statebridge,MISSING,MISSING,327680,NOT_APPLICABLE,NOT_APPLICABLE,no_selection_step,false,false
GPQA-D,StateBridge,144,C,A,sender C on item 144,statebridge,MISSING,MISSING,327680,NOT_APPLICABLE,NOT_APPLICABLE,no_selection_step,false,false
GPQA-D,StateBridge,144,C,B,sender C on item 144,statebridge,MISSING,MISSING,327680,NOT_APPLICABLE,NOT_APPLICABLE,no_selection_step,false,false
GPQA-D,StateBridge,154,A,C,sender A on item 154,statebridge,MISSING,MISSING,327680,NOT_APPLICABLE,NOT_APPLICABLE,no_selection_step,false,false
GPQA-D,StateBridge,154,B,C,sender B on item 154,statebridge,MISSING,MISSING,327680,NOT_APPLICABLE,NOT_APPLICABLE,no_selection_step,false,false
GPQA-D,StateBridge,154,C,A,sender C on item 154,statebridge,MISSING,MISSING,327680,NOT_APPLICABLE,NOT_APPLICABLE,no_selection_step,false,false
GPQA-D,StateBridge,154,C,B,sender C on item 154,statebridge,MISSING,MISSING,327680,NOT_APPLICABLE,NOT_APPLICABLE,no_selection_step,false,false
GPQA-D,StateBridge,155,A,B,sender A on item 155,statebridge,MISSING,MISSING,327680,NOT_APPLICABLE,NOT_APPLICABLE,no_selection_step,false,false
GPQA-D,StateBridge,155,B,A,sender B on item 155,statebridge,MISSING,MISSING,327680,NOT_APPLICABLE,NOT_APPLICABLE,no_selection_step,false,false
GPQA-D,StateBridge,155,B,C,sender B on item 155,statebridge,MISSING,MISSING,327680,NOT_APPLICABLE,NOT_APPLICABLE,no_selection_step,false,false
GPQA-D,StateBridge,155,C,B,sender C on item 155,statebridge,MISSING,MISSING,327680,NOT_APPLICABLE,NOT_APPLICABLE,no_selection_step,false,false
GPQA-D,StateBridge,160,A,C,sender A on item 160,statebridge,MISSING,MISSING,327680,NOT_APPLICABLE,NOT_APPLICABLE,no_selection_step,false,false
GPQA-D,StateBridge,160,B,C,sender B on item 160,statebridge,MISSING,MISSING,327680,NOT_APPLICABLE,NOT_APPLICABLE,no_selection_step,false,false
GPQA-D,StateBridge,160,C,A,sender C on item 160,statebridge,MISSING,MISSING,327680,NOT_APPLICABLE,NOT_APPLICABLE,no_selection_step,false,false
GPQA-D,StateBridge,160,C,B,sender C on item 160,statebridge,MISSING,MISSING,327680,NOT_APPLICABLE,NOT_APPLICABLE,no_selection_step,false,false
GPQA-D,StateBridge,162,A,B,sender A on item 162,statebridge,MISSING,MISSING,327680,NOT_APPLICABLE,NOT_APPLICABLE,no_selection_step,false,false
GPQA-D,StateBridge,162,B,A,sender B on item 162,statebridge,MISSING,MISSING,327680,NOT_APPLICABLE,NOT_APPLICABLE,no_selection_step,false,false
GPQA-D,StateBridge,162,B,C,sender B on item 162,statebridge,MISSING,MISSING,327680,NOT_APPLICABLE,NOT_APPLICABLE,no_selection_step,false,false
GPQA-D,StateBridge,162,C,B,sender C on item 162,statebridge,MISSING,MISSING,327680,NOT_APPLICABLE,NOT_APPLICABLE,no_selection_step,false,false
GPQA-D,StateBridge,163,A,B,sender A on item 163,statebridge,MISSING,MISSING,327680,NOT_APPLICABLE,NOT_APPLICABLE,no_selection_step,false,false
GPQA-D,StateBridge,163,A,C,sender A on item 163,statebridge,MISSING,MISSING,327680,NOT_APPLICABLE,NOT_APPLICABLE,no_selection_step,false,false
GPQA-D,StateBridge,163,B,A,sender B on item 163,statebridge,MISSING,MISSING,327680,NOT_APPLICABLE,NOT_APPLICABLE,no_selection_step,false,false
GPQA-D,StateBridge,163,C,A,sender C on item 163,statebridge,MISSING,MISSING,327680,NOT_APPLICABLE,NOT_APPLICABLE,no_selection_step,false,false
GPQA-D,StateBridge,171,A,B,sender A on item 171,statebridge,MISSING,MISSING,327680,NOT_APPLICABLE,NOT_APPLICABLE,no_selection_step,false,false
GPQA-D,StateBridge,171,A,C,sender A on item 171,statebridge,MISSING,MISSING,327680,NOT_APPLICABLE,NOT_APPLICABLE,no_selection_step,false,false
GPQA-D,StateBridge,171,B,A,sender B on item 171,statebridge,MISSING,MISSING,327680,NOT_APPLICABLE,NOT_APPLICABLE,no_selection_step,false,false
GPQA-D,StateBridge,171,C,A,sender C on item 171,statebridge,MISSING,MISSING,327680,NOT_APPLICABLE,NOT_APPLICABLE,no_selection_step,false,false
GPQA-D,StateBridge,173,A,C,sender A on item 173,statebridge,MISSING,MISSING,327680,NOT_APPLICABLE,NOT_APPLICABLE,no_selection_step,false,false
GPQA-D,StateBridge,173,B,C,sender B on item 173,statebridge,MISSING,MISSING,327680,NOT_APPLICABLE,NOT_APPLICABLE,no_selection_step,false,false
GPQA-D,StateBridge,173,C,A,sender C on item 173,statebridge,MISSING,MISSING,327680,NOT_APPLICABLE,NOT_APPLICABLE,no_selection_step,false,false
GPQA-D,StateBridge,173,C,B,sender C on item 173,statebridge,MISSING,MISSING,327680,NOT_APPLICABLE,NOT_APPLICABLE,no_selection_step,false,false
GPQA-D,StateBridge,174,A,C,sender A on item 174,statebridge,MISSING,MISSING,327680,NOT_APPLICABLE,NOT_APPLICABLE,no_selection_step,false,false
GPQA-D,StateBridge,174,B,C,sender B on item 174,statebridge,MISSING,MISSING,327680,NOT_APPLICABLE,NOT_APPLICABLE,no_selection_step,false,false
GPQA-D,StateBridge,174,C,A,sender C on item 174,statebridge,MISSING,MISSING,327680,NOT_APPLICABLE,NOT_APPLICABLE,no_selection_step,false,false
GPQA-D,StateBridge,174,C,B,sender C on item 174,statebridge,MISSING,MISSING,327680,NOT_APPLICABLE,NOT_APPLICABLE,no_selection_step,false,false
GPQA-D,StateBridge,185,A,B,sender A on item 185,statebridge,MISSING,MISSING,327680,NOT_APPLICABLE,NOT_APPLICABLE,no_selection_step,false,false
GPQA-D,StateBridge,185,B,A,sender B on item 185,statebridge,MISSING,MISSING,327680,NOT_APPLICABLE,NOT_APPLICABLE,no_selection_step,false,false
GPQA-D,StateBridge,185,B,C,sender B on item 185,statebridge,MISSING,MISSING,327680,NOT_APPLICABLE,NOT_APPLICABLE,no_selection_step,false,false
GPQA-D,StateBridge,185,C,B,sender C on item 185,statebridge,MISSING,MISSING,327680,NOT_APPLICABLE,NOT_APPLICABLE,no_selection_step,false,false
GPQA-D,StateBridge,194,A,B,sender A on item 194,statebridge,MISSING,MISSING,327680,NOT_APPLICABLE,NOT_APPLICABLE,no_selection_step,false,false
GPQA-D,StateBridge,194,A,C,sender A on item 194,statebridge,MISSING,MISSING,327680,NOT_APPLICABLE,NOT_APPLICABLE,no_selection_step,false,false
GPQA-D,StateBridge,194,B,A,sender B on item 194,statebridge,MISSING,MISSING,327680,NOT_APPLICABLE,NOT_APPLICABLE,no_selection_step,false,false
GPQA-D,StateBridge,194,C,A,sender C on item 194,statebridge,MISSING,MISSING,327680,NOT_APPLICABLE,NOT_APPLICABLE,no_selection_step,false,false
GPQA-D,LatentMAS,0,A,B,sender A on item 0,latentmas,MISSING,MISSING,,NOT_APPLICABLE,NOT_APPLICABLE,no_selection_step,false,false
GPQA-D,LatentMAS,0,B,A,sender B on item 0,latentmas,MISSING,MISSING,,NOT_APPLICABLE,NOT_APPLICABLE,no_selection_step,false,false
GPQA-D,LatentMAS,0,B,C,sender B on item 0,latentmas,MISSING,MISSING,,NOT_APPLICABLE,NOT_APPLICABLE,no_selection_step,false,false
GPQA-D,LatentMAS,0,C,B,sender C on item 0,latentmas,MISSING,MISSING,,NOT_APPLICABLE,NOT_APPLICABLE,no_selection_step,false,false
GPQA-D,LatentMAS,6,A,B,sender A on item 6,latentmas,MISSING,MISSING,,NOT_APPLICABLE,NOT_APPLICABLE,no_selection_step,false,false
GPQA-D,LatentMAS,6,A,C,sender A on item 6,latentmas,MISSING,MISSING,,NOT_APPLICABLE,NOT_APPLICABLE,no_selection_step,false,false
GPQA-D,LatentMAS,6,B,A,sender B on item 6,latentmas,MISSING,MISSING,,NOT_APPLICABLE,NOT_APPLICABLE,no_selection_step,false,false
GPQA-D,LatentMAS,6,C,A,sender C on item 6,latentmas,MISSING,MISSING,,NOT_APPLICABLE,NOT_APPLICABLE,no_selection_step,false,false
GPQA-D,LatentMAS,7,A,B,sender A on item 7,latentmas,MISSING,MISSING,,NOT_APPLICABLE,NOT_APPLICABLE,no_selection_step,false,false
GPQA-D,LatentMAS,7,A,C,sender A on item 7,latentmas,MISSING,MISSING,,NOT_APPLICABLE,NOT_APPLICABLE,no_selection_step,false,false
GPQA-D,LatentMAS,7,B,A,sender B on item 7,latentmas,MISSING,MISSING,,NOT_APPLICABLE,NOT_APPLICABLE,no_selection_step,false,false
GPQA-D,LatentMAS,7,C,A,sender C on item 7,latentmas,MISSING,MISSING,,NOT_APPLICABLE,NOT_APPLICABLE,no_selection_step,false,false
GPQA-D,LatentMAS,8,A,B,sender A on item 8,latentmas,MISSING,MISSING,,NOT_APPLICABLE,NOT_APPLICABLE,no_selection_step,false,false
GPQA-D,LatentMAS,8,B,A,sender B on item 8,latentmas,MISSING,MISSING,,NOT_APPLICABLE,NOT_APPLICABLE,no_selection_step,false,false
GPQA-D,LatentMAS,8,B,C,sender B on item 8,latentmas,MISSING,MISSING,,NOT_APPLICABLE,NOT_APPLICABLE,no_selection_step,false,false
GPQA-D,LatentMAS,8,C,B,sender C on item 8,latentmas,MISSING,MISSING,,NOT_APPLICABLE,NOT_APPLICABLE,no_selection_step,false,false
GPQA-D,LatentMAS,10,A,B,sender A on item 10,latentmas,MISSING,MISSING,,NOT_APPLICABLE,NOT_APPLICABLE,no_selection_step,false,false
GPQA-D,LatentMAS,10,A,C,sender A on item 10,latentmas,MISSING,MISSING,,NOT_APPLICABLE,NOT_APPLICABLE,no_selection_step,false,false
GPQA-D,LatentMAS,10,B,A,sender B on item 10,latentmas,MISSING,MISSING,,NOT_APPLICABLE,NOT_APPLICABLE,no_selection_step,false,false
GPQA-D,LatentMAS,10,C,A,sender C on item 10,latentmas,MISSING,MISSING,,NOT_APPLICABLE,NOT_APPLICABLE,no_selection_step,false,false
GPQA-D,LatentMAS,12,A,B,sender A on item 12,latentmas,MISSING,MISSING,,NOT_APPLICABLE,NOT_APPLICABLE,no_selection_step,false,false
GPQA-D,LatentMAS,12,B,A,sender B on item 12,latentmas,MISSING,MISSING,,NOT_APPLICABLE,NOT_APPLICABLE,no_selection_step,false,false
GPQA-D,LatentMAS,12,B,C,sender B on item 12,latentmas,MISSING,MISSING,,NOT_APPLICABLE,NOT_APPLICABLE,no_selection_step,false,false
GPQA-D,LatentMAS,12,C,B,sender C on item 12,latentmas,MISSING,MISSING,,NOT_APPLICABLE,NOT_APPLICABLE,no_selection_step,false,false
GPQA-D,LatentMAS,15,A,B,sender A on item 15,latentmas,MISSING,MISSING,,NOT_APPLICABLE,NOT_APPLICABLE,no_selection_step,false,false
GPQA-D,LatentMAS,15,B,A,sender B on item 15,latentmas,MISSING,MISSING,,NOT_APPLICABLE,NOT_APPLICABLE,no_selection_step,false,false
GPQA-D,LatentMAS,15,B,C,sender B on item 15,latentmas,MISSING,MISSING,,NOT_APPLICABLE,NOT_APPLICABLE,no_selection_step,false,false
GPQA-D,LatentMAS,15,C,B,sender C on item 15,latentmas,MISSING,MISSING,,NOT_APPLICABLE,NOT_APPLICABLE,no_selection_step,false,false
GPQA-D,LatentMAS,16,A,B,sender A on item 16,latentmas,MISSING,MISSING,,NOT_APPLICABLE,NOT_APPLICABLE,no_selection_step,false,false
GPQA-D,LatentMAS,16,B,A,sender B on item 16,latentmas,MISSING,MISSING,,NOT_APPLICABLE,NOT_APPLICABLE,no_selection_step,false,false
GPQA-D,LatentMAS,16,B,C,sender B on item 16,latentmas,MISSING,MISSING,,NOT_APPLICABLE,NOT_APPLICABLE,no_selection_step,false,false
GPQA-D,LatentMAS,16,C,B,sender C on item 16,latentmas,MISSING,MISSING,,NOT_APPLICABLE,NOT_APPLICABLE,no_selection_step,false,false
GPQA-D,LatentMAS,21,A,C,sender A on item 21,latentmas,MISSING,MISSING,,NOT_APPLICABLE,NOT_APPLICABLE,no_selection_step,false,false
GPQA-D,LatentMAS,21,B,C,sender B on item 21,latentmas,MISSING,MISSING,,NOT_APPLICABLE,NOT_APPLICABLE,no_selection_step,false,false
GPQA-D,LatentMAS,21,C,A,sender C on item 21,latentmas,MISSING,MISSING,,NOT_APPLICABLE,NOT_APPLICABLE,no_selection_step,false,false
GPQA-D,LatentMAS,21,C,B,sender C on item 21,latentmas,MISSING,MISSING,,NOT_APPLICABLE,NOT_APPLICABLE,no_selection_step,false,false
GPQA-D,LatentMAS,22,A,B,sender A on item 22,latentmas,MISSING,MISSING,,NOT_APPLICABLE,NOT_APPLICABLE,no_selection_step,false,false
GPQA-D,LatentMAS,22,A,C,sender A on item 22,latentmas,MISSING,MISSING,,NOT_APPLICABLE,NOT_APPLICABLE,no_selection_step,false,false
GPQA-D,LatentMAS,22,B,A,sender B on item 22,latentmas,MISSING,MISSING,,NOT_APPLICABLE,NOT_APPLICABLE,no_selection_step,false,false
GPQA-D,LatentMAS,22,C,A,sender C on item 22,latentmas,MISSING,MISSING,,NOT_APPLICABLE,NOT_APPLICABLE,no_selection_step,false,false
GPQA-D,LatentMAS,30,A,B,sender A on item 30,latentmas,MISSING,MISSING,,NOT_APPLICABLE,NOT_APPLICABLE,no_selection_step,false,false
GPQA-D,LatentMAS,30,B,A,sender B on item 30,latentmas,MISSING,MISSING,,NOT_APPLICABLE,NOT_APPLICABLE,no_selection_step,false,false
GPQA-D,LatentMAS,30,B,C,sender B on item 30,latentmas,MISSING,MISSING,,NOT_APPLICABLE,NOT_APPLICABLE,no_selection_step,false,false
GPQA-D,LatentMAS,30,C,B,sender C on item 30,latentmas,MISSING,MISSING,,NOT_APPLICABLE,NOT_APPLICABLE,no_selection_step,false,false
GPQA-D,LatentMAS,31,A,B,sender A on item 31,latentmas,MISSING,MISSING,,NOT_APPLICABLE,NOT_APPLICABLE,no_selection_step,false,false
GPQA-D,LatentMAS,31,A,C,sender A on item 31,latentmas,MISSING,MISSING,,NOT_APPLICABLE,NOT_APPLICABLE,no_selection_step,false,false
GPQA-D,LatentMAS,31,B,A,sender B on item 31,latentmas,MISSING,MISSING,,NOT_APPLICABLE,NOT_APPLICABLE,no_selection_step,false,false
GPQA-D,LatentMAS,31,C,A,sender C on item 31,latentmas,MISSING,MISSING,,NOT_APPLICABLE,NOT_APPLICABLE,no_selection_step,false,false
GPQA-D,LatentMAS,35,A,B,sender A on item 35,latentmas,MISSING,MISSING,,NOT_APPLICABLE,NOT_APPLICABLE,no_selection_step,false,false
GPQA-D,LatentMAS,35,A,C,sender A on item 35,latentmas,MISSING,MISSING,,NOT_APPLICABLE,NOT_APPLICABLE,no_selection_step,false,false
GPQA-D,LatentMAS,35,B,A,sender B on item 35,latentmas,MISSING,MISSING,,NOT_APPLICABLE,NOT_APPLICABLE,no_selection_step,false,false
GPQA-D,LatentMAS,35,C,A,sender C on item 35,latentmas,MISSING,MISSING,,NOT_APPLICABLE,NOT_APPLICABLE,no_selection_step,false,false
GPQA-D,LatentMAS,42,A,C,sender A on item 42,latentmas,MISSING,MISSING,,NOT_APPLICABLE,NOT_APPLICABLE,no_selection_step,false,false
GPQA-D,LatentMAS,42,B,C,sender B on item 42,latentmas,MISSING,MISSING,,NOT_APPLICABLE,NOT_APPLICABLE,no_selection_step,false,false
GPQA-D,LatentMAS,42,C,A,sender C on item 42,latentmas,MISSING,MISSING,,NOT_APPLICABLE,NOT_APPLICABLE,no_selection_step,false,false
GPQA-D,LatentMAS,42,C,B,sender C on item 42,latentmas,MISSING,MISSING,,NOT_APPLICABLE,NOT_APPLICABLE,no_selection_step,false,false
GPQA-D,LatentMAS,43,A,B,sender A on item 43,latentmas,MISSING,MISSING,,NOT_APPLICABLE,NOT_APPLICABLE,no_selection_step,false,false
GPQA-D,LatentMAS,43,B,A,sender B on item 43,latentmas,MISSING,MISSING,,NOT_APPLICABLE,NOT_APPLICABLE,no_selection_step,false,false
GPQA-D,LatentMAS,43,B,C,sender B on item 43,latentmas,MISSING,MISSING,,NOT_APPLICABLE,NOT_APPLICABLE,no_selection_step,false,false
GPQA-D,LatentMAS,43,C,B,sender C on item 43,latentmas,MISSING,MISSING,,NOT_APPLICABLE,NOT_APPLICABLE,no_selection_step,false,false
GPQA-D,LatentMAS,44,A,B,sender A on item 44,latentmas,MISSING,MISSING,,NOT_APPLICABLE,NOT_APPLICABLE,no_selection_step,false,false
GPQA-D,LatentMAS,44,B,A,sender B on item 44,latentmas,MISSING,MISSING,,NOT_APPLICABLE,NOT_APPLICABLE,no_selection_step,false,false
GPQA-D,LatentMAS,44,B,C,sender B on item 44,latentmas,MISSING,MISSING,,NOT_APPLICABLE,NOT_APPLICABLE,no_selection_step,false,false
GPQA-D,LatentMAS,44,C,B,sender C on item 44,latentmas,MISSING,MISSING,,NOT_APPLICABLE,NOT_APPLICABLE,no_selection_step,false,false
GPQA-D,LatentMAS,55,A,B,sender A on item 55,latentmas,MISSING,MISSING,,NOT_APPLICABLE,NOT_APPLICABLE,no_selection_step,false,false
GPQA-D,LatentMAS,55,A,C,sender A on item 55,latentmas,MISSING,MISSING,,NOT_APPLICABLE,NOT_APPLICABLE,no_selection_step,false,false
GPQA-D,LatentMAS,55,B,A,sender B on item 55,latentmas,MISSING,MISSING,,NOT_APPLICABLE,NOT_APPLICABLE,no_selection_step,false,false
GPQA-D,LatentMAS,55,C,A,sender C on item 55,latentmas,MISSING,MISSING,,NOT_APPLICABLE,NOT_APPLICABLE,no_selection_step,false,false
GPQA-D,LatentMAS,56,A,B,sender A on item 56,latentmas,MISSING,MISSING,,NOT_APPLICABLE,NOT_APPLICABLE,no_selection_step,false,false
GPQA-D,LatentMAS,56,B,A,sender B on item 56,latentmas,MISSING,MISSING,,NOT_APPLICABLE,NOT_APPLICABLE,no_selection_step,false,false
GPQA-D,LatentMAS,56,B,C,sender B on item 56,latentmas,MISSING,MISSING,,NOT_APPLICABLE,NOT_APPLICABLE,no_selection_step,false,false
GPQA-D,LatentMAS,56,C,B,sender C on item 56,latentmas,MISSING,MISSING,,NOT_APPLICABLE,NOT_APPLICABLE,no_selection_step,false,false
GPQA-D,LatentMAS,58,A,B,sender A on item 58,latentmas,MISSING,MISSING,,NOT_APPLICABLE,NOT_APPLICABLE,no_selection_step,false,false
GPQA-D,LatentMAS,58,B,A,sender B on item 58,latentmas,MISSING,MISSING,,NOT_APPLICABLE,NOT_APPLICABLE,no_selection_step,false,false
GPQA-D,LatentMAS,58,B,C,sender B on item 58,latentmas,MISSING,MISSING,,NOT_APPLICABLE,NOT_APPLICABLE,no_selection_step,false,false
GPQA-D,LatentMAS,58,C,B,sender C on item 58,latentmas,MISSING,MISSING,,NOT_APPLICABLE,NOT_APPLICABLE,no_selection_step,false,false
GPQA-D,LatentMAS,62,A,B,sender A on item 62,latentmas,MISSING,MISSING,,NOT_APPLICABLE,NOT_APPLICABLE,no_selection_step,false,false
GPQA-D,LatentMAS,62,A,C,sender A on item 62,latentmas,MISSING,MISSING,,NOT_APPLICABLE,NOT_APPLICABLE,no_selection_step,false,false
GPQA-D,LatentMAS,62,B,A,sender B on item 62,latentmas,MISSING,MISSING,,NOT_APPLICABLE,NOT_APPLICABLE,no_selection_step,false,false
GPQA-D,LatentMAS,62,C,A,sender C on item 62,latentmas,MISSING,MISSING,,NOT_APPLICABLE,NOT_APPLICABLE,no_selection_step,false,false
GPQA-D,LatentMAS,63,A,B,sender A on item 63,latentmas,MISSING,MISSING,,NOT_APPLICABLE,NOT_APPLICABLE,no_selection_step,false,false
GPQA-D,LatentMAS,63,B,A,sender B on item 63,latentmas,MISSING,MISSING,,NOT_APPLICABLE,NOT_APPLICABLE,no_selection_step,false,false
GPQA-D,LatentMAS,63,B,C,sender B on item 63,latentmas,MISSING,MISSING,,NOT_APPLICABLE,NOT_APPLICABLE,no_selection_step,false,false
GPQA-D,LatentMAS,63,C,B,sender C on item 63,latentmas,MISSING,MISSING,,NOT_APPLICABLE,NOT_APPLICABLE,no_selection_step,false,false
GPQA-D,LatentMAS,65,A,B,sender A on item 65,latentmas,MISSING,MISSING,,NOT_APPLICABLE,NOT_APPLICABLE,no_selection_step,false,false
GPQA-D,LatentMAS,65,B,A,sender B on item 65,latentmas,MISSING,MISSING,,NOT_APPLICABLE,NOT_APPLICABLE,no_selection_step,false,false
GPQA-D,LatentMAS,65,B,C,sender B on item 65,latentmas,MISSING,MISSING,,NOT_APPLICABLE,NOT_APPLICABLE,no_selection_step,false,false
GPQA-D,LatentMAS,65,C,B,sender C on item 65,latentmas,MISSING,MISSING,,NOT_APPLICABLE,NOT_APPLICABLE,no_selection_step,false,false
GPQA-D,LatentMAS,71,A,C,sender A on item 71,latentmas,MISSING,MISSING,,NOT_APPLICABLE,NOT_APPLICABLE,no_selection_step,false,false
GPQA-D,LatentMAS,71,B,C,sender B on item 71,latentmas,MISSING,MISSING,,NOT_APPLICABLE,NOT_APPLICABLE,no_selection_step,false,false
GPQA-D,LatentMAS,71,C,A,sender C on item 71,latentmas,MISSING,MISSING,,NOT_APPLICABLE,NOT_APPLICABLE,no_selection_step,false,false
GPQA-D,LatentMAS,71,C,B,sender C on item 71,latentmas,MISSING,MISSING,,NOT_APPLICABLE,NOT_APPLICABLE,no_selection_step,false,false
GPQA-D,LatentMAS,75,A,B,sender A on item 75,latentmas,MISSING,MISSING,,NOT_APPLICABLE,NOT_APPLICABLE,no_selection_step,false,false
GPQA-D,LatentMAS,75,A,C,sender A on item 75,latentmas,MISSING,MISSING,,NOT_APPLICABLE,NOT_APPLICABLE,no_selection_step,false,false
GPQA-D,LatentMAS,75,B,A,sender B on item 75,latentmas,MISSING,MISSING,,NOT_APPLICABLE,NOT_APPLICABLE,no_selection_step,false,false
GPQA-D,LatentMAS,75,C,A,sender C on item 75,latentmas,MISSING,MISSING,,NOT_APPLICABLE,NOT_APPLICABLE,no_selection_step,false,false
GPQA-D,LatentMAS,82,A,B,sender A on item 82,latentmas,MISSING,MISSING,,NOT_APPLICABLE,NOT_APPLICABLE,no_selection_step,false,false
GPQA-D,LatentMAS,82,A,C,sender A on item 82,latentmas,MISSING,MISSING,,NOT_APPLICABLE,NOT_APPLICABLE,no_selection_step,false,false
GPQA-D,LatentMAS,82,B,A,sender B on item 82,latentmas,MISSING,MISSING,,NOT_APPLICABLE,NOT_APPLICABLE,no_selection_step,false,false
GPQA-D,LatentMAS,82,C,A,sender C on item 82,latentmas,MISSING,MISSING,,NOT_APPLICABLE,NOT_APPLICABLE,no_selection_step,false,false
GPQA-D,LatentMAS,91,A,B,sender A on item 91,latentmas,MISSING,MISSING,,NOT_APPLICABLE,NOT_APPLICABLE,no_selection_step,false,false
GPQA-D,LatentMAS,91,A,C,sender A on item 91,latentmas,MISSING,MISSING,,NOT_APPLICABLE,NOT_APPLICABLE,no_selection_step,false,false
GPQA-D,LatentMAS,91,B,A,sender B on item 91,latentmas,MISSING,MISSING,,NOT_APPLICABLE,NOT_APPLICABLE,no_selection_step,false,false
GPQA-D,LatentMAS,91,C,A,sender C on item 91,latentmas,MISSING,MISSING,,NOT_APPLICABLE,NOT_APPLICABLE,no_selection_step,false,false
GPQA-D,LatentMAS,93,A,B,sender A on item 93,latentmas,MISSING,MISSING,,NOT_APPLICABLE,NOT_APPLICABLE,no_selection_step,false,false
GPQA-D,LatentMAS,93,B,A,sender B on item 93,latentmas,MISSING,MISSING,,NOT_APPLICABLE,NOT_APPLICABLE,no_selection_step,false,false
GPQA-D,LatentMAS,93,B,C,sender B on item 93,latentmas,MISSING,MISSING,,NOT_APPLICABLE,NOT_APPLICABLE,no_selection_step,false,false
GPQA-D,LatentMAS,93,C,B,sender C on item 93,latentmas,MISSING,MISSING,,NOT_APPLICABLE,NOT_APPLICABLE,no_selection_step,false,false
GPQA-D,LatentMAS,94,A,B,sender A on item 94,latentmas,MISSING,MISSING,,NOT_APPLICABLE,NOT_APPLICABLE,no_selection_step,false,false
GPQA-D,LatentMAS,94,B,A,sender B on item 94,latentmas,MISSING,MISSING,,NOT_APPLICABLE,NOT_APPLICABLE,no_selection_step,false,false
GPQA-D,LatentMAS,94,B,C,sender B on item 94,latentmas,MISSING,MISSING,,NOT_APPLICABLE,NOT_APPLICABLE,no_selection_step,false,false
GPQA-D,LatentMAS,94,C,B,sender C on item 94,latentmas,MISSING,MISSING,,NOT_APPLICABLE,NOT_APPLICABLE,no_selection_step,false,false
GPQA-D,LatentMAS,95,A,B,sender A on item 95,latentmas,MISSING,MISSING,,NOT_APPLICABLE,NOT_APPLICABLE,no_selection_step,false,false
GPQA-D,LatentMAS,95,A,C,sender A on item 95,latentmas,MISSING,MISSING,,NOT_APPLICABLE,NOT_APPLICABLE,no_selection_step,false,false
GPQA-D,LatentMAS,95,B,A,sender B on item 95,latentmas,MISSING,MISSING,,NOT_APPLICABLE,NOT_APPLICABLE,no_selection_step,false,false
GPQA-D,LatentMAS,95,C,A,sender C on item 95,latentmas,MISSING,MISSING,,NOT_APPLICABLE,NOT_APPLICABLE,no_selection_step,false,false
GPQA-D,LatentMAS,96,A,B,sender A on item 96,latentmas,MISSING,MISSING,,NOT_APPLICABLE,NOT_APPLICABLE,no_selection_step,false,false
GPQA-D,LatentMAS,96,B,A,sender B on item 96,latentmas,MISSING,MISSING,,NOT_APPLICABLE,NOT_APPLICABLE,no_selection_step,false,false
GPQA-D,LatentMAS,96,B,C,sender B on item 96,latentmas,MISSING,MISSING,,NOT_APPLICABLE,NOT_APPLICABLE,no_selection_step,false,false
GPQA-D,LatentMAS,96,C,B,sender C on item 96,latentmas,MISSING,MISSING,,NOT_APPLICABLE,NOT_APPLICABLE,no_selection_step,false,false
GPQA-D,LatentMAS,99,A,C,sender A on item 99,latentmas,MISSING,MISSING,,NOT_APPLICABLE,NOT_APPLICABLE,no_selection_step,false,false
GPQA-D,LatentMAS,99,B,C,sender B on item 99,latentmas,MISSING,MISSING,,NOT_APPLICABLE,NOT_APPLICABLE,no_selection_step,false,false
GPQA-D,LatentMAS,99,C,A,sender C on item 99,latentmas,MISSING,MISSING,,NOT_APPLICABLE,NOT_APPLICABLE,no_selection_step,false,false
GPQA-D,LatentMAS,99,C,B,sender C on item 99,latentmas,MISSING,MISSING,,NOT_APPLICABLE,NOT_APPLICABLE,no_selection_step,false,false
GPQA-D,LatentMAS,102,A,B,sender A on item 102,latentmas,MISSING,MISSING,,NOT_APPLICABLE,NOT_APPLICABLE,no_selection_step,false,false
GPQA-D,LatentMAS,102,B,A,sender B on item 102,latentmas,MISSING,MISSING,,NOT_APPLICABLE,NOT_APPLICABLE,no_selection_step,false,false
GPQA-D,LatentMAS,102,B,C,sender B on item 102,latentmas,MISSING,MISSING,,NOT_APPLICABLE,NOT_APPLICABLE,no_selection_step,false,false
GPQA-D,LatentMAS,102,C,B,sender C on item 102,latentmas,MISSING,MISSING,,NOT_APPLICABLE,NOT_APPLICABLE,no_selection_step,false,false
GPQA-D,LatentMAS,104,A,B,sender A on item 104,latentmas,MISSING,MISSING,,NOT_APPLICABLE,NOT_APPLICABLE,no_selection_step,false,false
GPQA-D,LatentMAS,104,B,A,sender B on item 104,latentmas,MISSING,MISSING,,NOT_APPLICABLE,NOT_APPLICABLE,no_selection_step,false,false
GPQA-D,LatentMAS,104,B,C,sender B on item 104,latentmas,MISSING,MISSING,,NOT_APPLICABLE,NOT_APPLICABLE,no_selection_step,false,false
GPQA-D,LatentMAS,104,C,B,sender C on item 104,latentmas,MISSING,MISSING,,NOT_APPLICABLE,NOT_APPLICABLE,no_selection_step,false,false
GPQA-D,LatentMAS,105,A,B,sender A on item 105,latentmas,MISSING,MISSING,,NOT_APPLICABLE,NOT_APPLICABLE,no_selection_step,false,false
GPQA-D,LatentMAS,105,B,A,sender B on item 105,latentmas,MISSING,MISSING,,NOT_APPLICABLE,NOT_APPLICABLE,no_selection_step,false,false
GPQA-D,LatentMAS,105,B,C,sender B on item 105,latentmas,MISSING,MISSING,,NOT_APPLICABLE,NOT_APPLICABLE,no_selection_step,false,false
GPQA-D,LatentMAS,105,C,B,sender C on item 105,latentmas,MISSING,MISSING,,NOT_APPLICABLE,NOT_APPLICABLE,no_selection_step,false,false
GPQA-D,LatentMAS,108,A,B,sender A on item 108,latentmas,MISSING,MISSING,,NOT_APPLICABLE,NOT_APPLICABLE,no_selection_step,false,false
GPQA-D,LatentMAS,108,B,A,sender B on item 108,latentmas,MISSING,MISSING,,NOT_APPLICABLE,NOT_APPLICABLE,no_selection_step,false,false
GPQA-D,LatentMAS,108,B,C,sender B on item 108,latentmas,MISSING,MISSING,,NOT_APPLICABLE,NOT_APPLICABLE,no_selection_step,false,false
GPQA-D,LatentMAS,108,C,B,sender C on item 108,latentmas,MISSING,MISSING,,NOT_APPLICABLE,NOT_APPLICABLE,no_selection_step,false,false
GPQA-D,LatentMAS,112,A,B,sender A on item 112,latentmas,MISSING,MISSING,,NOT_APPLICABLE,NOT_APPLICABLE,no_selection_step,false,false
GPQA-D,LatentMAS,112,B,A,sender B on item 112,latentmas,MISSING,MISSING,,NOT_APPLICABLE,NOT_APPLICABLE,no_selection_step,false,false
GPQA-D,LatentMAS,112,B,C,sender B on item 112,latentmas,MISSING,MISSING,,NOT_APPLICABLE,NOT_APPLICABLE,no_selection_step,false,false
GPQA-D,LatentMAS,112,C,B,sender C on item 112,latentmas,MISSING,MISSING,,NOT_APPLICABLE,NOT_APPLICABLE,no_selection_step,false,false
GPQA-D,LatentMAS,114,A,C,sender A on item 114,latentmas,MISSING,MISSING,,NOT_APPLICABLE,NOT_APPLICABLE,no_selection_step,false,false
GPQA-D,LatentMAS,114,B,C,sender B on item 114,latentmas,MISSING,MISSING,,NOT_APPLICABLE,NOT_APPLICABLE,no_selection_step,false,false
GPQA-D,LatentMAS,114,C,A,sender C on item 114,latentmas,MISSING,MISSING,,NOT_APPLICABLE,NOT_APPLICABLE,no_selection_step,false,false
GPQA-D,LatentMAS,114,C,B,sender C on item 114,latentmas,MISSING,MISSING,,NOT_APPLICABLE,NOT_APPLICABLE,no_selection_step,false,false
GPQA-D,LatentMAS,119,A,B,sender A on item 119,latentmas,MISSING,MISSING,,NOT_APPLICABLE,NOT_APPLICABLE,no_selection_step,false,false
GPQA-D,LatentMAS,119,A,C,sender A on item 119,latentmas,MISSING,MISSING,,NOT_APPLICABLE,NOT_APPLICABLE,no_selection_step,false,false
GPQA-D,LatentMAS,119,B,A,sender B on item 119,latentmas,MISSING,MISSING,,NOT_APPLICABLE,NOT_APPLICABLE,no_selection_step,false,false
GPQA-D,LatentMAS,119,C,A,sender C on item 119,latentmas,MISSING,MISSING,,NOT_APPLICABLE,NOT_APPLICABLE,no_selection_step,false,false
GPQA-D,LatentMAS,124,A,B,sender A on item 124,latentmas,MISSING,MISSING,,NOT_APPLICABLE,NOT_APPLICABLE,no_selection_step,false,false
GPQA-D,LatentMAS,124,B,A,sender B on item 124,latentmas,MISSING,MISSING,,NOT_APPLICABLE,NOT_APPLICABLE,no_selection_step,false,false
GPQA-D,LatentMAS,124,B,C,sender B on item 124,latentmas,MISSING,MISSING,,NOT_APPLICABLE,NOT_APPLICABLE,no_selection_step,false,false
GPQA-D,LatentMAS,124,C,B,sender C on item 124,latentmas,MISSING,MISSING,,NOT_APPLICABLE,NOT_APPLICABLE,no_selection_step,false,false
GPQA-D,LatentMAS,130,A,C,sender A on item 130,latentmas,MISSING,MISSING,,NOT_APPLICABLE,NOT_APPLICABLE,no_selection_step,false,false
GPQA-D,LatentMAS,130,B,C,sender B on item 130,latentmas,MISSING,MISSING,,NOT_APPLICABLE,NOT_APPLICABLE,no_selection_step,false,false
GPQA-D,LatentMAS,130,C,A,sender C on item 130,latentmas,MISSING,MISSING,,NOT_APPLICABLE,NOT_APPLICABLE,no_selection_step,false,false
GPQA-D,LatentMAS,130,C,B,sender C on item 130,latentmas,MISSING,MISSING,,NOT_APPLICABLE,NOT_APPLICABLE,no_selection_step,false,false
GPQA-D,LatentMAS,131,A,C,sender A on item 131,latentmas,MISSING,MISSING,,NOT_APPLICABLE,NOT_APPLICABLE,no_selection_step,false,false
GPQA-D,LatentMAS,131,B,C,sender B on item 131,latentmas,MISSING,MISSING,,NOT_APPLICABLE,NOT_APPLICABLE,no_selection_step,false,false
GPQA-D,LatentMAS,131,C,A,sender C on item 131,latentmas,MISSING,MISSING,,NOT_APPLICABLE,NOT_APPLICABLE,no_selection_step,false,false
GPQA-D,LatentMAS,131,C,B,sender C on item 131,latentmas,MISSING,MISSING,,NOT_APPLICABLE,NOT_APPLICABLE,no_selection_step,false,false
GPQA-D,LatentMAS,136,A,C,sender A on item 136,latentmas,MISSING,MISSING,,NOT_APPLICABLE,NOT_APPLICABLE,no_selection_step,false,false
GPQA-D,LatentMAS,136,B,C,sender B on item 136,latentmas,MISSING,MISSING,,NOT_APPLICABLE,NOT_APPLICABLE,no_selection_step,false,false
GPQA-D,LatentMAS,136,C,A,sender C on item 136,latentmas,MISSING,MISSING,,NOT_APPLICABLE,NOT_APPLICABLE,no_selection_step,false,false
GPQA-D,LatentMAS,136,C,B,sender C on item 136,latentmas,MISSING,MISSING,,NOT_APPLICABLE,NOT_APPLICABLE,no_selection_step,false,false
GPQA-D,LatentMAS,139,A,B,sender A on item 139,latentmas,MISSING,MISSING,,NOT_APPLICABLE,NOT_APPLICABLE,no_selection_step,false,false
GPQA-D,LatentMAS,139,B,A,sender B on item 139,latentmas,MISSING,MISSING,,NOT_APPLICABLE,NOT_APPLICABLE,no_selection_step,false,false
GPQA-D,LatentMAS,139,B,C,sender B on item 139,latentmas,MISSING,MISSING,,NOT_APPLICABLE,NOT_APPLICABLE,no_selection_step,false,false
GPQA-D,LatentMAS,139,C,B,sender C on item 139,latentmas,MISSING,MISSING,,NOT_APPLICABLE,NOT_APPLICABLE,no_selection_step,false,false
GPQA-D,LatentMAS,140,A,B,sender A on item 140,latentmas,MISSING,MISSING,,NOT_APPLICABLE,NOT_APPLICABLE,no_selection_step,false,false
GPQA-D,LatentMAS,140,A,C,sender A on item 140,latentmas,MISSING,MISSING,,NOT_APPLICABLE,NOT_APPLICABLE,no_selection_step,false,false
GPQA-D,LatentMAS,140,B,A,sender B on item 140,latentmas,MISSING,MISSING,,NOT_APPLICABLE,NOT_APPLICABLE,no_selection_step,false,false
GPQA-D,LatentMAS,140,C,A,sender C on item 140,latentmas,MISSING,MISSING,,NOT_APPLICABLE,NOT_APPLICABLE,no_selection_step,false,false
GPQA-D,LatentMAS,141,A,C,sender A on item 141,latentmas,MISSING,MISSING,,NOT_APPLICABLE,NOT_APPLICABLE,no_selection_step,false,false
GPQA-D,LatentMAS,141,B,C,sender B on item 141,latentmas,MISSING,MISSING,,NOT_APPLICABLE,NOT_APPLICABLE,no_selection_step,false,false
GPQA-D,LatentMAS,141,C,A,sender C on item 141,latentmas,MISSING,MISSING,,NOT_APPLICABLE,NOT_APPLICABLE,no_selection_step,false,false
GPQA-D,LatentMAS,141,C,B,sender C on item 141,latentmas,MISSING,MISSING,,NOT_APPLICABLE,NOT_APPLICABLE,no_selection_step,false,false
GPQA-D,LatentMAS,142,A,C,sender A on item 142,latentmas,MISSING,MISSING,,NOT_APPLICABLE,NOT_APPLICABLE,no_selection_step,false,false
GPQA-D,LatentMAS,142,B,C,sender B on item 142,latentmas,MISSING,MISSING,,NOT_APPLICABLE,NOT_APPLICABLE,no_selection_step,false,false
GPQA-D,LatentMAS,142,C,A,sender C on item 142,latentmas,MISSING,MISSING,,NOT_APPLICABLE,NOT_APPLICABLE,no_selection_step,false,false
GPQA-D,LatentMAS,142,C,B,sender C on item 142,latentmas,MISSING,MISSING,,NOT_APPLICABLE,NOT_APPLICABLE,no_selection_step,false,false
GPQA-D,LatentMAS,144,A,C,sender A on item 144,latentmas,MISSING,MISSING,,NOT_APPLICABLE,NOT_APPLICABLE,no_selection_step,false,false
GPQA-D,LatentMAS,144,B,C,sender B on item 144,latentmas,MISSING,MISSING,,NOT_APPLICABLE,NOT_APPLICABLE,no_selection_step,false,false
GPQA-D,LatentMAS,144,C,A,sender C on item 144,latentmas,MISSING,MISSING,,NOT_APPLICABLE,NOT_APPLICABLE,no_selection_step,false,false
GPQA-D,LatentMAS,144,C,B,sender C on item 144,latentmas,MISSING,MISSING,,NOT_APPLICABLE,NOT_APPLICABLE,no_selection_step,false,false
GPQA-D,LatentMAS,154,A,C,sender A on item 154,latentmas,MISSING,MISSING,,NOT_APPLICABLE,NOT_APPLICABLE,no_selection_step,false,false
GPQA-D,LatentMAS,154,B,C,sender B on item 154,latentmas,MISSING,MISSING,,NOT_APPLICABLE,NOT_APPLICABLE,no_selection_step,false,false
GPQA-D,LatentMAS,154,C,A,sender C on item 154,latentmas,MISSING,MISSING,,NOT_APPLICABLE,NOT_APPLICABLE,no_selection_step,false,false
GPQA-D,LatentMAS,154,C,B,sender C on item 154,latentmas,MISSING,MISSING,,NOT_APPLICABLE,NOT_APPLICABLE,no_selection_step,false,false
GPQA-D,LatentMAS,155,A,B,sender A on item 155,latentmas,MISSING,MISSING,,NOT_APPLICABLE,NOT_APPLICABLE,no_selection_step,false,false
GPQA-D,LatentMAS,155,B,A,sender B on item 155,latentmas,MISSING,MISSING,,NOT_APPLICABLE,NOT_APPLICABLE,no_selection_step,false,false
GPQA-D,LatentMAS,155,B,C,sender B on item 155,latentmas,MISSING,MISSING,,NOT_APPLICABLE,NOT_APPLICABLE,no_selection_step,false,false
GPQA-D,LatentMAS,155,C,B,sender C on item 155,latentmas,MISSING,MISSING,,NOT_APPLICABLE,NOT_APPLICABLE,no_selection_step,false,false
GPQA-D,LatentMAS,160,A,C,sender A on item 160,latentmas,MISSING,MISSING,,NOT_APPLICABLE,NOT_APPLICABLE,no_selection_step,false,false
GPQA-D,LatentMAS,160,B,C,sender B on item 160,latentmas,MISSING,MISSING,,NOT_APPLICABLE,NOT_APPLICABLE,no_selection_step,false,false
GPQA-D,LatentMAS,160,C,A,sender C on item 160,latentmas,MISSING,MISSING,,NOT_APPLICABLE,NOT_APPLICABLE,no_selection_step,false,false
GPQA-D,LatentMAS,160,C,B,sender C on item 160,latentmas,MISSING,MISSING,,NOT_APPLICABLE,NOT_APPLICABLE,no_selection_step,false,false
GPQA-D,LatentMAS,162,A,B,sender A on item 162,latentmas,MISSING,MISSING,,NOT_APPLICABLE,NOT_APPLICABLE,no_selection_step,false,false
GPQA-D,LatentMAS,162,B,A,sender B on item 162,latentmas,MISSING,MISSING,,NOT_APPLICABLE,NOT_APPLICABLE,no_selection_step,false,false
GPQA-D,LatentMAS,162,B,C,sender B on item 162,latentmas,MISSING,MISSING,,NOT_APPLICABLE,NOT_APPLICABLE,no_selection_step,false,false
GPQA-D,LatentMAS,162,C,B,sender C on item 162,latentmas,MISSING,MISSING,,NOT_APPLICABLE,NOT_APPLICABLE,no_selection_step,false,false
GPQA-D,LatentMAS,163,A,B,sender A on item 163,latentmas,MISSING,MISSING,,NOT_APPLICABLE,NOT_APPLICABLE,no_selection_step,false,false
GPQA-D,LatentMAS,163,A,C,sender A on item 163,latentmas,MISSING,MISSING,,NOT_APPLICABLE,NOT_APPLICABLE,no_selection_step,false,false
GPQA-D,LatentMAS,163,B,A,sender B on item 163,latentmas,MISSING,MISSING,,NOT_APPLICABLE,NOT_APPLICABLE,no_selection_step,false,false
GPQA-D,LatentMAS,163,C,A,sender C on item 163,latentmas,MISSING,MISSING,,NOT_APPLICABLE,NOT_APPLICABLE,no_selection_step,false,false
GPQA-D,LatentMAS,171,A,B,sender A on item 171,latentmas,MISSING,MISSING,,NOT_APPLICABLE,NOT_APPLICABLE,no_selection_step,false,false
GPQA-D,LatentMAS,171,A,C,sender A on item 171,latentmas,MISSING,MISSING,,NOT_APPLICABLE,NOT_APPLICABLE,no_selection_step,false,false
GPQA-D,LatentMAS,171,B,A,sender B on item 171,latentmas,MISSING,MISSING,,NOT_APPLICABLE,NOT_APPLICABLE,no_selection_step,false,false
GPQA-D,LatentMAS,171,C,A,sender C on item 171,latentmas,MISSING,MISSING,,NOT_APPLICABLE,NOT_APPLICABLE,no_selection_step,false,false
GPQA-D,LatentMAS,173,A,C,sender A on item 173,latentmas,MISSING,MISSING,,NOT_APPLICABLE,NOT_APPLICABLE,no_selection_step,false,false
GPQA-D,LatentMAS,173,B,C,sender B on item 173,latentmas,MISSING,MISSING,,NOT_APPLICABLE,NOT_APPLICABLE,no_selection_step,false,false
GPQA-D,LatentMAS,173,C,A,sender C on item 173,latentmas,MISSING,MISSING,,NOT_APPLICABLE,NOT_APPLICABLE,no_selection_step,false,false
GPQA-D,LatentMAS,173,C,B,sender C on item 173,latentmas,MISSING,MISSING,,NOT_APPLICABLE,NOT_APPLICABLE,no_selection_step,false,false
GPQA-D,LatentMAS,174,A,C,sender A on item 174,latentmas,MISSING,MISSING,,NOT_APPLICABLE,NOT_APPLICABLE,no_selection_step,false,false
GPQA-D,LatentMAS,174,B,C,sender B on item 174,latentmas,MISSING,MISSING,,NOT_APPLICABLE,NOT_APPLICABLE,no_selection_step,false,false
GPQA-D,LatentMAS,174,C,A,sender C on item 174,latentmas,MISSING,MISSING,,NOT_APPLICABLE,NOT_APPLICABLE,no_selection_step,false,false
GPQA-D,LatentMAS,174,C,B,sender C on item 174,latentmas,MISSING,MISSING,,NOT_APPLICABLE,NOT_APPLICABLE,no_selection_step,false,false
GPQA-D,LatentMAS,185,A,B,sender A on item 185,latentmas,MISSING,MISSING,,NOT_APPLICABLE,NOT_APPLICABLE,no_selection_step,false,false
GPQA-D,LatentMAS,185,B,A,sender B on item 185,latentmas,MISSING,MISSING,,NOT_APPLICABLE,NOT_APPLICABLE,no_selection_step,false,false
GPQA-D,LatentMAS,185,B,C,sender B on item 185,latentmas,MISSING,MISSING,,NOT_APPLICABLE,NOT_APPLICABLE,no_selection_step,false,false
GPQA-D,LatentMAS,185,C,B,sender C on item 185,latentmas,MISSING,MISSING,,NOT_APPLICABLE,NOT_APPLICABLE,no_selection_step,false,false
GPQA-D,LatentMAS,194,A,B,sender A on item 194,latentmas,MISSING,MISSING,,NOT_APPLICABLE,NOT_APPLICABLE,no_selection_step,false,false
GPQA-D,LatentMAS,194,A,C,sender A on item 194,latentmas,MISSING,MISSING,,NOT_APPLICABLE,NOT_APPLICABLE,no_selection_step,false,false
GPQA-D,LatentMAS,194,B,A,sender B on item 194,latentmas,MISSING,MISSING,,NOT_APPLICABLE,NOT_APPLICABLE,no_selection_step,false,false
GPQA-D,LatentMAS,194,C,A,sender C on item 194,latentmas,MISSING,MISSING,,NOT_APPLICABLE,NOT_APPLICABLE,no_selection_step,false,false
